6230.city,OISE,BOISE
14004.gender,xF,F
1137.childexemp,***,0
12827.state,vDC,DC
18377.singleexemp,***,0
12984.marriedexemp,,0
3327.state,IyD,ID
11767.singleexemp,m0,0
5694.childexemp,u0,0
8150.state,CD,DC
19682.gender,***,F
16283.childexemp,200,2000
10393.city,WAKEFIElLD,WAKEFIELD
2270.childexemp,0,40
16778.city,CAOLINA,CAROLINA
9352.state,DmC,DC
6461.city,iBEE,BEE
6541.city,CLINTNO,CLINTON
14147.singleexemp,***,0
1306.singleexemp,,0
6195.gender,***,F
17391.singleexemp,***,0
15036.childexemp,2100,1200
11243.singleexemp,***,0
16683.gender,***,F
3082.city,ATILLO,HATILLO
14615.marriedexemp,***,0
18566.childexemp,***,0
13337.childexemp,***,0
19739.marriedexemp,d0,0
13423.state,CD,DC
966.gender,sF,F
9158.childexemp,***,0
15090.childexemp,,0
11826.city,ANOVANAS,CANOVANAS
16446.gender,aF,F
15763.gender,,F
6721.gender,,F
18123.city,CHINO ALLEY,CHINO VALLEY
17016.childexemp,***,0
10260.singleexemp,***,0
4717.state,C,DC
8548.city,CHjARLESTON,CHARLESTON
19239.state,xNM,NM
9971.marriedexemp,,0
933.childexemp,330,3300
16737.state,T,CT
1699.childexemp,000,1000
12551.city,CAM GULCH,CLAM GULCH
983.state,DdC,DC
11683.gender,***,F
18628.childexemp,,0
13893.state,I,HI
12662.marriedexemp,,0
8769.state,CD,DC
13919.marriedexemp,***,0
19281.gender,,M
558.singleexemp,,0
5179.gender,vM,M
1376.state,C,DC
8221.marriedexemp,20v00,2000
8048.gender,,M
12915.state,CD,DC
6228.marriedexemp,z0,0
10133.state,mDC,DC
5156.singleexemp,x0,0
15629.childexemp,w0,0
1208.childexemp,,0
3344.childexemp,***,0
18812.state,VN,NV
6995.city,CASCADEx LOCKS,CASCADE LOCKS
14237.state,HlI,HI
9792.marriedexemp,,0
16120.marriedexemp,***,0
16317.childexemp,k0,0
14736.singleexemp,t0,0
10072.state,C,DC
18649.marriedexemp,,0
14849.singleexemp,***,0
7448.state,A,GA
2272.city,LITTLE EAGwLE,LITTLE EAGLE
12953.gender,***,F
14112.city,CHESTRFIELD,CHESTERFIELD
599.marriedexemp,,0
19443.childexemp,,0
19030.city,CARSN CITY,CARSON CITY
6970.state,IbA,IA
14396.state,MnO,MO
13249.gender,zF,F
2955.childexemp,,0
9067.marriedexemp,***,0
16840.marriedexemp,***,0
4150.childexemp,x0,0
3757.marriedexemp,***,0
4679.state,IH,HI
14277.childexemp,330i0,3300
15821.marriedexemp,y0,0
5980.childexemp,,0
1256.state,IR,RI
19294.singleexemp,,0
17877.childexemp,,0
12618.city,BSUH,BUSH
9833.state,zDC,DC
16046.singleexemp,d0,0
15356.singleexemp,,0
9543.childexemp,***,0
17021.gender,yF,F
4395.marriedexemp,***,0
18530.childexemp,c0,0
10794.city,PORTALND,PORTLAND
4498.state,IH,HI
2723.state,CD,DC
4435.gender,cF,F
8982.state,nDC,DC
7729.singleexemp,j0,0
10355.marriedexemp,***,0
15136.gender,pF,F
12700.singleexemp,,0
15281.marriedexemp,,0
11951.singleexemp,f0,0
10652.city,CHRLESTON,CHARLESTON
5939.state,CD,DC
7199.state,C,DC
14272.state,YW,WY
866.state,C,DC
10900.childexemp,,0
8532.gender,,F
19115.city,cTAMPA,TAMPA
19015.gender,wF,F
14747.gender,rF,F
6443.state,C,DC
10032.singleexemp,***,0
6247.city,PLEASANT VALLEpY,PLEASANT VALLEY
2881.marriedexemp,***,0
14730.city,CSUICK,CUSICK
13366.gender,,F
1322.gender,***,F
3436.marriedexemp,200,4200
15180.singleexemp,***,0
8499.state,VN,NV
938.city,MEOCSTA,MECOSTA
19176.city,MARYgDEL,MARYDEL
3416.state,CD,DC
14857.childexemp,e0,0
6843.city,RPATTS,PRATTS
11673.gender,rF,F
7968.state,sDC,DC
19139.gender,***,M
12466.singleexemp,***,0
10034.state,CD,DC
13338.marriedexemp,i0,0
3566.gender,,F
11194.state,Z,AZ
2258.state,AG,GA
13315.gender,,F
15947.state,sMI,MI
14251.marriedexemp,***,0
9249.state,CD,DC
13618.state,DcC,DC
13988.state,I,HI
7662.state,IH,HI
6781.state,C,DC
8927.gender,pF,F
8718.gender,aM,M
10054.marriedexemp,o0,0
19766.childexemp,,0
19892.state,A,GA
9653.gender,,M
15750.state,A,IA
15582.city,YNDONVILLE,LYNDONVILLE
16035.gender,kF,F
5974.state,oNJ,NJ
18061.childexemp,y0,0
12726.childexemp,,0
4842.gender,,F
16635.state,DI,ID
17957.singleexemp,***,0
14105.marriedexemp,,0
10989.childexemp,***,0
13812.state,V,NV
8917.childexemp,300,3300
19677.marriedexemp,,0
10751.gender,dF,F
16911.childexemp,,0
19789.marriedexemp,,0
10747.gender,***,F
1103.state,PuA,PA
17353.childexemp,e0,0
15840.marriedexemp,u0,0
5943.childexemp,,0
8232.city,BRONON,BRONSON
9609.marriedexemp,,0
7677.singleexemp,,0
763.marriedexemp,,0
2066.marriedexemp,g0,0
11661.singleexemp,,0
11971.singleexemp,***,0
8784.state,IoD,ID
11336.marriedexemp,***,0
1442.childexemp,22,272
4070.city,WAIKLOA,WAIKOLOA
9663.marriedexemp,,0
6409.state,OM,MO
9223.city,ORMAN,NORMAN
19185.childexemp,***,0
17823.childexemp,c0,0
8588.state,CD,DC
13467.city,GLEN HVEN,GLEN HAVEN
9072.state,O,MO
6995.childexemp,***,0
14340.state,MN,NM
14902.city,ARMEL,CARMEL
4003.city,ANDALUIA,ANDALUSIA
11909.singleexemp,,0
5903.state,CD,DC
9332.state,VN,NV
18696.city,WAELS,WALES
3108.city,CATAuNO,CATANO
16037.city,CLAWON,CLAWSON
10876.city,NEW ALANY,NEW ALBANY
8026.state,IH,HI
13308.state,I,HI
15409.state,J,NJ
11905.state,AI,IA
19191.state,DM,MD
2597.state,DS,SD
9587.city,MERRILL***,MERRILL
13047.city,CAPULNI,CAPULIN
9716.singleexemp,***,0
10168.singleexemp,c0,0
5972.gender,mF,F
9206.singleexemp,***,0
6105.state,I,HI
55.singleexemp,,0
14452.gender,iF,F
693.city,SEAzRSMONT,SEARSMONT
19491.state,nID,ID
12846.city,CLEAROMNT,CLEARMONT
7722.childexemp,,0
19434.singleexemp,3300***,3300
1399.marriedexemp,m0,0
9862.childexemp,***,0
12959.state,IwA,IA
18798.childexemp,***,0
18144.marriedexemp,***,0
13842.state,D,ID
6965.gender,,M
11769.state,tNJ,NJ
14436.childexemp,,0
12334.marriedexemp,,0
16832.state,vID,ID
2917.singleexemp,130,103
15313.singleexemp,j0,0
8849.childexemp,,0
13236.marriedexemp,i0,0
12188.state,J,NJ
12946.state,DjC,DC
14.childexemp,,0
7387.state,E,ME
11282.singleexemp,i0,0
2241.city,SUTrTON,SUTTON
17507.singleexemp,,0
12656.singleexemp,l0,0
10442.childexemp,c0,0
6002.city,WALLAGRSS,WALLAGRASS
18932.gender,***,F
5636.marriedexemp,,0
18258.state,AI,IA
7452.singleexemp,***,0
7957.gender,oF,F
7346.gender,,F
4935.singleexemp,***,0
2056.state,CD,DC
19898.state,A,IA
17981.childexemp,,0
13680.city,CHAMOSI,CHAMOIS
4932.childexemp,***,0
11815.childexemp,w0,0
18490.gender,***,M
16661.singleexemp,***,0
8209.state,AG,GA
14855.childexemp,,0
18314.state,AI,IA
4661.state,fCO,CO
15629.singleexemp,,0
11517.singleexemp,***,0
3683.marriedexemp,u0,0
743.state,I,WI
9329.singleexemp,x0,0
6776.singleexemp,***,0
15395.singleexemp,i0,0
14457.state,SK,KS
19182.singleexemp,,0
2054.childexemp,,0
17995.state,LI,IL
14326.state,HyI,HI
13153.singleexemp,,0
14189.singleexemp,200,2000
17365.state,IoD,ID
7504.city,CwATANO,CATANO
2799.city,MADISNO,MADISON
6063.city,GLEN ROvCK,GLEN ROCK
2325.state,C,DC
10556.childexemp,***,0
7144.state,C,DC
12705.childexemp,t0,0
9289.state,A,IA
9675.singleexemp,***,0
14865.childexemp,***,0
18157.marriedexemp,4m000,4000
5482.childexemp,20a00,2000
12338.gender,aM,M
19979.city,AVOUR,CAVOUR
12738.city,CHAPdMAN,CHAPMAN
10758.singleexemp,q0,0
10588.marriedexemp,e0,0
3272.childexemp,***,0
12079.city,CENTRExVILLE,CENTREVILLE
14509.city,DEAL ILSAND,DEAL ISLAND
362.city,SPENER,SPENCER
9950.childexemp,a0,0
3987.singleexemp,***,0
16675.gender,,F
16718.childexemp,m3300,3300
4795.gender,,F
19391.singleexemp,***,0
9365.gender,wF,F
16710.state,OM,MO
4225.singleexemp,,0
19966.marriedexemp,y0,0
17291.childexemp,,0
5116.singleexemp,0200,2000
11292.childexemp,72,272
5425.marriedexemp,z0,0
18738.city,HARTFROD,HARTFORD
13989.marriedexemp,,0
7747.marriedexemp,,0
9018.city,CHYEENNE,CHEYENNE
12976.childexemp,***,0
7264.state,CD,DC
8648.childexemp,200,2400
2987.city,EKLLY,KELLY
4755.state,CtA,CA
16667.state,DI,ID
12930.state,D,ID
9839.city,CLAYVILEL,CLAYVILLE
8082.marriedexemp,,0
5532.gender,***,F
19788.singleexemp,***,0
12580.childexemp,***,0
7886.city,CHALOTTE,CHARLOTTE
19121.singleexemp,e0,0
6471.state,CD,DC
14530.gender,***,F
5162.singleexemp,,0
13038.singleexemp,n0,0
16099.childexemp,b0,0
16366.gender,***,F
12179.childexemp,f0,0
19300.childexemp,m0,0
17305.city,CENTE RPOINT,CENTER POINT
8553.state,T,CT
17543.city,CLEVELAD,CLEVELAND
15466.singleexemp,3300***,3300
5349.state,I,HI
12558.state,E,NE
19878.marriedexemp,000,9000
1222.gender,bM,M
15961.state,I,HI
10380.childexemp,n0,0
3771.singleexemp,,0
9848.state,DI,ID
11901.gender,fF,F
18138.marriedexemp,x0,0
5747.gender,,F
2863.singleexemp,330v0,3300
8231.city,CAwSPER,CASPER
14324.childexemp,a0,0
19737.singleexemp,***,0
8819.gender,,F
13677.marriedexemp,,0
13685.city,HILLSORO,HILLSBORO
13506.childexemp,***,0
16163.marriedexemp,***,0
19500.childexemp,***,0
19092.marriedexemp,,0
9631.state,C,DC
17208.city,MUSSLSHELL,MUSSELSHELL
7439.city,QUAKER ILL,QUAKER HILL
14004.singleexemp,,0
12790.singleexemp,j0,0
15536.childexemp,,0
11911.childexemp,300,1300
19647.state,N,IN
16441.city,CLACKMAAS,CLACKAMAS
13055.gender,***,F
17642.gender,,F
3984.marriedexemp,570l0,5700
16422.marriedexemp,***,0
9678.marriedexemp,08,80
6830.marriedexemp,***,0
10444.state,DI,ID
783.childexemp,,0
8923.gender,mF,F
10702.marriedexemp,420b0,4200
3751.state,DS,SD
6751.city,COEUxR D ALENE,COEUR D ALENE
4839.state,AI,IA
12892.state,DI,ID
15640.gender,uF,F
18750.gender,cF,F
7844.singleexemp,,0
11147.gender,,F
17670.singleexemp,k0,0
10613.marriedexemp,5400***,5400
7315.marriedexemp,147,174
3400.marriedexemp,t0,0
14503.city,HARITON,CHARITON
10041.childexemp,j0,0
17450.marriedexemp,***,0
4525.city,GDIEON,GIDEON
13254.state,DI,ID
3966.marriedexemp,,0
1515.marriedexemp,***,0
6601.marriedexemp,17r4,174
671.gender,pF,F
11052.marriedexemp,h0,0
8646.singleexemp,10,110
12296.state,tHI,HI
7013.childexemp,1900***,1900
4798.state,sIA,IA
11498.state,DI,ID
15420.city,CAOMO,COAMO
13520.state,A,GA
3634.gender,***,M
5792.state,D,ID
14604.marriedexemp,t0,0
14524.state,IbD,ID
18347.singleexemp,x0,0
13746.city,CARWRIGHT,CARTWRIGHT
13652.gender,iF,F
19612.singleexemp,,0
15523.state,X,TX
10901.gender,***,F
10318.gender,,F
11237.singleexemp,900***,900
17957.state,D,ID
14656.childexemp,59,159
11189.state,C,DC
19250.state,A,IA
13841.singleexemp,m0,0
16579.singleexemp,,0
18470.city,NEWRK,NEWARK
9902.singleexemp,,0
2289.state,CD,DC
10939.state,D,ID
17333.marriedexemp,p0,0
17864.city,CARIRNGTON,CARRINGTON
6433.gender,,F
5162.state,IsD,ID
5628.state,DgC,DC
682.state,CD,DC
19177.singleexemp,,0
4901.singleexemp,t0,0
17150.gender,***,F
8128.city,AIKU-*,HAIKU-*
3052.childexemp,900,1900
19713.marriedexemp,,0
17338.marriedexemp,***,0
19183.state,C,SC
7685.gender,,F
12775.singleexemp,,0
4464.singleexemp,q0,0
15445.state,J,NJ
3460.marriedexemp,,0
19046.childexemp,,0
18900.state,C,NC
17845.state,HkI,HI
10615.state,C,DC
17751.childexemp,,0
229.gender,,M
10419.singleexemp,o0,0
2173.gender,***,F
5840.state,I,HI
17952.childexemp,i0,0
17892.gender,***,F
11360.singleexemp,f0,0
1775.marriedexemp,450l0,4500
8701.city,LAK DELTON,LAKE DELTON
15088.marriedexemp,u0,0
16070.childexemp,n0,0
15583.singleexemp,,0
10077.city,NnEAL,NEAL
16193.singleexemp,***,0
16925.childexemp,***,0
19330.singleexemp,,0
14028.state,C,NC
6614.city,CLYTON,CLAYTON
5199.state,CD,DC
4307.gender,oF,F
10720.gender,***,F
8270.childexemp,***,0
14228.gender,***,F
15941.city,CASVILLE,CASSVILLE
17515.gender,,F
12949.state,lDC,DC
14722.marriedexemp,***,0
18127.state,NlJ,NJ
5429.gender,cF,F
10315.singleexemp,d0,0
2343.marriedexemp,n0,0
6864.city,AFOTN,AFTON
17804.city,MOREAND,MORELAND
4862.marriedexemp,0300,3000
10384.singleexemp,,0
10383.childexemp,,0
19798.singleexemp,p0,0
19965.marriedexemp,,0
17281.city,CHURCHVILLkE,CHURCHVILLE
5130.state,C,DC
9026.childexemp,330c0,3300
2112.marriedexemp,6060,6600
5842.marriedexemp,***,0
11738.gender,***,F
16634.childexemp,g0,0
3625.marriedexemp,,0
11275.gender,***,M
9376.city,CEBOLLfA,CEBOLLA
7882.state,I,HI
19767.gender,eF,F
10100.childexemp,300,3300
19456.marriedexemp,,0
12030.city,PERY,PERRY
8636.singleexemp,***,0
16475.city,CHARLSETOWN,CHARLESTOWN
3361.state,NkD,ND
2161.state,C,DC
10607.state,DuC,DC
1762.marriedexemp,g0,0
9903.state,RP,PR
8221.city,VEEtDERSBURG,VEEDERSBURG
14102.city,ASEVILLE,ASHEVILLE
12540.state,C,DC
19743.childexemp,i0,0
9462.state,IkD,ID
14144.childexemp,***,0
9040.city,CARSON ICTY,CARSON CITY
9566.state,D,ID
12504.state,E,DE
18275.childexemp,,0
12598.singleexemp,,0
16345.city,MANbCHESTER,MANCHESTER
15082.marriedexemp,,0
18682.gender,,F
9424.gender,***,M
19145.singleexemp,3300***,3300
16661.childexemp,,0
9407.city,BqERNARDSVILLE,BERNARDSVILLE
12444.singleexemp,,0
9863.state,IH,HI
5208.city,BULE EARTH,BLUE EARTH
3925.gender,***,F
18584.city,CbIALES,CIALES
7597.state,NI,IN
8467.state,DI,ID
18497.city,CLAMYONT,CLAYMONT
12370.state,bKY,KY
3827.marriedexemp,,0
738.childexemp,***,0
5015.marriedexemp,e0,0
16331.singleexemp,***,0
10240.state,DlC,DC
8146.gender,eM,M
10889.gender,fM,M
10621.state,C,DC
14025.childexemp,g0,0
12296.childexemp,***,0
9585.city,METLAKALTA,METLAKATLA
18647.state,IH,HI
10804.childexemp,1000***,1000
16278.singleexemp,2700***,2700
11417.marriedexemp,6z600,6600
14707.gender,***,F
5234.state,McN,MN
4099.state,C,DC
10621.gender,gF,F
12816.childexemp,***,0
5692.state,DtC,DC
19536.state,xNJ,NJ
11923.singleexemp,n20,20
6249.singleexemp,,0
18327.singleexemp,***,0
6157.state,CD,DC
4517.singleexemp,***,0
13697.state,zOH,OH
6720.singleexemp,4500***,4500
9875.childexemp,g0,0
3408.marriedexemp,v0,0
14532.state,TbX,TX
1310.gender,qF,F
16635.singleexemp,z0,0
2627.state,Y,KY
18487.gender,aF,F
19853.city,INDIANAOLIS,INDIANAPOLIS
17219.marriedexemp,,0
12275.childexemp,,0
16153.gender,***,F
7426.city,MARLBORUGH,MARLBOROUGH
11888.singleexemp,***,0
6280.city,NEW IBERIxA,NEW IBERIA
5662.state,kDC,DC
12907.singleexemp,l0,0
17302.state,IsD,ID
14463.marriedexemp,***,0
14585.city,CHARLTTE,CHARLOTTE
6053.city,DRMMOND,DRUMMOND
8942.childexemp,q0,0
5691.childexemp,y0,0
12759.marriedexemp,z0,0
8339.marriedexemp,0200,2000
2642.marriedexemp,***,0
9547.state,C,DC
17167.city,LEARWATER,CLEARWATER
12670.gender,***,F
6495.city,CHARLESTON,CHARLESTOWN
9772.gender,lF,F
11213.state,DI,ID
18266.state,DI,ID
17095.marriedexemp,u0,0
3047.state,DgC,DC
1813.childexemp,300,3000
3426.state,uID,ID
316.singleexemp,2k700,2700
15108.childexemp,***,0
181.city,MRYTLE BEACH,MYRTLE BEACH
5997.state,C,DC
13895.gender,***,F
15423.gender,,M
12538.state,D,ID
7323.city,CAPTOL HEIGHTS,CAPITOL HEIGHTS
3975.state,D,ID
10945.singleexemp,,0
12458.state,K,OK
443.state,T,CT
17222.city,CLEMON,CLEMSON
214.state,DM,MD
13186.gender,***,F
12251.singleexemp,k0,0
19701.singleexemp,i0,0
14274.marriedexemp,***,0
2426.state,tID,ID
7568.city,CHARLESTONW,CHARLESTOWN
5854.state,CD,DC
4650.city,WEST CHALRESTON,WEST CHARLESTON
19731.state,D,ID
11079.marriedexemp,420m0,4200
4115.gender,,F
4439.gender,***,F
17342.singleexemp,n0,0
5473.state,CD,DC
3476.singleexemp,***,0
15638.state,HlI,HI
15458.childexemp,c3300,3300
7096.singleexemp,u0,0
11579.childexemp,,0
17669.city,CHESTEkR,CHESTER
3634.state,A,IA
16896.city,CENTRAL VILAGE,CENTRAL VILLAGE
3511.city,WwELLSVILLE,WELLSVILLE
5462.state,jDC,DC
13709.city,UHLL,HULL
7294.marriedexemp,2000***,2000
4864.state,JN,NJ
16014.gender,,F
18354.singleexemp,***,0
1421.marriedexemp,17q4,174
11768.state,CD,DC
7334.city,CHRLOTTE,CHARLOTTE
17959.state,OM,MO
18652.gender,,F
18734.marriedexemp,,0
19734.gender,qF,F
1226.marriedexemp,,0
3801.singleexemp,***,0
1276.state,NmC,NC
5795.state,PzR,PR
1515.state,Y,NY
10877.city,BREKELEY,BERKELEY
11227.marriedexemp,0200,2000
14221.state,TU,UT
3830.childexemp,,0
9532.childexemp,***,0
9846.childexemp,,0
9520.childexemp,***,0
12352.state,A,IA
7712.childexemp,***,0
3105.state,EM,ME
2737.childexemp,***,0
9719.state,CD,DC
10451.state,IH,HI
16734.childexemp,k0,0
18193.marriedexemp,***,0
16397.marriedexemp,,0
8088.singleexemp,,0
12629.singleexemp,,0
18301.marriedexemp,m0,0
442.city,WASHINGOTN,WASHINGTON
18462.state,R,AR
16358.city,CAPER,CASPER
9288.childexemp,9c00,900
16764.childexemp,o0,0
2531.gender,***,F
950.singleexemp,2000***,2000
1936.state,HO,OH
3577.gender,oF,F
18684.gender,***,F
9127.childexemp,***,0
4565.singleexemp,***,0
18471.singleexemp,21y00,2100
4134.singleexemp,,0
5530.gender,cM,M
10420.singleexemp,k0,0
405.state,ZA,AZ
8253.childexemp,c0,0
5971.marriedexemp,***,0
11818.childexemp,***,0
11182.singleexemp,,0
2694.marriedexemp,***,0
10617.gender,aF,F
19745.childexemp,10,110
15431.state,AI,IA
17813.gender,,F
2418.singleexemp,,0
14394.city,CALYVILLE,CLAYVILLE
3345.marriedexemp,***,0
18878.city,CLEEVLAND,CLEVELAND
17104.city,IPNETOP,PINETOP
13502.gender,rF,F
18002.childexemp,x0,0
6586.state,yMN,MN
12580.singleexemp,,0
17553.childexemp,***,0
16679.gender,***,F
19176.state,E,DE
612.state,KmS,KS
6285.gender,***,F
2456.city,BETNONVILLE,BENTONVILLE
10223.city,KANSS CITY,KANSAS CITY
9253.city,RSOBURG,ROSBURG
9641.gender,oF,F
13551.city,REDbDING CENTER,REDDING CENTER
18091.singleexemp,***,0
4706.gender,nF,F
13539.marriedexemp,e0,0
19734.city,CAROLNA,CAROLINA
15992.city,CAHNNING,CHANNING
12641.childexemp,,0
10346.singleexemp,00,900
19423.marriedexemp,540,5400
16664.marriedexemp,6200***,6200
9732.city,CoECIL,CECIL
6609.singleexemp,,0
2223.singleexemp,v0,0
11068.state,CD,DC
13025.city,CHARLOTTESILLE,CHARLOTTESVILLE
1612.marriedexemp,6020,6200
5646.marriedexemp,***,0
14171.city,MEINOCK,MEKINOCK
15871.childexemp,***,0
10807.childexemp,b0,0
9612.city,SHSOHONE,SHOSHONE
17711.childexemp,,0
7299.gender,***,F
11860.state,ImD,ID
11319.singleexemp,,0
15328.marriedexemp,***,0
12875.state,CD,DC
9731.gender,pM,M
16139.marriedexemp,***,0
15726.state,I,HI
14715.state,I,HI
8120.gender,,F
4440.gender,***,M
13934.childexemp,d0,0
19043.city,CtANTON,CANTON
6028.gender,***,F
2194.state,mHI,HI
10088.state,AW,WA
9078.city,DARLNIG,DARLING
16859.state,IH,HI
17514.state,A,IA
13101.singleexemp,,0
16541.childexemp,***,0
18772.singleexemp,e0,0
4244.marriedexemp,6060,6600
9378.childexemp,2580,2850
12674.city,CkHATHAM,CHATHAM
15218.singleexemp,370,1370
11041.singleexemp,,0
17873.childexemp,,0
481.singleexemp,,0
11322.singleexemp,,0
19869.gender,uF,F
18675.state,A,WA
8529.city,PIK EROAD,PIKE ROAD
626.state,R,PR
16923.gender,,F
10368.gender,***,F
495.singleexemp,j900,900
18771.marriedexemp,q0,0
14841.state,J,NJ
7677.childexemp,o0,0
8061.city,CHRDAN,CHURDAN
9240.gender,***,M
19206.state,KO,OK
14138.gender,nM,M
19193.marriedexemp,***,0
6787.gender,,F
3484.state,CD,DC
7601.city,CLAYOTN,CLAYTON
17405.childexemp,y0,0
15996.city,CHAROL,CHARLO
12122.state,rDC,DC
6225.marriedexemp,1400***,1400
9517.city,CATANnO,CATANO
13061.gender,nF,F
11353.singleexemp,4200,2400
18924.state,HnI,HI
13382.city,CHICAO,CHICAGO
363.marriedexemp,,0
18275.gender,pF,F
13485.city,PONE,PONCE
7488.marriedexemp,,0
15830.singleexemp,,0
4983.childexemp,f0,0
5086.gender,,M
18574.childexemp,,0
12471.state,hHI,HI
16219.childexemp,,0
6795.state,DfC,DC
17329.marriedexemp,***,0
7909.childexemp,o0,0
3238.state,C,DC
19145.marriedexemp,,0
13362.singleexemp,b0,0
15276.childexemp,090,900
9297.state,CD,DC
18633.marriedexemp,,0
11346.state,E,ME
8306.state,T,CT
4338.gender,rF,F
15537.childexemp,***,0
3947.state,CD,DC
15750.gender,pM,M
11608.singleexemp,***,0
8642.gender,,M
15928.city,CASSLTON,CASSELTON
6107.childexemp,,0
15518.gender,***,F
12500.childexemp,i0,0
19644.singleexemp,w0,0
17146.marriedexemp,***,0
9386.state,CD,DC
1818.state,SM,MS
19512.marriedexemp,,0
11527.childexemp,***,0
11473.gender,,F
16263.childexemp,03,103
18965.city,COAL RN,COAL RUN
17162.childexemp,***,0
19116.state,D,MD
18404.state,D,ID
6703.childexemp,h0,0
14948.city,RSERVE,RESERVE
8418.childexemp,,0
13641.singleexemp,j0,0
1663.city,hBARNHART,BARNHART
12293.singleexemp,v0,0
7191.singleexemp,q0,0
5393.city,CAROLIA,CAROLINA
10329.city,CNATON,CANTON
12549.state,AI,IA
18901.gender,,M
584.city,ADMSVILLE,ADAMSVILLE
14717.marriedexemp,r0,0
7548.city,NATCHgITOCHES,NATCHITOCHES
18492.gender,***,F
14623.state,SyC,SC
11103.city,CEDbAR CITY,CEDAR CITY
9406.marriedexemp,***,0
9790.state,NqD,ND
17172.state,iIA,IA
7934.singleexemp,***,0
2088.state,CD,DC
19659.gender,***,F
6294.state,CD,DC
216.state,CD,DC
19109.childexemp,***,0
1416.marriedexemp,2000,12000
1121.gender,bF,F
12243.singleexemp,e0,0
15325.marriedexemp,***,0
16950.city,CILDS,CHILDS
8674.gender,rF,F
13932.state,IR,RI
19175.state,xID,ID
17384.gender,,F
15241.marriedexemp,,0
7298.state,iAK,AK
9614.childexemp,519,159
11308.state,NgJ,NJ
7331.city,GARDjEN VALLEY,GARDEN VALLEY
18929.city,ITRA,CITRA
9.state,DhC,DC
11502.gender,,M
1060.state,fDC,DC
10377.gender,aF,F
10409.singleexemp,,0
6428.state,CD,DC
17023.state,HwI,HI
13482.state,DI,ID
13036.singleexemp,,0
8867.childexemp,,0
16253.city,WINCHESyTER CENTER,WINCHESTER CENTER
9856.marriedexemp,p0,0
12208.city,CARSON ICTY,CARSON CITY
9189.city,CLRKDALE,CLARKDALE
18110.gender,nF,F
5463.singleexemp,c0,0
8428.city,HCARLESTON,CHARLESTON
16220.gender,***,F
5056.childexemp,,0
17047.childexemp,,0
11608.state,D,ID
11799.state,C,DC
495.city,STANLYE,STANLEY
9516.marriedexemp,***,0
3266.singleexemp,0100,1000
13061.marriedexemp,***,0
6405.childexemp,,0
6733.singleexemp,,0
5996.gender,jF,F
16179.marriedexemp,20,220
15016.gender,***,F
14720.marriedexemp,s0,0
18123.gender,***,M
8036.marriedexemp,,0
18622.gender,qF,F
14527.city,CARRIZZO,CARRIZOZO
9692.gender,***,F
15985.marriedexemp,4i000,4000
10107.state,KO,OK
19927.marriedexemp,0,40
7007.childexemp,3300***,3300
18940.state,IH,HI
17521.city,GUTON,GUSTON
5577.marriedexemp,z0,0
10448.city,CHRCH ROCK,CHURCH ROCK
18853.gender,***,F
1529.state,NeH,NH
11327.state,AG,GA
14467.city,xCLAY,CLAY
4053.singleexemp,300,3300
14022.city,SWNALAKE,SWANLAKE
935.city,ALTIC,BALTIC
14627.state,D,ID
19458.singleexemp,000,6000
6661.state,C,DC
19485.singleexemp,,0
1790.gender,***,M
3977.childexemp,,0
18028.marriedexemp,9000***,9000
13232.childexemp,g0,0
9472.childexemp,q0,0
19186.gender,,F
4770.state,gID,ID
10033.state,D,ID
13174.state,O,CO
4061.state,KO,OK
7158.city,sLLANO,LLANO
11625.childexemp,p0,0
19082.marriedexemp,b0,0
17236.marriedexemp,,0
18099.marriedexemp,,0
11232.gender,***,F
16230.gender,,M
8335.state,IR,RI
8558.childexemp,k0,0
9867.marriedexemp,,0
7361.state,CD,DC
2439.state,yMD,MD
4772.marriedexemp,***,0
6753.city,COOSAWHATCIHE,COOSAWHATCHIE
19223.singleexemp,***,0
14503.state,A,IA
19860.singleexemp,x0,0
1483.city,pBOSTON,BOSTON
3688.marriedexemp,,0
19369.gender,,F
11761.city,CHEWALLA***,CHEWALLA
7379.marriedexemp,,0
3014.singleexemp,d0,0
10508.state,DgC,DC
7693.state,HjI,HI
7212.state,nIA,IA
19573.state,IH,HI
6103.gender,,M
19350.gender,***,F
148.marriedexemp,r40,40
2170.gender,kF,F
10168.state,D,ID
6052.city,CAROLIAN,CAROLINA
15452.state,J,NJ
3254.city,NDIANAPOLIS,INDIANAPOLIS
4875.gender,,F
1816.marriedexemp,260,206
18036.singleexemp,,0
12172.childexemp,***,0
552.childexemp,***,0
4833.state,D,SD
1249.singleexemp,f0,0
18982.city,CARLOINA,CAROLINA
12396.childexemp,z0,0
8750.city,WOF POINT,WOLF POINT
3917.state,nDC,DC
19680.state,IsD,ID
17973.marriedexemp,b0,0
7598.childexemp,,0
7808.state,sDC,DC
8009.singleexemp,***,0
5745.state,IvD,ID
13289.marriedexemp,600,6600
18766.childexemp,***,0
1170.singleexemp,,0
10748.state,mSC,SC
14230.childexemp,,0
569.city,CvHESWOLD,CHESWOLD
7432.gender,***,F
14858.marriedexemp,***,0
19840.marriedexemp,f0,0
1858.singleexemp,i0,0
18558.city,BELFST,BELFAST
3161.city,LINWOyOD,LINWOOD
10474.city,CLAdRK,CLARK
12297.gender,***,F
5536.state,wDC,DC
4471.state,CD,DC
17777.singleexemp,,0
10246.city,CHAMBERSBUGR,CHAMBERSBURG
13047.singleexemp,***,0
6419.marriedexemp,n0,0
2425.state,MyI,MI
11026.marriedexemp,***,0
9706.state,xHI,HI
18659.state,vKS,KS
7448.childexemp,***,0
12206.marriedexemp,***,0
9520.gender,***,F
3097.gender,iF,F
1499.state,C,DC
13836.gender,aM,M
1360.gender,,F
15123.gender,***,F
13861.childexemp,,0
18830.marriedexemp,300,3000
18831.childexemp,***,0
19402.city,CHSETER,CHESTER
17320.singleexemp,090,900
13300.marriedexemp,,0
8309.state,NeD,ND
1995.state,A,MA
13260.singleexemp,,0
17334.gender,,F
12990.childexemp,***,0
13230.city,SEIRRA VISTA,SIERRA VISTA
2266.state,L,IL
4303.state,CD,DC
1262.city,MINNEAPOLS,MINNEAPOLIS
1722.childexemp,o0,0
13870.city,JEFFRESON,JEFFERSON
17268.singleexemp,,0
13990.gender,,M
10531.state,PeR,PR
10227.marriedexemp,,0
14849.state,YN,NY
18120.marriedexemp,,0
7722.singleexemp,***,0
12229.city,OUNCIL,COUNCIL
6379.singleexemp,,0
16261.city,CHIzGNIK,CHIGNIK
9189.childexemp,l0,0
17874.childexemp,***,0
9784.singleexemp,2u0,20
9951.singleexemp,k0,0
2069.gender,***,M
18273.marriedexemp,,0
8150.marriedexemp,740,2740
10750.marriedexemp,***,0
9071.childexemp,,0
17263.state,D,ID
13836.state,NoJ,NJ
3647.marriedexemp,,0
5576.state,CD,DC
11527.city,BRIGHWOOD,BRIGHTWOOD
7925.city,CHISOHLM,CHISHOLM
1790.singleexemp,300,3300
9227.city,CRASON CITY,CARSON CITY
17452.state,I,HI
13677.city,CHEYENNE***,CHEYENNE
8901.state,DI,ID
15292.marriedexemp,o0,0
14686.childexemp,t0,0
13392.singleexemp,v0,0
10488.childexemp,3200,2300
5840.childexemp,***,0
9535.singleexemp,w0,0
11054.state,H,OH
6651.state,nDC,DC
4826.singleexemp,i0,0
17325.city,qWASHINGTON,WASHINGTON
9213.singleexemp,,0
18574.marriedexemp,g0,0
10333.city,ANDO,CANDO
7578.singleexemp,l0,0
15778.childexemp,101,110
6362.childexemp,***,0
11664.state,DI,ID
14691.childexemp,***,0
10611.singleexemp,p0,0
3393.city,jSONORA,SONORA
7924.childexemp,,0
15303.city,SPKOANE,SPOKANE
18596.city,COEUR Dy ALENE,COEUR D ALENE
19399.singleexemp,500,1500
1457.gender,***,F
15494.marriedexemp,f0,0
7393.gender,***,F
13159.city,CENTER TUFTONBwORO,CENTER TUFTONBORO
11504.state,D,ID
5989.childexemp,1j000,1000
332.city,NORT MIAMI,NORTH MIAMI
8585.state,D,ID
2560.gender,gF,F
7972.singleexemp,,0
19082.singleexemp,3100***,3100
11991.singleexemp,,0
15537.state,I,HI
15086.state,zIA,IA
18986.city,CIALS,CIALES
18168.city,ANNAH,HANNAH
19046.gender,,F
13125.state,C,DC
19628.singleexemp,300,1300
10166.childexemp,***,0
15271.state,I,HI
12156.gender,,F
19970.state,cNC,NC
13099.childexemp,***,0
17116.state,NrJ,NJ
17046.singleexemp,u0,0
13848.city,CERRO***,CERRO
10773.marriedexemp,***,0
9009.marriedexemp,,0
14155.city,ASCILLA,CASCILLA
167.childexemp,j0,0
11665.singleexemp,,0
18773.city,vCAROLINA,CAROLINA
6782.state,A,LA
13100.state,TU,UT
18540.childexemp,a0,0
2802.childexemp,2c0,20
13381.state,KA,AK
16580.singleexemp,,0
14915.state,dNJ,NJ
19494.singleexemp,z0,0
2517.state,C,DC
3572.gender,,F
14965.singleexemp,***,0
2068.city,SHREVEPROT,SHREVEPORT
6412.city,AOKLAND,OAKLAND
10651.childexemp,***,0
171.singleexemp,a0,0
6608.state,D,ID
13894.gender,,F
3127.childexemp,,0
2422.city,BUEN VISTA,BUENA VISTA
18365.singleexemp,,0
16392.childexemp,***,0
8126.gender,,F
16239.city,EALGE,EAGLE
19734.marriedexemp,***,0
8115.marriedexemp,***,0
7896.singleexemp,,0
6533.gender,,F
19602.singleexemp,***,0
14755.marriedexemp,***,0
4363.state,DlC,DC
2155.city,TUSLA,TULSA
15984.childexemp,e0,0
9.city,WAsSHINGTON,WASHINGTON
7375.city,CROOKSON,CROOKSTON
19646.singleexemp,***,0
9433.singleexemp,***,0
4962.gender,***,F
12646.singleexemp,***,0
12187.city,pSCIPIO,SCIPIO
12775.gender,***,F
11658.singleexemp,,0
9173.gender,,F
18707.childexemp,,0
16174.gender,***,F
16292.singleexemp,***,0
17353.city,CROLINA,CAROLINA
7045.state,NfH,NH
15634.singleexemp,***,0
5377.city,KEEE,KEENE
5641.marriedexemp,***,0
3961.childexemp,***,0
2599.state,CD,DC
16960.childexemp,13f00,1300
18787.childexemp,***,0
17315.singleexemp,,0
4031.singleexemp,,0
16804.singleexemp,0140,1040
14455.singleexemp,***,0
7999.state,DrC,DC
4329.singleexemp,,0
1213.state,A,IA
2062.state,DvC,DC
19812.state,DI,ID
15984.state,LF,FL
7010.state,N,IN
18864.childexemp,,0
5088.childexemp,300,2300
18551.singleexemp,b0,0
16897.childexemp,***,0
7383.state,xWY,WY
4866.city,CLAYIVLLE,CLAYVILLE
6687.singleexemp,,0
1590.state,rMI,MI
14810.city,LUMBERoPORT,LUMBERPORT
6400.gender,***,M
10424.childexemp,v0,0
14847.singleexemp,10v00,1000
5003.gender,xF,F
14079.state,D,ID
3231.state,DdC,DC
1855.state,DuC,DC
1549.gender,pM,M
13015.state,vHI,HI
18185.childexemp,v0,0
16017.marriedexemp,,0
16393.singleexemp,,0
3410.childexemp,q0,0
2664.state,DqC,DC
2641.singleexemp,000,6000
6261.state,CD,DC
10066.state,D,ID
18681.singleexemp,f0,0
14030.singleexemp,p0,0
14584.gender,***,F
16357.marriedexemp,f0,0
13414.state,NfJ,NJ
13533.childexemp,03,103
12125.city,CENTENNILA,CENTENNIAL
7876.singleexemp,w0,0
17803.childexemp,***,0
16930.singleexemp,0100,1000
14377.singleexemp,l0,0
13224.singleexemp,b0,0
5344.city,SOUTH WhINDSOR,SOUTH WINDSOR
4969.childexemp,e1900,1900
5675.marriedexemp,,0
1599.childexemp,400***,400
15716.childexemp,c1300,1300
19710.singleexemp,***,0
16025.singleexemp,y0,0
11391.childexemp,***,0
7343.gender,,F
11096.singleexemp,l0,0
17819.city,CbAROLINA,CAROLINA
12701.gender,***,F
8200.singleexemp,***,0
13039.singleexemp,***,0
4566.city,HENDERON,HENDERSON
8881.city,BILLINtGS,BILLINGS
16702.gender,,F
3292.childexemp,2000***,2000
11823.gender,iM,M
15204.gender,***,M
3006.gender,pF,F
6122.childexemp,,0
8193.childexemp,g0,0
992.childexemp,***,0
18622.childexemp,***,0
467.state,DdC,DC
19182.state,DI,ID
7867.singleexemp,***,0
17238.childexemp,1m000,1000
18528.state,DI,ID
2608.state,O,CO
3850.gender,iM,M
12189.gender,***,F
19058.singleexemp,***,0
1967.marriedexemp,,0
11558.state,CD,DC
10480.state,A,IA
18448.singleexemp,,0
19199.gender,,F
7870.state,wDC,DC
11341.singleexemp,***,0
1181.childexemp,100,3100
18636.marriedexemp,***,0
11213.singleexemp,,0
15556.city,CmRAIG,CRAIG
19149.singleexemp,***,0
16988.state,IqA,IA
15920.childexemp,,0
12044.state,CD,DC
8513.marriedexemp,***,0
14264.gender,,F
8897.gender,***,F
13467.gender,,F
16147.marriedexemp,,0
674.singleexemp,q0,0
19526.state,D,ID
8865.marriedexemp,e0,0
7280.marriedexemp,***,0
11399.marriedexemp,***,0
9988.marriedexemp,***,0
13721.marriedexemp,***,0
17002.marriedexemp,,0
14366.state,dUT,UT
885.state,L,IL
10119.marriedexemp,t0,0
18813.childexemp,p0,0
4403.gender,,F
2297.state,Z,AZ
3880.city,CENTERqVILLE,CENTERVILLE
10646.childexemp,***,0
11933.state,I,HI
5262.state,C,DC
18898.state,D,ID
6490.childexemp,,0
10542.singleexemp,a0,0
1000.singleexemp,3300***,3300
16568.marriedexemp,***,0
11124.gender,,M
16069.gender,,F
12456.marriedexemp,***,0
2332.childexemp,***,0
15931.gender,***,F
5533.gender,,F
3374.state,NqC,NC
16370.childexemp,,0
9438.city,WdINCHESTER,WINCHESTER
5422.city,CRAWFODRSVILLE,CRAWFORDSVILLE
11948.state,DI,ID
8545.gender,cM,M
3014.city,DOWNERS RGOVE,DOWNERS GROVE
4009.singleexemp,3557,3575
9762.marriedexemp,***,0
16809.gender,***,F
18462.gender,***,F
10339.state,I,HI
1553.singleexemp,4k0,40
4965.marriedexemp,***,0
15541.state,A,LA
12815.marriedexemp,71n50,7150
939.city,CIBaOLA,CIBOLA
18868.city,CHISAGO CTY,CHISAGO CITY
13909.state,X,TX
2176.gender,,F
4554.gender,***,F
12876.gender,,F
3506.singleexemp,***,0
16021.singleexemp,***,0
5608.marriedexemp,6200***,6200
12095.city,ACROLINA,CAROLINA
1874.city,ANAAN,CANAAN
7385.singleexemp,s0,0
19713.gender,kF,F
17064.marriedexemp,b0,0
18879.singleexemp,y0,0
18528.city,CAiRMEN,CARMEN
7466.state,A,VA
18303.singleexemp,***,0
15661.city,UPEPRCO,UPPERCO
14837.marriedexemp,n0,0
13329.gender,***,F
11774.city,CHARgLESTON,CHARLESTON
8127.singleexemp,g0,0
1592.state,IyL,IL
429.singleexemp,y2000,2000
11277.childexemp,195,159
8098.childexemp,***,0
1241.childexemp,300,3300
18268.gender,eF,F
14366.singleexemp,o0,0
19571.singleexemp,,0
15157.state,A,IA
15853.singleexemp,***,0
442.state,CD,DC
10506.city,CAROILNA,CAROLINA
9022.state,D,ID
14171.marriedexemp,s0,0
5014.state,DS,SD
17419.city,ACYEY,CAYEY
6663.marriedexemp,m0,0
4346.gender,qF,F
19530.city,MONTPELEIR,MONTPELIER
19537.gender,iF,F
8245.marriedexemp,d0,0
3506.state,fID,ID
4930.singleexemp,1m000,1000
2538.state,WgV,WV
11084.marriedexemp,,0
8563.state,IW,WI
4407.marriedexemp,0,80
17093.childexemp,***,0
19659.city,CENTRAL ALLS,CENTRAL FALLS
5654.gender,***,M
18774.gender,,F
19387.childexemp,***,0
4825.singleexemp,2100***,2100
19723.childexemp,***,0
5062.marriedexemp,800,1800
8157.childexemp,***,0
11230.childexemp,***,0
932.singleexemp,300,3300
7598.singleexemp,e0,0
18654.state,DI,ID
9587.childexemp,,0
6195.city,CHEYENNjE,CHEYENNE
3915.state,CD,DC
13228.gender,***,F
12477.childexemp,***,0
15619.city,CASTNAER,CASTANER
14034.childexemp,***,0
4897.gender,,M
17363.state,NxD,ND
12147.state,zIA,IA
13444.state,DmC,DC
11491.gender,qF,F
13824.singleexemp,4500***,4500
1004.state,TC,CT
6387.city,POTSMOUTH,PORTSMOUTH
9195.childexemp,000,2000
16702.state,HdI,HI
16061.gender,***,F
15297.gender,zF,F
10052.childexemp,q0,0
11104.gender,***,F
9916.childexemp,***,0
13698.city,JAFFRYE,JAFFREY
3201.gender,***,F
15722.singleexemp,330,3300
17272.marriedexemp,y0,0
12869.city,sCLINTON,CLINTON
4298.gender,***,F
5829.singleexemp,a0,0
5453.city,CASRON CITY,CARSON CITY
11890.childexemp,o0,0
1640.childexemp,u0,0
6659.gender,,F
5573.city,ENVER,DENVER
14229.city,CRARIERE,CARRIERE
15107.childexemp,***,0
881.singleexemp,***,0
9331.state,L,AL
3453.marriedexemp,***,0
17952.city,CAROLINgA,CAROLINA
15817.marriedexemp,,0
18014.singleexemp,,0
18730.city,WILMNGTON,WILMINGTON
7731.city,SBINE,SABINE
7617.gender,***,M
1752.state,xDC,DC
8935.city,WATERVvILLE,WATERVILLE
11143.city,EW HAMPTON,NEW HAMPTON
19287.state,IH,HI
10814.childexemp,,0
9695.singleexemp,1000***,1000
10757.childexemp,***,0
11321.marriedexemp,147,174
16552.marriedexemp,,0
6293.marriedexemp,b0,0
12573.singleexemp,d0,0
11646.city,CRAOLINA,CAROLINA
11856.marriedexemp,o0,0
2395.state,C,DC
17996.singleexemp,u0,0
11204.city,CARLESTON,CHARLESTON
9763.state,A,IA
13362.city,MOSE,MOOSE
11806.marriedexemp,7m150,7150
13396.state,IeA,IA
13519.city,BEECH CREKE,BEECH CREEK
6741.city,CATNON,CANTON
7980.marriedexemp,17w4,174
10666.marriedexemp,4800***,4800
10273.city,MEMPHSI,MEMPHIS
5779.city,SNUSET,SUNSET
15016.singleexemp,,0
4170.city,CHESWOLxD,CHESWOLD
7693.childexemp,,0
14346.state,xNJ,NJ
16039.gender,***,F
12681.marriedexemp,,0
16613.marriedexemp,8400,4800
2861.gender,,F
16065.marriedexemp,***,0
18921.gender,jF,F
8974.marriedexemp,***,0
16203.gender,,F
17284.state,zID,ID
16097.childexemp,m0,0
15494.childexemp,2805,2850
8483.singleexemp,z0,0
2069.singleexemp,***,0
19550.singleexemp,,0
12284.city,CARRIGNTON,CARRINGTON
18557.gender,***,F
6621.childexemp,***,0
14652.gender,rF,F
15580.childexemp,***,0
5683.singleexemp,a0,0
12107.city,GUmILD,GUILD
15745.gender,,M
7238.city,SHINGETON,SHINGLETON
14439.gender,uF,F
10844.marriedexemp,,0
4685.singleexemp,150x0,1500
19119.singleexemp,,0
10635.state,uTX,TX
18314.marriedexemp,,0
15209.gender,mF,F
503.state,AM,MA
8350.state,IkA,IA
7765.city,ClLAYVILLE,CLAYVILLE
8096.state,CD,DC
10359.state,DI,ID
357.state,CD,DC
19953.childexemp,b0,0
16720.childexemp,,0
9330.childexemp,o0,0
19128.singleexemp,000,2000
7427.childexemp,x0,0
6607.city,GOOYEAR,GOODYEAR
18901.childexemp,,0
9486.city,CfINCINNATI,CINCINNATI
16094.singleexemp,000,1000
186.childexemp,***,0
2900.gender,wF,F
15644.gender,***,F
11696.state,HaI,HI
2228.singleexemp,04,40
11120.gender,,M
19454.childexemp,***,0
9229.state,C,DC
8679.marriedexemp,h0,0
8069.singleexemp,13c00,1300
12732.marriedexemp,,0
17599.singleexemp,,0
16087.city,MANCHESTER CENgTER,MANCHESTER CENTER
15498.city,CILFTY,CLIFTY
10543.city,OK,TOK
17902.marriedexemp,,0
19873.gender,***,M
11777.singleexemp,s0,0
19832.singleexemp,,0
7116.state,pID,ID
6720.gender,hM,M
19099.marriedexemp,g0,0
14786.childexemp,l0,0
11024.state,KA,AK
8440.state,CD,DC
14146.singleexemp,t0,0
17141.gender,lF,F
14393.city,CANTN,CANTON
4595.childexemp,1307,1370
4159.city,HmAMMOND,HAMMOND
17315.city,CAPER,CASPER
16838.gender,rF,F
19247.marriedexemp,j0,0
12268.city,CRERO,CERRO
15140.city,CENTRrEVILLE,CENTREVILLE
4550.childexemp,h0,0
9343.state,SK,KS
4012.gender,,F
9000.state,D,ID
18430.city,CIRCLEILLE,CIRCLEVILLE
12168.gender,nF,F
6618.state,rUT,UT
6127.marriedexemp,***,0
16828.singleexemp,h0,0
16890.state,AI,IA
17416.city,jAMERICAN CANYON,AMERICAN CANYON
444.marriedexemp,490,4950
15085.city,COALIVLLE,COALVILLE
13112.singleexemp,z0,0
16114.gender,,F
4417.city,HARLOTTE,CHARLOTTE
16315.city,CHARLOsTTE,CHARLOTTE
7405.state,CD,DC
17481.childexemp,***,0
5093.city,OFORD,OXFORD
1717.childexemp,000,1000
16288.marriedexemp,***,0
18432.state,AI,IA
6454.singleexemp,0j-*,0-*
17104.singleexemp,n0,0
8279.childexemp,***,0
9218.state,C,DC
14587.city,CLAY ICTY,CLAY CITY
17265.marriedexemp,,0
10177.state,OsR,OR
8895.childexemp,,0
5055.singleexemp,,0
5569.city,AROLINA,CAROLINA
18804.gender,***,F
19426.state,A,MA
4414.city,PAHLA,PAHALA
14233.singleexemp,f0,0
10674.gender,qM,M
16384.state,I,WI
16606.state,EN,NE
19028.childexemp,k0,0
2658.gender,***,F
11797.city,HELSEA,CHELSEA
8711.city,MOAGDORE,MOGADORE
4995.state,MdS,MS
11136.singleexemp,59,159
10443.childexemp,***,0
6218.marriedexemp,0200,2000
2813.city,ORT SULPHUR,PORT SULPHUR
11863.childexemp,,0
18521.gender,***,M
4009.childexemp,x0,0
17109.city,CcIDRA,CIDRA
3566.state,rOR,OR
18562.childexemp,***,0
13782.gender,***,F
2254.state,CD,DC
14217.city,CHISAGO ITY,CHISAGO CITY
18050.childexemp,q0,0
18966.marriedexemp,,0
13206.state,mDC,DC
455.childexemp,,0
8037.city,uFINLEY,FINLEY
2974.gender,,M
14951.city,HPOENIX,PHOENIX
10563.singleexemp,101,110
5727.singleexemp,***,0
12688.gender,tM,M
2382.singleexemp,000,6000
9296.gender,qF,F
172.state,C,DC
10831.marriedexemp,***,0
8007.gender,eF,F
5929.state,D,ID
11375.gender,***,M
4257.state,CD,DC
2517.city,WASHINGiTON,WASHINGTON
5600.singleexemp,***,0
12039.childexemp,***,0
16314.marriedexemp,4020,4200
10702.childexemp,,0
7950.city,CAEYY,CAYEY
15349.singleexemp,k0,0
10721.city,ANAAN,CANAAN
1526.marriedexemp,0280,2080
7699.state,C,DC
13030.singleexemp,n0,0
6504.state,CD,DC
739.singleexemp,12705,12750
5046.state,IH,HI
5097.state,CD,DC
9364.childexemp,h0,0
4551.childexemp,***,0
1835.gender,cF,F
19524.state,DI,ID
8061.state,A,IA
10850.marriedexemp,,0
10651.state,I,HI
19979.marriedexemp,e0,0
12325.state,C,DC
6768.gender,wF,F
11046.state,D,ID
12176.marriedexemp,3800***,3800
12632.childexemp,,0
18764.city,CHRLESTOWN,CHARLESTOWN
17821.childexemp,,0
8109.state,R,AR
12359.city,BEDOFRD,BEDFORD
19137.singleexemp,***,0
4402.singleexemp,2s0,20
926.gender,***,F
15978.city,JERSEY SORE,JERSEY SHORE
12234.city,CLATON,CLAYTON
16754.state,A,IA
7750.gender,,F
5747.state,HyI,HI
16564.gender,vF,F
9696.marriedexemp,***,0
9610.state,DiC,DC
6997.city,SKULL VLLEY,SKULL VALLEY
7653.singleexemp,z0,0
19808.marriedexemp,,0
17110.marriedexemp,,0
16296.gender,zF,F
17351.marriedexemp,q0,0
11874.marriedexemp,450d0,4500
2692.marriedexemp,***,0
14326.gender,,F
16903.marriedexemp,***,0
17333.state,I,WI
15210.state,pNJ,NJ
11596.state,T,MT
14880.marriedexemp,,0
13752.childexemp,b0,0
12352.city,CEDAR RPIDS,CEDAR RAPIDS
9039.gender,,F
19351.childexemp,0100,1000
7265.city,COBApLT,COBALT
12415.childexemp,,0
19729.gender,***,F
8144.childexemp,,0
9502.childexemp,***,0
19588.childexemp,w0,0
11690.gender,,F
14105.state,A,IA
11370.state,HzI,HI
4417.marriedexemp,660,6600
4000.singleexemp,1307,1370
15854.marriedexemp,d0,0
11549.childexemp,,0
17040.state,ImD,ID
13609.singleexemp,900,1900
17492.city,CAILES,CIALES
7112.state,C,DC
7595.singleexemp,,0
19028.city,ASA GRANDE,CASA GRANDE
44.state,S,KS
1785.gender,aF,F
19026.childexemp,b0,0
3942.state,DN,ND
4228.singleexemp,***,0
11405.singleexemp,,0
1187.state,CD,DC
15903.state,T,VT
14069.state,zID,ID
13252.state,JN,NJ
13544.state,EN,NE
7541.singleexemp,000,1000
19443.singleexemp,***,0
16280.gender,,F
3431.gender,mF,F
17783.gender,hF,F
6059.singleexemp,,0
18691.state,OzR,OR
18000.marriedexemp,***,0
19156.state,xID,ID
13049.state,C,DC
6941.gender,rF,F
17608.marriedexemp,,0
9904.state,yHI,HI
6796.city,MELETTE,MELLETTE
8747.city,CHEjYENNE,CHEYENNE
4577.city,GREENILLE,GREENVILLE
13671.city,ODY,CODY
6265.state,DaC,DC
1339.state,DoC,DC
10746.city,SUTHSIDE,SOUTHSIDE
7926.state,D,ID
287.marriedexemp,,0
18975.marriedexemp,,0
9592.childexemp,***,0
15590.childexemp,***,0
6248.singleexemp,***,0
12512.childexemp,,0
16525.marriedexemp,600,6600
1309.state,RzI,RI
4478.state,DwC,DC
14024.gender,,F
14964.gender,***,F
3643.city,FORT GEOGE G MEADE,FORT GEORGE G MEADE
19966.gender,,F
6808.childexemp,,0
14123.singleexemp,***,0
19059.city,AGUADmILLA,AGUADILLA
12834.state,TU,UT
15495.state,IyD,ID
13578.childexemp,,0
3456.state,NiC,NC
6651.city,WASnHINGTON,WASHINGTON
12498.singleexemp,130,1300
2196.gender,,M
8066.singleexemp,u0,0
15655.city,CRPENTER,CARPENTER
17284.singleexemp,,0
12647.childexemp,***,0
9102.childexemp,***,0
10260.state,CD,DC
10408.state,CD,DC
18225.marriedexemp,620c0,6200
14742.city,WLITON,WILTON
296.city,RENfO,RENO
5360.marriedexemp,***,0
15580.marriedexemp,***,0
9822.state,IH,HI
13178.gender,***,F
18541.city,ACRLSTADT,CARLSTADT
2018.state,NT,TN
4649.city,PAaIA,PAIA
2881.gender,,F
16217.marriedexemp,m1400,1400
15655.marriedexemp,,0
12616.singleexemp,***,0
18607.marriedexemp,,0
16755.gender,***,M
10380.state,I,HI
16691.singleexemp,w0,0
16778.state,bPR,PR
7103.childexemp,250,2250
19631.state,AI,IA
10132.marriedexemp,202,220
16365.gender,***,F
3969.city,RINCNO,RINCON
9678.state,yIA,IA
7254.childexemp,***,0
17394.city,LCATONIA,CLATONIA
9527.city,CHICAGvO,CHICAGO
5859.state,A,GA
12805.marriedexemp,q0,0
4720.state,mWV,WV
19228.marriedexemp,l0,0
7776.marriedexemp,***,0
18700.state,qHI,HI
11951.city,CRALSBAD,CARLSBAD
12467.city,CHhICHESTER,CHICHESTER
9759.city,CALY CENTER,CLAY CENTER
12801.childexemp,n0,0
5502.gender,***,F
2688.state,IiD,ID
9476.marriedexemp,***,0
10008.state,C,DC
8186.marriedexemp,y0,0
10503.state,JN,NJ
14855.city,CARSON CoITY,CARSON CITY
13321.state,H,OH
6061.city,NBO,NEBO
2270.singleexemp,***,0
9427.childexemp,310o0,3100
10612.singleexemp,***,0
15380.marriedexemp,,0
6409.city,JAMESNO,JAMESON
1006.childexemp,04,40
1145.marriedexemp,245s00,24500
17767.childexemp,,0
13365.city,CHAPEL IHLL,CHAPEL HILL
7371.childexemp,***,0
14750.childexemp,,0
2257.singleexemp,,0
12423.childexemp,***,0
16058.childexemp,o0,0
9392.state,I,HI
2096.state,uDC,DC
11730.singleexemp,0,20
1808.childexemp,***,0
1795.city,LYNCHBRG,LYNCHBURG
10892.marriedexemp,6600***,6600
7163.state,YK,KY
2976.childexemp,j1900,1900
6055.gender,,F
3686.gender,,F
11161.childexemp,1b59,159
18882.gender,,F
10837.state,DI,ID
16965.childexemp,,0
15130.marriedexemp,w0,0
8010.state,LI,IL
5127.state,CD,DC
1272.singleexemp,10s00,1000
13968.marriedexemp,***,0
12376.state,AV,VA
7973.state,CD,DC
16404.gender,,M
18398.gender,lF,F
13286.gender,,F
609.state,I,WI
8142.state,sDC,DC
8834.city,HCESTER,CHESTER
18931.marriedexemp,v0,0
18813.singleexemp,***,0
10567.marriedexemp,,0
12266.state,CD,DC
1577.state,C,DC
18352.childexemp,h0,0
15263.state,I,HI
7310.childexemp,t0,0
12382.marriedexemp,***,0
19490.singleexemp,330y0,3300
17143.marriedexemp,***,0
16269.singleexemp,2100***,2100
5706.state,C,DC
4001.childexemp,100,1500
19406.city,CLAYMOTN,CLAYMONT
9901.childexemp,i0,0
106.singleexemp,z0,0
19799.childexemp,c0,0
19486.childexemp,f300,300
15743.singleexemp,02,20
10992.childexemp,3300***,3300
17784.state,A,IA
19949.singleexemp,***,0
10189.state,D,MD
3421.childexemp,***,0
17260.childexemp,,0
3221.childexemp,300***,300
15520.state,D,ID
5886.state,C,DC
4516.marriedexemp,5400,4500
6784.city,ANTON,CANTON
3035.childexemp,1000***,1000
19626.marriedexemp,,0
16333.city,CLOVRE,CLOVER
15505.state,hHI,HI
18418.marriedexemp,,0
9021.city,CLFAX,COLFAX
19001.state,pHI,HI
859.marriedexemp,,0
3208.singleexemp,,0
11020.state,O,CO
8092.singleexemp,***,0
14540.childexemp,***,0
9009.state,IrA,IA
6807.gender,,F
13250.city,LON,LEON
17107.childexemp,q0,0
9287.singleexemp,b0,0
14892.childexemp,s0,0
5082.city,TMAA,TAMA
13635.singleexemp,p0,0
14848.singleexemp,i0,0
8088.state,NjM,NM
12230.state,I,HI
9827.childexemp,w20,20
8893.marriedexemp,4200***,4200
8923.singleexemp,k0,0
10214.city,WAxSHINGTON,WASHINGTON
16047.marriedexemp,,0
2335.state,CD,DC
10815.state,CD,DC
17265.gender,gF,F
6655.state,D,ID
4709.state,I,HI
18285.marriedexemp,***,0
3130.gender,tF,F
2564.state,CD,DC
1034.childexemp,2000***,2000
17237.childexemp,,0
11167.childexemp,p0,0
15288.state,J,NJ
2269.state,Z,AZ
8544.state,M,NM
5901.city,ORTHPORT,NORTHPORT
19330.childexemp,***,0
13641.gender,,M
8958.state,CD,DC
1880.childexemp,***,0
1450.state,DI,ID
18169.gender,,F
5938.singleexemp,3170,1370
7178.marriedexemp,***,0
14921.childexemp,p0,0
15293.city,CENTERgVIEW,CENTERVIEW
11869.gender,eF,F
2612.city,NITReO,NITRO
12205.city,UTCSON,TUCSON
13805.city,CLNTON,CLINTON
6704.city,JAFFRY,JAFFREY
16597.singleexemp,***,0
16946.city,LAS VEGS,LAS VEGAS
10219.singleexemp,,0
6489.city,HARPERS ERRY,HARPERS FERRY
10969.marriedexemp,***,0
12839.gender,,M
14456.childexemp,w272,272
15385.city,CLAIRE qCITY,CLAIRE CITY
11714.gender,,M
2157.marriedexemp,a0,0
3728.childexemp,i0,0
1074.city,LAS EVGAS,LAS VEGAS
15543.state,AI,IA
18893.childexemp,,0
5511.gender,,M
15923.marriedexemp,f0,0
16306.gender,qM,M
857.gender,***,F
2737.city,CASCAjDE LOCKS,CASCADE LOCKS
7768.gender,***,F
16505.marriedexemp,m0,0
9364.marriedexemp,5s400,5400
19245.gender,***,F
5912.state,C,DC
12726.city,CARSON CIYT,CARSON CITY
12161.childexemp,,0
7123.gender,***,F
3509.childexemp,t0,0
11459.gender,,F
3284.singleexemp,k0,0
9006.state,DnC,DC
11126.gender,***,F
15874.childexemp,300,3300
3192.marriedexemp,400,4000
5144.singleexemp,210n0,2100
1142.city,ELIZAEBTH,ELIZABETH
4754.state,HaI,HI
6730.marriedexemp,***,0
6029.childexemp,3000***,3000
10298.singleexemp,g0,0
2818.state,I,HI
9138.city,CAcMPTON,CAMPTON
9822.childexemp,***,0
3004.marriedexemp,,0
15583.state,qSD,SD
6258.city,SARSAOTA,SARASOTA
16778.childexemp,***,0
13701.marriedexemp,,0
18007.state,DI,ID
8501.marriedexemp,l0,0
6861.state,KnS,KS
8331.childexemp,,0
13511.gender,wF,F
11691.state,NkD,ND
19951.state,IW,WI
16590.city,CAMlPTON,CAMPTON
11778.singleexemp,,0
17901.singleexemp,o0,0
17421.city,CLIoNTON,CLINTON
18281.state,I,RI
7914.city,FRUTHURST,FRUITHURST
15843.city,WASHINGTNO,WASHINGTON
7574.childexemp,***,0
16959.city,CARPENTRE,CARPENTER
8635.city,HANA,HANNA
8038.state,CoT,CT
3846.city,ALTIMORE,BALTIMORE
8238.city,WEST zNEWTON,WEST NEWTON
254.state,CD,DC
844.childexemp,100,1900
11673.state,CD,DC
10744.city,CHARLESTOhN,CHARLESTON
12541.singleexemp,j0,0
8138.marriedexemp,o0,0
14824.childexemp,***,0
7011.city,CHARLOTTaE,CHARLOTTE
5929.city,CASrCADE,CASCADE
19570.gender,,F
9330.gender,zF,F
13797.state,C,DC
18276.city,CHALOTTE,CHARLOTTE
11101.state,E,NE
11871.singleexemp,,0
3616.childexemp,k3300,3300
19910.city,CHIACGO,CHICAGO
19732.state,Y,NY
9462.singleexemp,3l300,3300
5740.marriedexemp,,0
6589.singleexemp,b0,0
15482.marriedexemp,***,0
17240.city,yHANCOCK,HANCOCK
12422.state,HaI,HI
10269.state,IH,HI
8876.childexemp,,0
5934.state,LF,FL
14505.city,CHESTEyR,CHESTER
12588.state,mDC,DC
14569.singleexemp,***,0
7119.city,MOUNT HtOLLY,MOUNT HOLLY
18078.city,NIOXN,NIXON
10413.state,RO,OR
15931.marriedexemp,***,0
1201.marriedexemp,w0,0
6321.singleexemp,,0
198.marriedexemp,x0,0
10932.singleexemp,v0,0
13140.state,DnC,DC
12744.state,CD,DC
16243.city,CLERMONgT,CLERMONT
5351.city,WOODINhVILLE,WOODINVILLE
9924.city,CLAYMNT,CLAYMONT
7942.city,CARsBONDALE,CARBONDALE
14168.marriedexemp,j0,0
5678.childexemp,***,0
10493.marriedexemp,z0,0
19109.marriedexemp,***,0
2512.marriedexemp,04,40
3567.city,CASCDAE,CASCADE
14417.marriedexemp,f0,0
15492.gender,oF,F
9102.marriedexemp,***,0
8880.childexemp,e0,0
18306.marriedexemp,l0,0
15385.marriedexemp,z0,0
13436.state,InD,ID
11725.gender,lM,M
18352.state,IH,HI
11336.state,AI,IA
9168.singleexemp,***,0
19341.gender,,F
17892.city,CHARLOTiTE,CHARLOTTE
14898.childexemp,z0,0
1162.childexemp,y0,0
13771.marriedexemp,x0,0
18884.childexemp,***,0
19622.city,PARApDISE,PARADISE
17486.childexemp,i0,0
10611.city,CAMPTOeN,CAMPTON
1105.state,T,MT
14550.singleexemp,h0,0
15564.state,R,AR
11430.gender,,F
19248.singleexemp,***,0
8144.state,IH,HI
1457.city,PARKERSBURzG,PARKERSBURG
7562.childexemp,,0
5246.city,KETHLUK,KWETHLUK
18782.marriedexemp,,0
1114.singleexemp,,0
13598.marriedexemp,,0
10638.state,tDC,DC
17040.singleexemp,i0,0
4182.singleexemp,***,0
10098.state,RO,OR
843.gender,,M
2126.singleexemp,***,0
12944.state,uDC,DC
15067.gender,***,M
13239.state,wID,ID
5795.gender,tM,M
13295.city,CHALROTTESVILLE,CHARLOTTESVILLE
10000.singleexemp,***,0
4696.state,rCT,CT
19431.city,CdANON CITY,CANON CITY
11798.state,D,ID
7702.singleexemp,,0
10709.marriedexemp,***,0
369.singleexemp,q0,0
16597.city,LINCLON,LINCOLN
1307.singleexemp,,0
14269.marriedexemp,,0
15691.marriedexemp,***,0
1188.gender,***,F
17614.city,DEERFIELD TREET,DEERFIELD STREET
13284.childexemp,s0,0
12487.state,IsD,ID
13739.state,qMI,MI
9565.city,CHURCHIVLLE,CHURCHVILLE
2267.state,DfC,DC
3496.childexemp,100,1000
4897.state,C,DC
6207.singleexemp,u0,0
19599.state,JN,NJ
17277.state,IH,HI
17219.singleexemp,y0,0
6044.gender,***,M
5792.singleexemp,***,0
18415.singleexemp,,0
2835.gender,***,M
17019.gender,***,F
17900.singleexemp,a0,0
19753.singleexemp,x0,0
12270.city,CARSON ITY,CARSON CITY
2893.city,LAS CeRUCES,LAS CRUCES
13658.childexemp,,0
5873.childexemp,***,0
15209.marriedexemp,,0
1051.singleexemp,***,0
13643.gender,,M
11017.singleexemp,***,0
13510.childexemp,***,0
15990.marriedexemp,h0,0
5362.state,CD,DC
14526.singleexemp,u0,0
604.state,CD,DC
14046.gender,tF,F
15754.gender,,F
11205.singleexemp,l0,0
7709.city,NOCHS,ENOCHS
19754.marriedexemp,,0
14815.state,D,ID
232.marriedexemp,m0,0
5236.singleexemp,***,0
2432.marriedexemp,x0,0
19661.childexemp,t20,20
13026.childexemp,,0
19308.city,CAMP SHEmRMAN,CAMP SHERMAN
7096.state,DsC,DC
6105.childexemp,***,0
2759.city,COEUR D ALEEN,COEUR D ALENE
13360.state,CD,DC
18994.city,SiUNSET,SUNSET
19250.marriedexemp,,0
15948.state,eID,ID
16349.singleexemp,***,0
4156.childexemp,i0,0
16481.childexemp,,0
12231.singleexemp,,0
14206.city,CLAR,CLEAR
839.childexemp,10o00,1000
19058.gender,***,M
11822.marriedexemp,750,7150
13884.state,D,ID
14148.city,CENTERIVLLE,CENTERVILLE
6922.marriedexemp,***,0
15298.gender,***,F
11842.singleexemp,,0
10043.childexemp,u2000,2000
4358.state,hDC,DC
9289.marriedexemp,,0
3497.state,oWY,WY
15412.state,dHI,HI
5521.state,lDC,DC
6453.city,CALpIENTE,CALIENTE
6562.gender,,M
6970.marriedexemp,***,0
7316.singleexemp,2750,12750
3391.singleexemp,10,110
14467.marriedexemp,***,0
1963.state,CN,NC
13623.marriedexemp,***,0
14803.city,CARIZOZO,CARRIZOZO
6899.marriedexemp,,0
5032.city,BRADFOwRD,BRADFORD
3514.state,L,FL
3100.state,I,HI
1305.state,C,DC
8811.state,I,HI
18854.state,JN,NJ
685.gender,fM,M
8186.state,fSD,SD
19968.state,T,MT
8274.childexemp,330,3300
17814.city,CiHESTER,CHESTER
990.state,yDC,DC
16242.city,CATAON,CATANO
19212.gender,iM,M
13275.childexemp,,0
18689.gender,***,F
10510.childexemp,s0,0
17821.singleexemp,r0,0
9229.childexemp,370,1370
8364.marriedexemp,,0
5062.childexemp,00,900
3316.marriedexemp,,0
15216.state,C,NC
15358.state,YK,KY
126.state,CD,DC
16665.state,AI,IA
1567.singleexemp,,0
14527.singleexemp,***,0
17220.state,A,GA
13322.childexemp,***,0
15397.marriedexemp,,0
10534.city,KWIGILINGOK,KWIGILLINGOK
4865.singleexemp,***,0
17548.gender,uF,F
12007.singleexemp,200,2100
17469.state,I,HI
385.state,KbY,KY
10586.childexemp,500,1500
300.gender,***,M
6419.state,fIA,IA
12298.singleexemp,300,3300
2685.childexemp,j3000,3000
6043.marriedexemp,04,40
14482.marriedexemp,***,0
12520.childexemp,,0
9872.childexemp,***,0
17044.gender,,F
7219.state,XT,TX
16371.city,CEDAR jCITY,CEDAR CITY
8377.gender,,F
2800.marriedexemp,***,0
2696.state,CD,DC
11045.state,C,DC
15674.childexemp,***,0
13736.city,CeHUGWATER,CHUGWATER
10865.state,cID,ID
11892.childexemp,***,0
2968.marriedexemp,t0,0
7546.gender,bF,F
17393.marriedexemp,***,0
13079.state,A,GA
17274.singleexemp,m0,0
6946.city,ACROLINA,CAROLINA
18096.state,I,WI
6158.marriedexemp,e0,0
19589.marriedexemp,,0
17641.childexemp,***,0
19583.state,AI,IA
15592.childexemp,***,0
196.childexemp,400,2400
15047.marriedexemp,***,0
8351.singleexemp,***,0
4100.childexemp,2745,2475
14420.city,CLARKS HLL,CLARKS HILL
4251.state,HfI,HI
8209.childexemp,,0
8087.marriedexemp,***,0
11851.state,HmI,HI
18014.childexemp,***,0
17396.city,POiWHATTAN,POWHATTAN
16639.childexemp,,0
13627.marriedexemp,***,0
17672.marriedexemp,,0
4717.city,WASHINGTNO,WASHINGTON
17212.state,A,CA
11470.marriedexemp,i0,0
17439.marriedexemp,,0
19565.city,CARPON,CAPRON
15289.gender,,F
16463.singleexemp,***,0
15098.singleexemp,l0,0
17965.city,AWSHINGTON,WASHINGTON
12422.childexemp,***,0
5757.marriedexemp,z0,0
792.state,DgC,DC
17486.singleexemp,,0
10667.singleexemp,4500***,4500
7633.singleexemp,,0
11780.singleexemp,***,0
18863.city,CAPE GIRARDAEU,CAPE GIRARDEAU
2809.childexemp,,0
4595.state,C,DC
4122.city,CAROLIbNA,CAROLINA
3757.state,fIA,IA
12743.childexemp,33l00,3300
8177.state,A,VA
13128.singleexemp,,0
18281.city,CENTRAL FAzLLS,CENTRAL FALLS
16477.singleexemp,o0,0
5741.gender,,F
8009.city,CEYENNE,CHEYENNE
16470.gender,***,F
16607.childexemp,***,0
146.state,CD,DC
3318.childexemp,300,3300
6518.state,DI,ID
7968.singleexemp,3170,1370
16863.marriedexemp,j0,0
3065.city,UCKEYSTOWN,BUCKEYSTOWN
13330.state,DhC,DC
3720.singleexemp,,0
15983.city,CEIAB,CEIBA
274.marriedexemp,h0,0
5843.state,HwI,HI
2819.city,HCEYENNE,CHEYENNE
17721.state,NoJ,NJ
3063.marriedexemp,***,0
13187.marriedexemp,2600***,2600
3835.state,cGA,GA
19240.childexemp,,0
3169.singleexemp,3300***,3300
14803.singleexemp,v0,0
18342.state,HjI,HI
9457.state,tID,ID
19219.singleexemp,,0
19826.childexemp,***,0
4942.gender,mF,F
3448.gender,,F
3569.state,fDC,DC
13975.state,I,HI
19192.marriedexemp,700,5700
17002.gender,***,F
1723.city,LITTLETOlN,LITTLETON
5407.state,A,MA
3840.singleexemp,,0
16666.marriedexemp,***,0
12466.childexemp,***,0
15943.marriedexemp,,0
12533.gender,,F
4714.childexemp,***,0
16465.marriedexemp,l0,0
8128.childexemp,***,0
5844.childexemp,300,3000
2103.childexemp,,0
8791.gender,,F
6596.gender,***,M
2819.singleexemp,c0,0
19454.singleexemp,,0
19694.state,KyS,KS
18112.city,HERIDAN,SHERIDAN
18484.marriedexemp,***,0
18955.city,CENTER STRAFORD,CENTER STRAFFORD
5558.state,I,HI
19363.city,MIDDLETOWN***,MIDDLETOWN
738.singleexemp,j0,0
18793.gender,***,F
8307.marriedexemp,600,6600
17996.marriedexemp,,0
8185.childexemp,,0
10433.marriedexemp,***,0
13916.childexemp,k0,0
19667.marriedexemp,,0
15257.state,NyM,NM
5084.singleexemp,70e0,700
5675.state,Y,NY
17966.gender,***,M
9457.singleexemp,c0,0
10164.singleexemp,,0
6070.childexemp,w0,0
16715.childexemp,***,0
8590.marriedexemp,z0,0
12656.childexemp,***,0
18809.singleexemp,***,0
7184.state,A,VA
9704.state,zDC,DC
2381.state,C,DC
5856.gender,,F
10139.childexemp,***,0
2079.gender,***,M
11648.childexemp,v0,0
13269.city,INCLINE VILcLAGE,INCLINE VILLAGE
11936.marriedexemp,***,0
15679.gender,***,M
7656.state,CD,DC
7869.childexemp,b0,0
14848.state,D,ID
14237.gender,wF,F
8867.city,CATuANO,CATANO
12195.city,SHEE PSPRINGS,SHEEP SPRINGS
18259.marriedexemp,,0
12215.marriedexemp,***,0
18809.gender,tF,F
11588.childexemp,***,0
11209.state,D,ID
18062.singleexemp,***,0
267.state,ZA,AZ
18952.childexemp,***,0
2262.childexemp,***,0
4006.state,C,DC
17076.marriedexemp,,0
4168.marriedexemp,m0,0
2069.childexemp,***,0
14231.childexemp,1730,1370
12236.gender,cF,F
9480.gender,***,M
7469.marriedexemp,l0,0
14170.city,KnENNESAW,KENNESAW
7322.city,CINCINNlATI,CINCINNATI
1754.state,IoA,IA
4587.singleexemp,150c0,1500
17063.city,STANFORVILLE,STANFORDVILLE
17246.city,JExRSEYVILLE,JERSEYVILLE
16859.childexemp,d0,0
12083.singleexemp,***,0
17522.state,HeI,HI
11472.city,CHEEYNNE,CHEYENNE
11446.marriedexemp,600,6600
16870.childexemp,***,0
9367.city,vMIDLAND,MIDLAND
10090.singleexemp,i0,0
13465.marriedexemp,,0
4585.singleexemp,,0
1932.state,CD,DC
19005.singleexemp,***,0
8877.childexemp,u0,0
5068.gender,lM,M
1385.marriedexemp,,0
12417.marriedexemp,***,0
6478.gender,cF,F
10169.city,BUL,BUHL
9557.state,C,DC
10003.city,CENTER STRAFFROD,CENTER STRAFFORD
14499.gender,***,F
14715.childexemp,,0
5997.marriedexemp,***,0
9676.state,C,DC
11948.marriedexemp,***,0
14014.singleexemp,***,0
16583.state,bID,ID
13167.state,CD,DC
4207.city,CHoESTER,CHESTER
19805.state,A,IA
3272.state,T,CT
18943.city,CARLSBOG,CARLSBORG
5429.singleexemp,***,0
13509.marriedexemp,y0,0
17785.singleexemp,***,0
10787.childexemp,v0,0
15012.marriedexemp,4200***,4200
14193.gender,,M
12727.state,H,NH
5631.state,C,DC
6408.city,SANTA RSOA,SANTA ROSA
12143.city,CLAYVILE,CLAYVILLE
9054.marriedexemp,6600***,6600
1197.gender,zF,F
12971.singleexemp,***,0
14296.city,BLUE HIkLL,BLUE HILL
1616.childexemp,3300***,3300
14862.city,CHARLESTjOWN,CHARLESTOWN
398.state,N,TN
16317.singleexemp,,0
852.gender,***,F
16843.marriedexemp,s0,0
5882.city,REON,RENO
19498.childexemp,s0,0
5962.state,C,DC
12522.marriedexemp,,0
18109.gender,,F
8494.marriedexemp,***,0
9718.childexemp,***,0
557.gender,***,F
5207.city,DUNBARTxON,DUNBARTON
6865.childexemp,f0,0
5017.marriedexemp,f0,0
19573.childexemp,***,0
11333.city,CHATHMA,CHATHAM
14608.state,IoA,IA
7102.city,PoROVO,PROVO
13231.gender,zF,F
15296.state,DI,ID
8386.city,CARRIZOZO***,CARRIZOZO
10934.gender,,M
7742.state,C,DC
13220.singleexemp,***,0
18076.city,HIMNEY ROCK,CHIMNEY ROCK
10677.gender,***,F
14965.city,IRCHFIELD,RICHFIELD
485.marriedexemp,***,0
15994.gender,,F
4979.childexemp,***,0
14901.state,aOH,OH
7549.state,TV,VT
4903.gender,***,F
18825.marriedexemp,,0
10314.marriedexemp,h0,0
5278.state,C,SC
5650.singleexemp,19n00,1900
613.childexemp,f272,272
15468.gender,rF,F
3309.marriedexemp,06,206
2347.city,MERIDxEN,MERIDEN
6714.state,AI,IA
19154.city,CbARLISLE,CARLISLE
10780.marriedexemp,***,0
8521.singleexemp,***,0
10313.childexemp,t0,0
14742.childexemp,00,400
15401.singleexemp,h0,0
12420.city,BILOIX,BILOXI
12874.state,C,DC
5043.city,CARRbINGTON,CARRINGTON
18374.marriedexemp,q0,0
3521.state,N,TN
12914.state,O,MO
13729.city,PAEGLAND,PAGELAND
8763.marriedexemp,,0
17295.state,Z,AZ
3818.state,C,DC
16085.marriedexemp,e0,0
14378.childexemp,27i2,272
1639.city,HENYR,HENRY
13490.childexemp,,0
7927.gender,,F
361.state,S,KS
9441.state,dDC,DC
5503.marriedexemp,r0,0
18105.state,HsI,HI
6321.state,CD,DC
1490.city,LOS ALnAMOS,LOS ALAMOS
6627.singleexemp,,0
5011.city,CAPTAIN OOK,CAPTAIN COOK
10510.state,I,HI
4714.singleexemp,,0
16349.state,D,ID
7702.state,TU,UT
13018.marriedexemp,s0,0
18942.marriedexemp,***,0
19093.state,L,IL
14371.state,D,ID
8282.gender,,F
10492.childexemp,***,0
24.childexemp,200,2000
12223.marriedexemp,,0
19294.childexemp,f0,0
9278.singleexemp,,0
70.state,CD,DC
4565.state,DI,ID
17014.marriedexemp,,0
12165.childexemp,***,0
10395.gender,***,F
17540.state,IiD,ID
10760.singleexemp,***,0
19740.city,CvLAYTON,CLAYTON
16838.state,N,MN
18943.childexemp,,0
8084.childexemp,***,0
6095.singleexemp,13,103
9320.state,DI,ID
19477.city,CLAMYONT,CLAYMONT
8528.childexemp,***,0
140.state,M,NM
18940.childexemp,,0
7613.marriedexemp,,0
15276.marriedexemp,1v800,1800
6168.childexemp,i0,0
8207.marriedexemp,r0,0
18518.city,MILWAUKE,MILWAUKEE
3766.state,D,ID
3226.city,CHESTERIFELD,CHESTERFIELD
3468.city,ELWOD,ELWOOD
9857.state,DmC,DC
5757.gender,,F
8061.marriedexemp,,0
10436.gender,wF,F
16556.marriedexemp,a0,0
19815.marriedexemp,1800***,1800
7451.city,LCAYMONT,CLAYMONT
10321.singleexemp,v0,0
19603.gender,wF,F
9213.gender,cF,F
9859.state,C,DC
16939.gender,,M
11129.singleexemp,***,0
14360.city,YANDOTTE,WYANDOTTE
10493.gender,uF,F
1560.childexemp,,0
6438.singleexemp,101,110
1001.marriedexemp,3z000,3000
2578.city,CAROLgINA,CAROLINA
619.childexemp,***,0
17385.childexemp,z0,0
7363.state,rMA,MA
2888.state,ePA,PA
14767.state,A,IA
13057.gender,,F
5516.city,CoLAIRE CITY,CLAIRE CITY
11703.state,IaD,ID
15172.childexemp,,0
19598.childexemp,,0
18452.state,R,PR
10920.childexemp,000,1000
3619.city,BLUE IRDGE,BLUE RIDGE
8421.state,CD,DC
14234.marriedexemp,,0
10406.childexemp,,0
10306.state,CD,DC
9460.city,BRAoDFORD,BRADFORD
19649.state,J,NJ
14799.gender,tF,F
2089.state,lNH,NH
17439.city,CLVEELAND,CLEVELAND
12658.childexemp,2f475,2475
15827.marriedexemp,l0,0
19646.marriedexemp,g0,0
5659.city,GOLVER,GLOVER
1722.state,IH,HI
16562.gender,mM,M
3795.childexemp,y0,0
17723.city,CAMPBiELL,CAMPBELL
16689.childexemp,h0,0
14250.city,CPTAIN COOK,CAPTAIN COOK
16323.state,D,ID
14217.marriedexemp,t0,0
5610.gender,***,F
7622.singleexemp,t0,0
9769.city,LAaREDO,LAREDO
12432.marriedexemp,***,0
18335.city,kCHARLESTON,CHARLESTON
8375.childexemp,***,0
3016.city,PIENTOP,PINETOP
14053.singleexemp,s0,0
18809.childexemp,***,0
15970.gender,,M
18798.state,IH,HI
7935.state,Y,WY
12589.singleexemp,***,0
15888.city,HMPTON,HAMPTON
17784.marriedexemp,,0
8081.singleexemp,e0,0
17982.singleexemp,l0,0
16371.singleexemp,,0
12512.city,CARSONz CITY,CARSON CITY
12539.state,D,ID
2037.marriedexemp,u0,0
7674.marriedexemp,o0,0
19631.marriedexemp,,0
6187.gender,yF,F
6670.gender,,M
12845.marriedexemp,2m06,206
16441.childexemp,***,0
16463.state,DI,ID
19069.marriedexemp,z40,40
16015.gender,***,F
16235.singleexemp,,0
6571.singleexemp,3030,3300
7293.city,OZE,ZOE
12892.city,CLATYON,CLAYTON
16204.childexemp,v0,0
19697.city,BUREN,BURDEN
15128.singleexemp,p0,0
13304.childexemp,,0
12408.marriedexemp,***,0
12969.childexemp,3300***,3300
4253.city,GRAaPEVINE,GRAPEVINE
4052.marriedexemp,***,0
17390.marriedexemp,***,0
1526.state,IH,HI
13269.childexemp,,0
14540.gender,,F
7150.state,DqC,DC
12782.childexemp,,0
6473.singleexemp,***,0
9523.marriedexemp,***,0
7108.gender,,F
18164.gender,***,F
7570.singleexemp,h0,0
14696.gender,iF,F
6386.marriedexemp,,0
19253.singleexemp,c0,0
14650.childexemp,***,0
17728.gender,,F
5083.gender,pF,F
16599.city,ACNTON,CANTON
10492.city,GERLsACH,GERLACH
12935.state,D,ID
19534.gender,kF,F
13291.state,D,SD
15107.singleexemp,r0,0
19222.singleexemp,o0,0
19248.city,CEDAR REST,CEDAR CREST
19543.state,S,MS
6078.childexemp,z0,0
16745.state,D,ID
16709.city,CLEAR BROKO,CLEAR BROOK
19381.marriedexemp,f0,0
2862.state,CD,DC
7173.city,xCROMWELL,CROMWELL
16771.childexemp,,0
16136.city,CeHESTERFIELD,CHESTERFIELD
19369.marriedexemp,i0,0
4203.gender,vM,M
4856.state,TkX,TX
4183.state,eHI,HI
16074.singleexemp,***,0
18593.state,ImA,IA
15411.singleexemp,20j00,2000
7146.singleexemp,3010,3100
6507.singleexemp,-*,0-*
5337.state,C,DC
12589.childexemp,,0
9807.gender,***,M
3119.gender,iM,M
10306.gender,,F
19680.singleexemp,r0,0
2791.state,eNV,NV
11122.marriedexemp,f0,0
7648.childexemp,***,0
14506.state,D,ID
13363.singleexemp,t0,0
19812.singleexemp,w0,0
14547.singleexemp,***,0
3576.singleexemp,100,2100
19571.childexemp,,0
1985.gender,***,M
16840.gender,cF,F
17669.childexemp,***,0
16889.city,CNAAAN,CANAAN
8975.state,VrA,VA
19214.gender,***,F
14341.state,XT,TX
10371.marriedexemp,***,0
11791.gender,,F
13300.city,EST OSSIPEE,WEST OSSIPEE
4659.state,HN,NH
2231.state,C,DC
15466.city,CnLEVELAND,CLEVELAND
1890.city,SAINT PAxTRICK,SAINT PATRICK
8826.gender,eF,F
7237.childexemp,r0,0
6465.city,TYOEK,TYONEK
8237.marriedexemp,r0,0
10946.singleexemp,c0,0
4315.state,C,DC
10061.marriedexemp,,0
10198.city,TIN CITY,TWIN CITY
14097.marriedexemp,z0,0
11694.singleexemp,***,0
3450.singleexemp,2000***,2000
6961.gender,eM,M
9619.singleexemp,***,0
5583.state,CD,DC
16789.singleexemp,,0
5915.gender,***,F
9657.singleexemp,00,700
15935.city,CHARESTOWN,CHARLESTOWN
17543.singleexemp,1000***,1000
15555.city,TOEDO,TOLEDO
11594.city,CHLSEA,CHELSEA
2803.childexemp,0100,1000
16305.state,I,HI
18573.state,AI,IA
14062.state,sNM,NM
3318.gender,***,M
10041.singleexemp,n0,0
17155.marriedexemp,400,4000
12652.marriedexemp,o0,0
9886.singleexemp,,0
12021.state,JN,NJ
13543.gender,***,F
7127.gender,dF,F
12573.state,VN,NV
14763.city,CAROLNA,CAROLINA
7830.childexemp,s0,0
18439.state,KcY,KY
9061.state,CD,DC
3507.state,DI,ID
5461.singleexemp,q0,0
6700.singleexemp,,0
16262.city,CHATfHAM,CHATHAM
17927.singleexemp,***,0
17191.childexemp,p0,0
11180.state,rDC,DC
17020.city,CHARELSTOWN,CHARLESTOWN
16578.childexemp,***,0
7488.city,CHAMuBERLAIN,CHAMBERLAIN
19026.state,IH,HI
10171.singleexemp,2070,2700
15730.state,DI,ID
12159.state,sDC,DC
4603.singleexemp,m0,0
9455.singleexemp,m0,0
8541.state,T,CT
12524.state,DI,ID
15220.gender,***,F
9631.gender,***,M
858.gender,,M
4032.city,OCATS,COATS
5465.singleexemp,***,0
9206.childexemp,***,0
5542.childexemp,,0
10097.gender,hM,M
7918.gender,***,M
19704.gender,yF,F
18970.gender,,F
6208.singleexemp,78,87
15406.childexemp,q0,0
5938.state,rDC,DC
7386.gender,***,M
15869.gender,pF,F
10932.state,D,ID
16030.city,CHARLEzSTON,CHARLESTON
16754.marriedexemp,***,0
3787.state,DI,ID
17726.childexemp,,0
17628.childexemp,e0,0
13508.state,fDC,DC
13117.marriedexemp,r0,0
5642.singleexemp,,0
13260.city,CAHMA,CHAMA
8068.gender,,F
5584.state,vDC,DC
18420.singleexemp,,0
15416.state,OM,MO
11966.city,LAUcREL,LAUREL
14013.city,MEEKEvR,MEEKER
6537.singleexemp,220,2250
3575.state,DgC,DC
10264.state,cDC,DC
4538.marriedexemp,500,4500
15497.gender,***,F
721.singleexemp,***,0
18408.marriedexemp,***,0
9153.state,nDC,DC
13812.city,CRASON CITY,CARSON CITY
4803.childexemp,***,0
2644.singleexemp,330,3300
17921.gender,cF,F
5003.childexemp,a0,0
8796.singleexemp,q0,0
13576.city,LOYMPIA,OLYMPIA
817.childexemp,***,0
2844.childexemp,3c300,3300
1724.city,LUQIULLO,LUQUILLO
8170.state,D,ID
10806.marriedexemp,a2000,2000
4954.marriedexemp,***,0
14163.singleexemp,,0
4202.state,C,DC
18528.singleexemp,v0,0
6706.state,DI,ID
12292.city,CARIN,CARDIN
12434.marriedexemp,,0
12269.gender,,F
8233.childexemp,e0,0
9722.childexemp,3030,3300
13503.city,ROVIDENCE,PROVIDENCE
4369.marriedexemp,6600***,6600
12913.singleexemp,3030,3300
8559.singleexemp,y0,0
12641.singleexemp,***,0
10852.marriedexemp,,0
16513.city,HORESPEN,HORSEPEN
3107.childexemp,3a00,300
19513.singleexemp,02,20
9266.gender,,F
9831.marriedexemp,7c150,7150
17727.singleexemp,n0,0
13269.singleexemp,***,0
8179.state,T,VT
5544.childexemp,,0
1158.childexemp,***,0
12714.marriedexemp,,0
1991.state,M,NM
2836.city,GUAYANIgLLA,GUAYANILLA
15085.singleexemp,,0
13359.singleexemp,***,0
4904.city,MOBIEL,MOBILE
3836.state,C,DC
6094.gender,,F
12106.state,C,DC
3757.city,CAHRLOTTE,CHARLOTTE
14978.singleexemp,n0,0
17134.state,A,IA
18552.singleexemp,***,0
5331.singleexemp,o2475,2475
16979.childexemp,w0,0
8124.marriedexemp,,0
2939.state,C,DC
8135.singleexemp,u0,0
7071.state,Y,WY
5496.state,YW,WY
8771.city,ARSON CITY,CARSON CITY
6368.gender,***,F
19261.gender,,M
14058.singleexemp,***,0
10522.city,NNIS,ENNIS
15428.gender,,F
15679.childexemp,m0,0
15895.childexemp,u0,0
7148.singleexemp,,0
3030.gender,,F
12210.city,HARLOTTE,CHARLOTTE
4531.singleexemp,70,700
12125.singleexemp,***,0
12147.gender,***,F
13328.childexemp,***,0
12905.marriedexemp,***,0
15302.gender,,F
4973.city,EALIA,KEALIA
11394.singleexemp,,0
11516.gender,,F
19360.singleexemp,e0,0
7500.marriedexemp,4800***,4800
4666.state,IH,HI
8902.marriedexemp,z0,0
6238.singleexemp,000,1000
17238.gender,kF,F
19033.state,D,ID
15758.gender,iF,F
8273.singleexemp,,0
1437.state,H,OH
17114.marriedexemp,***,0
16534.singleexemp,w0,0
9246.state,CD,DC
17189.city,WIMLINGTON,WILMINGTON
9814.gender,,F
17614.singleexemp,,0
5511.state,zNC,NC
13672.state,C,DC
5787.childexemp,,0
18298.singleexemp,f0,0
9439.city,CASON CITY,CARSON CITY
17999.marriedexemp,,0
15728.singleexemp,***,0
18964.marriedexemp,***,0
253.childexemp,230x0,2300
19848.childexemp,a0,0
18452.city,CAEYY,CAYEY
19116.marriedexemp,p4800,4800
18862.singleexemp,,0
12001.gender,***,M
7637.state,DzC,DC
14391.city,CHwUGWATER,CHUGWATER
14098.singleexemp,***,0
8840.city,CLAYTONLAKE,CLAYTON LAKE
4504.city,SPRAKS,SPARKS
18939.city,SEATTdLE,SEATTLE
18906.singleexemp,f0,0
569.childexemp,,0
19953.gender,***,F
13716.state,A,VA
12272.childexemp,,0
13162.state,uIL,IL
19066.state,A,IA
19555.state,Y,NY
9720.state,CS,SC
639.state,CD,DC
14711.marriedexemp,h0,0
19884.marriedexemp,***,0
18221.city,WASIHNGTON,WASHINGTON
2920.gender,,F
19633.city,CHEYENEN,CHEYENNE
17206.state,T,CT
4709.childexemp,,0
16745.singleexemp,***,0
3039.marriedexemp,,0
17684.marriedexemp,h0,0
9060.gender,gM,M
5036.marriedexemp,0,40
7921.marriedexemp,***,0
9812.marriedexemp,***,0
11223.singleexemp,28a50,2850
17265.state,A,IA
12749.state,IrA,IA
1169.state,CD,DC
14371.singleexemp,j0,0
6228.city,REDERICA,FREDERICA
307.marriedexemp,o0,0
13526.marriedexemp,***,0
15623.state,V,NV
8303.gender,,F
18924.childexemp,,0
17713.city,CEADR CITY,CEDAR CITY
12919.city,CHESWODL,CHESWOLD
18870.singleexemp,200,2000
3945.city,CcECIL,CECIL
19273.gender,***,F
17660.childexemp,,0
12654.singleexemp,,0
10325.gender,,F
15588.gender,,M
15504.city,CIMARRON***,CIMARRON
4718.city,ASPER,CASPER
18136.city,CHALRESTON,CHARLESTON
5229.gender,,M
11200.city,CAvTANO,CATANO
6953.childexemp,,0
10328.city,CLEARFEILD,CLEARFIELD
13765.marriedexemp,,0
3001.gender,sF,F
9046.childexemp,a0,0
17866.childexemp,d0,0
12014.gender,***,M
17324.gender,***,F
9118.state,IbL,IL
17360.marriedexemp,***,0
9964.state,fDC,DC
9334.childexemp,***,0
18612.singleexemp,c0,0
19785.singleexemp,300,3300
6185.marriedexemp,000,4000
5155.city,CENTERVILLpE,CENTERVILLE
8880.singleexemp,p0,0
12935.singleexemp,***,0
17889.city,AS VEGAS,LAS VEGAS
5516.marriedexemp,i0,0
1291.state,DmC,DC
6918.marriedexemp,66k00,6600
6887.childexemp,z0,0
14103.marriedexemp,,0
19586.marriedexemp,***,0
17566.singleexemp,,0
14894.childexemp,u0,0
16266.gender,lM,M
16846.marriedexemp,***,0
7470.gender,***,M
15597.state,AP,PA
3421.gender,,M
19241.marriedexemp,g0,0
3977.state,HcI,HI
15408.marriedexemp,c0,0
345.city,LAFYAETTE,LAFAYETTE
14743.childexemp,s0,0
16074.childexemp,,0
9664.marriedexemp,,0
12011.singleexemp,k0,0
8580.state,D,ND
9388.childexemp,u0,0
6475.city,WEBSTRE,WEBSTER
12416.state,cID,ID
2425.gender,fF,F
18976.city,REM,OREM
7718.marriedexemp,40c00,4000
17169.city,CASANER,CASTANER
12977.singleexemp,***,0
10993.singleexemp,,0
8400.singleexemp,,0
6221.state,IH,HI
19469.city,HESTERFIELD,CHESTERFIELD
10993.state,DI,ID
15895.singleexemp,***,0
18391.singleexemp,***,0
12527.gender,,M
12976.state,OmR,OR
18312.city,GOSqHEN,GOSHEN
18966.gender,eF,F
6635.state,L,FL
11452.marriedexemp,0,40
4966.marriedexemp,m0,0
6526.state,wDC,DC
18785.state,AI,IA
1655.childexemp,100,1040
11903.marriedexemp,q0,0
3644.state,TzN,TN
2855.childexemp,,0
17772.gender,,F
7795.gender,,M
14400.childexemp,,0
16922.marriedexemp,p0,0
17779.singleexemp,,0
15447.city,CENTRL,CENTRAL
7599.singleexemp,m0,0
6284.city,RILLION,BRILLION
18483.childexemp,w3000,3000
11495.gender,***,F
18036.state,DI,ID
14084.gender,pM,M
8825.singleexemp,,0
9480.singleexemp,v0,0
8215.city,CANTNO,CANTON
17831.gender,***,F
13228.state,L,AL
19018.city,COCHRAzNVILLE,COCHRANVILLE
15594.childexemp,,0
19604.state,OC,CO
5813.singleexemp,***,0
10462.state,HrI,HI
8262.childexemp,100,3100
19688.gender,,F
9376.singleexemp,,0
8255.marriedexemp,***,0
10977.city,CAeROLINA,CAROLINA
17574.singleexemp,m0,0
12766.gender,***,F
13649.state,DtC,DC
14192.marriedexemp,***,0
11751.childexemp,,0
13870.gender,,F
73.marriedexemp,0400,4000
16128.singleexemp,***,0
14811.state,R,OR
15087.childexemp,i20,20
19416.state,DI,ID
5506.singleexemp,200,2000
5751.state,T,VT
3801.state,DI,ID
3261.city,CHRLESTON,CHARLESTON
8158.gender,kF,F
19217.singleexemp,,0
11370.childexemp,n0,0
14315.marriedexemp,***,0
14374.singleexemp,,0
6617.marriedexemp,,0
15400.childexemp,i0,0
9922.singleexemp,,0
12794.state,TzX,TX
9024.gender,,F
8538.state,DuC,DC
14912.marriedexemp,,0
5627.gender,***,F
12548.city,CwLINTON,CLINTON
8100.state,T,MT
1301.state,mAL,AL
4469.state,LA,AL
16477.state,DI,ID
5662.marriedexemp,***,0
8083.city,WAIMANALaO,WAIMANALO
16734.state,IH,HI
7796.marriedexemp,,0
3770.gender,,M
11421.city,CHARLESTbON,CHARLESTON
15796.gender,,F
8379.singleexemp,,0
9385.childexemp,,0
16773.singleexemp,00,900
7209.childexemp,z0,0
5924.childexemp,***,0
17860.singleexemp,***,0
5139.state,KA,AK
16616.marriedexemp,***,0
4616.city,CLEAR PSRING,CLEAR SPRING
753.state,CD,DC
11508.childexemp,,0
2785.city,MOUNTAI NVIEW,MOUNTAIN VIEW
11871.state,IoD,ID
2809.state,I,RI
5671.gender,,F
8683.childexemp,***,0
4258.childexemp,c0,0
10193.childexemp,,0
14918.childexemp,***,0
11416.marriedexemp,,0
17311.state,EM,ME
13216.city,EGELEY,EDGELEY
5272.singleexemp,300,3300
12685.singleexemp,,0
5726.singleexemp,***,0
12364.gender,***,F
14458.marriedexemp,m0,0
19622.gender,,F
6887.gender,***,F
13792.singleexemp,k0,0
11987.childexemp,***,0
19604.city,OULDER,BOULDER
885.singleexemp,2j000,2000
17228.singleexemp,p0,0
6049.marriedexemp,6600***,6600
10306.marriedexemp,y0,0
4528.marriedexemp,e0,0
15686.marriedexemp,,0
18405.marriedexemp,,0
14308.gender,yF,F
11092.marriedexemp,21000,12000
15399.gender,,F
10110.marriedexemp,***,0
290.state,sDC,DC
16182.marriedexemp,r0,0
8403.state,CD,DC
7158.state,X,TX
18250.gender,tF,F
10608.gender,***,F
17691.gender,uF,F
261.state,sDC,DC
11219.state,NlJ,NJ
18007.singleexemp,***,0
2325.city,WASHrINGTON,WASHINGTON
10468.state,C,DC
609.gender,lM,M
16308.marriedexemp,w6600,6600
11182.childexemp,,0
17472.gender,***,F
10214.state,jDC,DC
15403.state,R,AR
5448.state,CD,DC
18918.gender,wM,M
19841.singleexemp,w0,0
4579.marriedexemp,700,5700
15612.gender,***,F
8517.city,CAVUR,CAVOUR
9543.marriedexemp,d0,0
18726.marriedexemp,,0
11586.marriedexemp,***,0
363.state,O,CO
18627.state,D,ID
17109.singleexemp,s0,0
13789.city,HCEYENNE,CHEYENNE
13265.gender,,F
11193.city,CLAYIVLLE,CLAYVILLE
10471.state,IbD,ID
12515.childexemp,q0,0
15458.singleexemp,,0
6703.singleexemp,m0,0
15052.singleexemp,2p000,2000
4000.state,cDC,DC
16780.city,COiDY,CODY
10869.childexemp,,0
13548.marriedexemp,h0,0
12862.marriedexemp,200,4200
13704.childexemp,,0
16982.marriedexemp,w0,0
12144.city,CLAVYILLE,CLAYVILLE
4334.gender,***,F
18868.marriedexemp,m0,0
2634.singleexemp,***,0
14346.childexemp,,0
19171.city,WILMINGTrON,WILMINGTON
10176.childexemp,j0,0
5943.state,nDC,DC
15609.childexemp,,0
13494.marriedexemp,,0
16292.gender,,F
12644.city,MANHATTNA,MANHATTAN
11652.marriedexemp,p0,0
2057.childexemp,,0
1608.singleexemp,***,0
7893.state,oDC,DC
7487.gender,xF,F
2558.marriedexemp,,0
8958.marriedexemp,2470,2740
17666.state,IhA,IA
7733.state,rDC,DC
18342.marriedexemp,b0,0
9975.state,nSD,SD
9543.state,AI,IA
3692.singleexemp,,0
10642.state,CD,DC
16730.childexemp,t0,0
18003.childexemp,***,0
19824.state,ItD,ID
11059.state,J,NJ
303.state,NaY,NY
7189.singleexemp,,0
18532.city,CALRKDALE,CLARKDALE
9249.gender,bF,F
16637.marriedexemp,20a6,206
19313.gender,,F
13428.state,CD,DC
18345.childexemp,***,0
17252.city,HCICAGO,CHICAGO
4776.singleexemp,,0
17331.state,H,NH
10016.childexemp,***,0
13972.state,A,IA
9846.singleexemp,***,0
16716.gender,***,F
10854.gender,***,F
10226.state,DI,ID
19175.city,CASTLEFOiRD,CASTLEFORD
6209.marriedexemp,,0
2849.city,EWNDOVER,WENDOVER
6996.city,FARBANKS,FAIRBANKS
19613.singleexemp,w0,0
10193.state,DjC,DC
2459.marriedexemp,***,0
8720.state,vTX,TX
19137.childexemp,,0
8722.gender,,F
12649.gender,,M
3954.gender,hM,M
7775.marriedexemp,,0
17716.childexemp,,0
16488.singleexemp,q0,0
11711.state,D,ID
7822.marriedexemp,***,0
11223.marriedexemp,f0,0
13225.state,AI,IA
6851.state,NeJ,NJ
14764.gender,wF,F
12394.singleexemp,p1040,1040
18869.singleexemp,***,0
3276.gender,aF,F
18806.city,RED ALLEY,RED VALLEY
18906.childexemp,j0,0
17906.gender,***,F
4498.childexemp,x0,0
14650.singleexemp,***,0
9332.city,WINNMEUCCA,WINNEMUCCA
19218.singleexemp,,0
12397.gender,kF,F
8895.state,HnI,HI
15968.childexemp,***,0
17159.city,CERRY HILL,CHERRY HILL
5195.state,jDC,DC
18218.marriedexemp,q0,0
8230.gender,***,M
5030.city,HIGtHMORE,HIGHMORE
8449.singleexemp,,0
10389.gender,***,F
16828.state,D,ID
15844.gender,***,M
6990.city,CHESTRE DEPOT,CHESTER DEPOT
2223.state,sDC,DC
18293.singleexemp,,0
7851.state,C,DC
2378.state,CD,DC
8911.singleexemp,***,0
14391.singleexemp,,0
8832.marriedexemp,s0,0
374.singleexemp,355,3575
8284.gender,,M
5435.childexemp,***,0
16204.state,IH,HI
19912.gender,vF,F
3351.city,SIMLAX,SMILAX
18847.state,J,NJ
11394.marriedexemp,6600***,6600
5286.marriedexemp,m0,0
19050.state,qCT,CT
10731.childexemp,,0
13730.state,C,DC
14350.state,IdD,ID
6239.gender,,F
19875.gender,,F
6837.gender,***,F
14129.childexemp,00,400
5745.singleexemp,n0,0
7581.singleexemp,***,0
4180.state,V,WV
1174.marriedexemp,***,0
4103.singleexemp,c0,0
3167.gender,***,F
569.gender,***,M
16387.singleexemp,e0,0
6724.marriedexemp,6020,6200
3116.state,C,DC
6274.city,TUnCSON,TUCSON
3592.gender,,F
2830.state,DnC,DC
18551.state,mID,ID
4798.city,CENTERVLILE,CENTERVILLE
18121.city,CLATON,CLAYTON
19401.marriedexemp,e0,0
2825.childexemp,***,0
5011.childexemp,***,0
16764.state,nID,ID
18148.gender,***,F
8776.childexemp,v0,0
4970.childexemp,s0,0
1196.state,DkC,DC
12224.gender,***,F
10815.city,WASHINxGTON,WASHINGTON
15406.marriedexemp,,0
11642.marriedexemp,q0,0
10783.gender,eF,F
7406.marriedexemp,g5400,5400
406.singleexemp,***,0
5376.singleexemp,500,1500
10352.marriedexemp,***,0
12833.childexemp,***,0
1689.state,MeO,MO
7440.city,MUANABO,MAUNABO
6787.state,yIA,IA
19634.city,cBRUNSWICK,BRUNSWICK
18152.state,H,OH
19867.singleexemp,***,0
1931.gender,,F
18836.singleexemp,m0,0
7158.gender,,F
5457.state,S,KS
13965.marriedexemp,n0,0
6202.state,EN,NE
19167.city,ESABROOK,SEABROOK
1834.marriedexemp,,0
17481.singleexemp,***,0
5979.marriedexemp,z0,0
17277.childexemp,10m40,1040
17763.marriedexemp,i0,0
7549.marriedexemp,a0,0
741.state,DzC,DC
13822.city,BIDGEWATER,BRIDGEWATER
18404.singleexemp,***,0
6776.childexemp,,0
18413.city,CNTERVILLE,CENTERVILLE
14460.singleexemp,240,2400
6247.childexemp,,0
3253.childexemp,27y2,272
10967.state,J,NJ
11808.childexemp,***,0
15750.singleexemp,0,40
8484.marriedexemp,,0
18166.marriedexemp,,0
8754.gender,jF,F
2661.city,ZONE,OZONE
13185.state,DzC,DC
5298.marriedexemp,***,0
18093.childexemp,,0
17371.marriedexemp,***,0
11752.gender,,M
9419.childexemp,l0,0
14418.singleexemp,***,0
13887.childexemp,***,0
2590.marriedexemp,150,7150
12993.gender,,F
15987.gender,***,F
10740.gender,,M
12623.gender,,F
18759.gender,***,F
16106.state,Y,WY
17102.childexemp,***,0
11764.childexemp,g2400,2400
15731.singleexemp,m0,0
18168.marriedexemp,,0
14130.childexemp,,0
5017.childexemp,d103,103
16696.state,D,ID
10245.gender,eF,F
10126.childexemp,***,0
790.gender,***,F
17103.gender,mF,F
4033.singleexemp,0,20
15423.marriedexemp,,0
1763.state,YN,NY
11984.marriedexemp,***,0
2537.childexemp,***,0
7545.childexemp,,0
2902.city,JODRAN VALLEY,JORDAN VALLEY
15704.childexemp,e0,0
15750.marriedexemp,***,0
13389.state,kDC,DC
3200.gender,***,F
16422.city,URKE,BURKE
13401.marriedexemp,n0,0
15490.state,D,ND
6995.marriedexemp,,0
5479.singleexemp,,0
16616.state,SM,MS
6249.state,V,NV
11951.childexemp,***,0
13970.childexemp,101,110
18245.marriedexemp,***,0
17761.state,AI,IA
3533.marriedexemp,***,0
12414.city,EDGETRON,EDGERTON
2391.singleexemp,355,3575
5442.state,CD,DC
14770.childexemp,***,0
12839.singleexemp,***,0
16408.state,jIA,IA
894.state,CD,DC
11070.gender,,F
11018.marriedexemp,***,0
19988.state,C,SC
7251.gender,hF,F
3506.city,CASCdADE,CASCADE
14685.childexemp,0100,1000
14222.singleexemp,,0
9138.marriedexemp,s0,0
12749.gender,,F
19431.childexemp,,0
14233.childexemp,k0,0
6005.childexemp,***,0
18123.childexemp,d0,0
17761.marriedexemp,f0,0
7432.state,sNY,NY
299.state,dOH,OH
10280.gender,***,F
2550.city,CEDAeR,CEDAR
7755.marriedexemp,j0,0
14626.marriedexemp,***,0
7364.childexemp,f0,0
15857.state,DI,ID
19465.singleexemp,d0,0
12745.childexemp,x3000,3000
15631.marriedexemp,f0,0
11612.childexemp,,0
13086.city,CHAaPMAN,CHAPMAN
14797.state,DI,ID
14562.state,JN,NJ
14922.marriedexemp,***,0
12331.state,pKS,KS
12694.state,AM,MA
19011.state,lWA,WA
11750.state,C,SC
2521.childexemp,***,0
6541.marriedexemp,i0,0
12367.childexemp,,0
19696.singleexemp,***,0
19019.city,CHACNO,CHACON
17121.singleexemp,,0
12750.childexemp,***,0
11847.singleexemp,***,0
5751.marriedexemp,o0,0
4961.state,wNH,NH
7319.city,ENDI,ENID
12336.gender,,F
196.city,BORWNSVILLE,BROWNSVILLE
5113.singleexemp,x3575,3575
10230.singleexemp,***,0
17025.state,IiA,IA
19511.singleexemp,u0,0
4279.singleexemp,220,2250
3194.marriedexemp,300,3000
3212.childexemp,***,0
12590.marriedexemp,d0,0
19687.marriedexemp,h0,0
9774.city,WST COLUMBIA,WEST COLUMBIA
11598.gender,***,M
10598.gender,***,F
11511.singleexemp,,0
12797.state,C,DC
5913.state,OC,CO
4373.marriedexemp,h0,0
17490.singleexemp,,0
9713.gender,,F
2437.marriedexemp,m0,0
17543.childexemp,10z00,1000
19385.city,TICA,UTICA
16185.marriedexemp,***,0
11084.state,DxC,DC
15041.singleexemp,150n0,1500
8802.childexemp,15s00,1500
9227.childexemp,,0
7142.state,DfC,DC
5394.gender,***,F
5764.marriedexemp,,0
968.marriedexemp,k0,0
16990.city,CAYYE,CAYEY
14068.state,KO,OK
19217.city,CEARMONT,CLEARMONT
2.marriedexemp,a0,0
17352.city,WASHINGON,WASHINGTON
15623.singleexemp,,0
19190.state,MlI,MI
14062.childexemp,,0
7450.state,C,DC
9933.marriedexemp,,0
6205.singleexemp,,0
14733.gender,***,F
1103.singleexemp,***,0
17798.state,xIA,IA
15080.state,DI,ID
18577.childexemp,j0,0
15503.gender,***,F
8044.childexemp,***,0
14330.singleexemp,,0
1698.singleexemp,***,0
10171.gender,mF,F
2104.city,PHOENIhX,PHOENIX
9421.singleexemp,***,0
1640.state,NzY,NY
6418.city,CHESAPEAK BEACH,CHESAPEAKE BEACH
18007.childexemp,,0
13752.state,HlI,HI
15811.singleexemp,,0
9593.gender,bM,M
12047.gender,***,F
17996.city,CLEAMRONT,CLEARMONT
16243.marriedexemp,4500,5400
4447.state,uID,ID
6174.state,C,DC
8422.state,DI,ID
16689.singleexemp,y0,0
3917.city,WAHINGTON,WASHINGTON
14736.state,D,ID
19300.singleexemp,,0
19003.marriedexemp,,0
7550.state,A,IA
16915.marriedexemp,***,0
860.marriedexemp,e0,0
16390.singleexemp,,0
10486.singleexemp,b0,0
6939.state,YN,NY
12646.state,dID,ID
2655.state,NI,IN
16298.state,AM,MA
15790.childexemp,,0
762.childexemp,1000***,1000
10298.city,STRY,STORY
17740.marriedexemp,74,174
12430.singleexemp,b0,0
7644.childexemp,***,0
2688.singleexemp,,0
5721.state,C,DC
17882.singleexemp,,0
9911.city,CHESOLD,CHESWOLD
1698.childexemp,1000***,1000
5836.gender,gM,M
9517.childexemp,h0,0
9211.singleexemp,,0
11089.singleexemp,***,0
14817.state,DI,ID
5436.singleexemp,***,0
10197.marriedexemp,,0
18573.gender,***,F
19298.city,FAIRBNKS,FAIRBANKS
16487.singleexemp,***,0
15422.singleexemp,6000***,6000
14348.marriedexemp,h0,0
14501.childexemp,a0,0
4239.state,A,IA
16221.marriedexemp,d0,0
16135.state,NnJ,NJ
12954.gender,***,F
11317.marriedexemp,***,0
2114.state,CD,DC
8412.childexemp,200,2400
12721.marriedexemp,u0,0
8454.marriedexemp,,0
11612.state,R,PR
13945.marriedexemp,o0,0
18848.childexemp,100j0,1000
19122.singleexemp,310w0,3100
15790.state,IH,HI
1502.marriedexemp,***,0
10530.state,J,NJ
12896.city,LNDER,LANDER
17457.childexemp,02,20
11604.gender,gF,F
19070.marriedexemp,,0
6327.state,CD,DC
9330.state,I,HI
5174.childexemp,***,0
7086.city,GpROTON,GROTON
12708.singleexemp,c0,0
5381.state,DjE,DE
8533.singleexemp,***,0
5222.marriedexemp,***,0
7605.marriedexemp,,0
18505.city,DEN,EDEN
855.state,H,NH
12004.gender,,F
12048.state,IH,HI
13286.singleexemp,3300***,3300
5784.marriedexemp,***,0
16837.marriedexemp,***,0
13080.gender,uM,M
8662.city,ANAAN,CANAAN
12244.state,WzI,WI
19156.singleexemp,c0,0
19248.childexemp,,0
18795.singleexemp,,0
6385.state,CD,DC
7824.state,IiD,ID
291.city,LA MDAERA,LA MADERA
10000.city,CEDAR CIY,CEDAR CITY
18951.gender,,F
1250.gender,,F
12565.childexemp,,0
8333.city,CARROLLTrON,CARROLLTON
16717.gender,cF,F
15442.state,SjD,SD
13607.childexemp,,0
8057.state,D,ID
16630.state,J,NJ
520.marriedexemp,***,0
12572.childexemp,***,0
14642.gender,***,F
14999.marriedexemp,***,0
13414.marriedexemp,200,2000
14141.gender,***,F
11263.state,AI,IA
5562.gender,,F
7804.state,rGA,GA
16251.marriedexemp,***,0
5098.singleexemp,c0,0
109.city,rGOLCONDA,GOLCONDA
11558.singleexemp,,0
16694.gender,xF,F
11215.marriedexemp,***,0
16375.singleexemp,u0,0
6472.singleexemp,***,0
14691.state,IH,HI
3479.state,vDC,DC
14208.city,CHUWATER,CHUGWATER
712.gender,,F
19222.city,CASS LKAE,CASS LAKE
10991.state,TU,UT
19925.gender,***,F
13624.gender,,F
4098.city,EASTd DOVER,EAST DOVER
19981.gender,,F
10529.state,NI,IN
18059.gender,,F
19212.city,FERRNO,FERRON
7559.state,mAR,AR
2398.singleexemp,2400***,2400
5787.singleexemp,,0
10382.childexemp,j0,0
9689.city,CtASCADE,CASCADE
13728.state,J,NJ
18174.marriedexemp,,0
13691.gender,lF,F
16494.marriedexemp,,0
15973.marriedexemp,,0
19526.singleexemp,,0
5747.childexemp,,0
4077.state,YK,KY
5366.childexemp,i0,0
7773.singleexemp,2040,2400
17459.gender,yF,F
17572.singleexemp,,0
15353.gender,***,F
19441.gender,,M
19336.gender,cM,M
17644.city,CENTRAL FALSL,CENTRAL FALLS
6305.state,CD,DC
9440.city,NEcWARK,NEWARK
15954.state,gNJ,NJ
9465.marriedexemp,,0
17854.childexemp,300***,300
18554.marriedexemp,n0,0
13014.singleexemp,250,2250
2683.singleexemp,2100***,2100
15568.singleexemp,,0
8418.gender,***,F
11678.gender,,F
9035.state,C,DC
14633.singleexemp,***,0
11357.state,C,DC
2876.childexemp,040,1040
15520.singleexemp,***,0
2284.marriedexemp,200,2080
7353.gender,,F
4397.gender,qF,F
8074.singleexemp,u0,0
994.gender,uM,M
2233.state,I,HI
18683.gender,,F
19268.singleexemp,w0,0
7148.childexemp,l0,0
19580.singleexemp,h0,0
13275.state,HgI,HI
13333.childexemp,r0,0
2836.singleexemp,,0
19397.gender,***,F
16099.state,jHI,HI
3047.singleexemp,***,0
16656.singleexemp,***,0
14572.state,R,AR
9442.childexemp,,0
7350.childexemp,,0
16191.childexemp,,0
12804.city,GOHEN,GOSHEN
2752.gender,,F
3501.gender,iF,F
11686.singleexemp,100a0,1000
3059.marriedexemp,,0
15980.childexemp,u0,0
9132.marriedexemp,6200***,6200
11615.state,DeC,DC
5131.city,OOKALA***,OOKALA
7239.singleexemp,y0,0
18991.marriedexemp,,0
17.marriedexemp,06,206
19606.singleexemp,,0
5723.singleexemp,2000***,2000
11134.state,DI,ID
210.singleexemp,***,0
10569.gender,***,F
11754.gender,kF,F
12258.childexemp,,0
7835.state,C,DC
19115.childexemp,r0,0
150.gender,,M
17049.city,CAYUvGA,CAYUGA
14997.singleexemp,,0
13696.singleexemp,,0
18928.marriedexemp,2000,12000
16094.childexemp,w0,0
11253.city,ARCHCAPE,ARCH CAPE
13892.gender,,F
11469.marriedexemp,400,4800
18120.childexemp,02,20
17126.gender,,F
18323.singleexemp,y0,0
11867.city,CHICOEPE,CHICOPEE
2643.marriedexemp,***,0
2218.childexemp,3100***,3100
13333.city,CAORLINA,CAROLINA
7088.marriedexemp,***,0
5559.state,C,DC
2806.city,COqVENTRY,COVENTRY
8533.state,OmR,OR
3537.state,C,DC
11837.state,fDC,DC
11786.city,TEN MLE,TEN MILE
15898.childexemp,3300***,3300
4603.marriedexemp,f1800,1800
10072.childexemp,1730,1370
19640.gender,dF,F
4996.state,C,DC
12208.childexemp,***,0
4760.gender,yF,F
5683.childexemp,,0
15476.state,IH,HI
4629.childexemp,,0
9987.state,DI,ID
8098.city,CAATNO,CATANO
14147.childexemp,***,0
10935.city,CUASEY,CAUSEY
1695.childexemp,,0
18064.marriedexemp,,0
1688.state,KjS,KS
11103.singleexemp,j0,0
7234.singleexemp,330,3300
13575.state,xDE,DE
8896.city,MELROFT,MELCROFT
14276.marriedexemp,,0
6590.childexemp,***,0
14074.childexemp,i0,0
11002.childexemp,,0
294.marriedexemp,,0
3041.singleexemp,0100,1000
7221.city,SAINT HEmNRY,SAINT HENRY
9215.singleexemp,10g3,103
5953.city,MOBIE,MOBILE
14218.state,YW,WY
12881.singleexemp,f0,0
14004.state,DI,ID
14477.gender,,F
19629.childexemp,,0
18806.childexemp,***,0
7367.gender,,F
6249.childexemp,***,0
12584.marriedexemp,,0
14685.gender,uM,M
17323.state,PzR,PR
4504.state,V,NV
14934.state,D,ID
18567.childexemp,n0,0
9256.city,CHEYENE,CHEYENNE
4869.childexemp,u0,0
18733.childexemp,,0
10774.marriedexemp,***,0
15923.city,CANTN,CANTON
6731.city,MOUNT HOLsLY,MOUNT HOLLY
15147.marriedexemp,***,0
7994.state,A,GA
2842.city,WUAPACA,WAUPACA
939.childexemp,,0
2211.state,C,DC
15234.singleexemp,***,0
898.marriedexemp,,0
2191.singleexemp,***,0
10351.city,CHESTRE,CHESTER
15804.gender,***,M
3999.state,C,DC
1683.city,WILMINGOTN,WILMINGTON
7003.singleexemp,v0,0
17328.state,DI,ID
404.childexemp,,0
8126.childexemp,***,0
13803.singleexemp,10,110
7520.state,I,HI
16114.singleexemp,***,0
9474.state,DyC,DC
5739.childexemp,***,0
3341.marriedexemp,,0
19660.marriedexemp,***,0
13007.city,LImNCOLN,LINCOLN
13453.gender,***,M
14410.gender,***,M
12510.gender,eF,F
8542.state,DoC,DC
8572.city,JENNwINGS,JENNINGS
13412.city,DpOTHAN,DOTHAN
4734.state,CD,DC
5763.marriedexemp,,0
19938.childexemp,3300***,3300
19685.childexemp,i0,0
10855.marriedexemp,w0,0
8466.marriedexemp,,0
12103.marriedexemp,***,0
13364.gender,gF,F
6791.childexemp,***,0
