21856.gender,kM,M
12908.haschild,,Y
28836.marriedexemp,20d80,2080
23994.maritalstatus,nM,M
27985.childexemp,l0,0
40964.lname,Grn,Gran
15000.phone,889-9425,889-9452
14371.zip,h83203,83203
7432.state,aNY,NY
47081.lname,Vanelkenhuysen,Vanwelkenhuysen
3386.marriedexemp,,0
46583.haschild,,N
3142.maritalstatus,rM,M
40663.zip,236,2136
3910.childexemp,x0,0
9279.salary,3000,30000
44505.phone,70-57817,705-7817
1169.state,aDC,DC
35829.marriedexemp,208c0,2080
40196.city,BALNDING,BLANDING
48569.marriedexemp,280,2080
35458.state,TC,CT
43320.marriedexemp,***,0
34968.maritalstatus,***,M
9959.gender,***,M
45980.zip,59d731,59731
9053.rate,00.,0.0
35126.salary,45000***,45000
45231.state,J,NJ
44798.marriedexemp,,0
13161.lname,Stocks,Stockus
6380.singleexemp,***,0
3031.areacode,93,913
14870.childexemp,d0,0
28109.lname,Sacy,Stacy
17799.haschild,,N
10183.city,ORANGEBUGR,ORANGEBURG
40833.areacode,s931,931
37697.childexemp,c0,0
17289.state,TC,CT
19599.state,aNJ,NJ
38024.marriedexemp,208t0,2080
35680.city,WYANE,WAYNE
19456.maritalstatus,cS,S
40239.city,BLmOOMINGTON,BLOOMINGTON
22110.state,JN,NJ
17294.marriedexemp,k0,0
42439.zip,y5079,5079
31211.childexemp,,0
17070.marriedexemp,p0,0
28961.city,KpIM,KIM
17944.singleexemp,t0,0
639.state,C,DC
13959.rate,.645,3.645
32682.city,RCAWFORDSVILLE,CRAWFORDSVILLE
24172.areacode,4b04,404
23801.singleexemp,x87,87
22545.state,N,IN
22116.singleexemp,2s0,20
24646.marriedexemp,,0
13527.maritalstatus,,M
1187.state,DmC,DC
41031.salary,5000,25000
12510.gender,bF,F
11914.lname,ood,Good
47848.phone,8409825,840-9825
46017.state,TC,CT
7408.areacode,02,602
26045.areacode,12,812
48763.fname,Jureak,Jurek
23514.salary,i50000,50000
14735.phone,882v-4166,882-4166
48044.maritalstatus,***,S
79.rate,90,9.0
23842.lname,Leonidsa,Leonidas
47989.maritalstatus,,S
38708.phone,720-n2586,720-2586
35469.childexemp,***,0
45340.gender,***,M
36456.rate,00.,0.0
16276.zip,20s531,20531
16572.childexemp,***,0
1855.state,nDC,DC
28805.zip,u71929,71929
49555.maritalstatus,xS,S
23672.fname,aMia,Maia
25950.state,J,NJ
701.marriedexemp,20i80,2080
31776.rate,6.48,6.84
26739.state,DqC,DC
45873.fname,lPlamena,Plamena
48242.maritalstatus,,S
8667.areacode,074,704
49354.fname,Xiaoie,Xiaotie
21122.gender,wF,F
15213.marriedexemp,***,0
30555.marriedexemp,x0,0
14594.gender,pF,F
3745.state,TC,CT
48638.marriedexemp,200,2080
31435.fname,Hynu,Hyun
32530.rate,c9.0,9.0
10380.childexemp,,0
18118.haschild,,N
42095.salary,90000***,90000
23179.marriedexemp,200,2000
41718.childexemp,g0,0
35501.rate,.1,2.1
9570.marriedexemp,14y00,1400
41389.gender,,M
38855.marriedexemp,1000,12000
30216.childexemp,,0
22160.city,tBOISE,BOISE
38162.salary,75b000,75000
19616.state,R,OR
21443.maritalstatus,***,M
18506.city,BLUFEIELD,BLUEFIELD
25325.childexemp,195,159
43440.salary,70000***,70000
19573.marriedexemp,u2080,2080
7923.maritalstatus,,M
42742.maritalstatus,,M
18627.city,BOSIE,BOISE
28347.salary,59000,95000
34948.singleexemp,p0,0
49684.salary,0000,80000
11738.zip,57337,57373
30899.maritalstatus,,S
13964.fname,Bsiwa,Biswa
29762.singleexemp,2100***,2100
48919.state,vNJ,NJ
19711.marriedexemp,208j0,2080
44074.state,JN,NJ
47899.marriedexemp,0280,2080
9392.marriedexemp,200,2080
13707.zip,0750,20750
1519.areacode,508,580
42718.childexemp,***,0
18049.lname,Ben,Beun
28003.rate,.75,6.75
47541.lname,Laech,Leach
42750.singleexemp,***,0
14518.gender,uF,F
28889.gender,,M
45335.singleexemp,***,0
43670.phone,25-76567,257-6567
45052.childexemp,t0,0
35427.childexemp,***,0
40209.fname,Stefaon,Stefano
6078.lname,annata,Cannata
9977.fname,Eckhwart,Eckhart
41182.rate,.0,6.0
30164.zip,5102,51062
29756.state,J,NJ
11058.childexemp,q0,0
49360.gender,***,F
30445.rate,x6.84,6.84
8867.marriedexemp,***,0
21232.city,sBOISE,BOISE
6658.singleexemp,1900***,1900
35732.phone,22-6778,522-6778
35098.maritalstatus,,M
11091.gender,,M
15776.gender,aF,F
503.fname,Paramsotghy,Paramsothy
43947.childexemp,,0
866.state,C,DC
21803.marriedexemp,,0
43920.childexemp,***,0
11961.gender,,F
11732.singleexemp,e0,0
35953.city,KENE,KEENE
26951.gender,aF,F
43720.areacode,79,479
11216.areacode,370,307
24541.city,CRWFORDSVILLE,CRAWFORDSVILLE
11700.childexemp,300,3300
15672.gender,,M
4232.rate,4.0312195,4.3012195
5385.zip,83384,83348
3645.maritalstatus,,S
35336.marriedexemp,,0
14826.childexemp,g0,0
39912.state,T,CT
45822.state,TC,CT
32336.state,dNJ,NJ
24996.marriedexemp,080,2080
43621.zip,p5052,5052
7503.areacode,84c3,843
25007.state,gCT,CT
16014.zip,g99629,99629
11163.lname,Sambascivam,Sambasivam
40708.childexemp,***,0
10275.haschild,***,Y
12126.fname,insi,Qinsi
40137.childexemp,m0,0
32903.fname,Ham,Haim
26130.childexemp,***,0
3596.phone,550-4w568,550-4568
6714.phone,848-82p22,848-8222
20695.singleexemp,y0,0
28281.state,J,NJ
3816.fname,Jengwi,Jengwei
31155.singleexemp,,0
53.rate,4.069514,4.0695124
24438.marriedexemp,20l80,2080
5225.maritalstatus,,M
34170.maritalstatus,***,M
9643.maritalstatus,***,S
5202.lname,tata,Stata
25054.state,JN,NJ
36169.haschild,***,N
26689.rate,3.m533564,3.533564
4540.childexemp,,0
29892.childexemp,,0
10132.phone,s771-2447,771-2447
29971.singleexemp,3300***,3300
27910.childexemp,***,0
34439.marriedexemp,0280,2080
9991.zip,64999***,64999
36985.phone,953-569u0,953-5690
14303.fname,Yollha,Yolla
11414.phone,807-65m70,807-6570
19953.zip,995,959
39069.city,LANCHARD,BLANCHARD
24302.maritalstatus,,S
6063.haschild,***,N
13392.singleexemp,***,0
47019.singleexemp,f0,0
43746.zip,c5073,5073
47425.salary,5000***,5000
22148.gender,,F
37504.zip,841,2841
34960.fname,arol,Karol
13026.state,T,CT
9357.lname,Rudstrm,Rudstrom
12636.singleexemp,c0,0
22914.singleexemp,***,0
18928.singleexemp,c0,0
42665.childexemp,10k00,1000
24364.lname,jArabi,Arabi
49883.maritalstatus,,S
13361.gender,***,M
40260.marriedexemp,2800,2080
40756.state,JN,NJ
44917.gender,rF,F
15196.childexemp,u900,900
36042.salary,70500,75000
20254.gender,,M
28695.maritalstatus,***,S
2511.salary,0000,70000
27715.state,VlA,VA
44393.singleexemp,v0,0
20314.salary,t100000,100000
27727.lname,Gdidy,Giddy
44073.city,LANCHARD,BLANCHARD
20537.childexemp,,0
26124.phone,215-2027,125-2027
47097.haschild,,N
45466.state,TC,CT
47740.marriedexemp,208w0,2080
35878.singleexemp,,0
8854.state,MqN,MN
35028.singleexemp,,0
26773.gender,,F
33640.state,NtJ,NJ
682.state,C,DC
35507.childexemp,***,0
38654.state,JN,NJ
15263.haschild,zN,N
37535.maritalstatus,gM,M
20468.salary,c75000,75000
47270.fname,Aire,Arie
44061.zip,294s29,29429
40519.maritalstatus,cS,S
9592.state,TC,CT
22953.gender,,F
32381.singleexemp,2100***,2100
47137.maritalstatus,,M
15836.rate,00.,0.0
12569.city,BLUE SPRIGNS,BLUE SPRINGS
44852.city,eBOBTOWN,BOBTOWN
19987.singleexemp,,0
39129.childexemp,f0,0
32177.marriedexemp,,0
37795.singleexemp,***,0
47687.city,TOINA,TIONA
43303.city,AMPLETON DEPOT,MAPLETON DEPOT
28202.haschild,***,Y
33656.fname,Rahda,Radha
19734.lname,Schwaeller,Schwaller
14056.gender,zF,F
40166.gender,,F
33290.state,T,CT
33536.singleexemp,,0
8263.marriedexemp,***,0
47784.childexemp,b0,0
49924.state,TC,CT
31364.marriedexemp,0,40
41903.areacode,19,919
27829.marriedexemp,f2080,2080
40744.state,LgA,LA
20792.marriedexemp,208p0,2080
24431.gender,***,F
21153.areacode,79,719
14784.rate,7g.0,7.0
40592.city,DODEG CENTER,DODGE CENTER
25853.salary,85000***,85000
37221.areacode,590,509
33014.gender,,F
35360.lname,Riddall***,Riddall
14048.marriedexemp,j0,0
16713.lname,hSimajiri,Shimajiri
22794.city,VCKSBURG,VICKSBURG
19365.childexemp,j0,0
25175.childexemp,q0,0
14006.marriedexemp,,0
22399.marriedexemp,2008,2080
29777.singleexemp,z0,0
47330.gender,***,F
26186.haschild,jN,N
31506.areacode,40c1,401
19395.areacode,65,765
25713.zip,24364,24634
8011.singleexemp,***,0
28191.fname,Gennovekffa,Gennoveffa
21072.state,TC,CT
28785.marriedexemp,200,2080
23017.city,BLUEw EARTH,BLUE EARTH
38358.maritalstatus,***,S
46737.childexemp,j0,0
13239.city,OBISE,BOISE
5190.areacode,03,803
25873.state,LI,IL
32706.state,J,NJ
11961.singleexemp,2400***,2400
25634.state,J,NJ
31665.childexemp,h1500,1500
42865.childexemp,2000***,2000
35650.singleexemp,***,0
45354.gender,dM,M
26467.lname,Punnne,Punnen
126.state,C,DC
22517.singleexemp,g2000,2000
28383.childexemp,f0,0
42969.city,LUFORD,BLUFORD
33469.state,T,CT
10169.zip,5513,55713
49242.maritalstatus,***,M
16440.haschild,mN,N
31708.marriedexemp,***,0
48086.childexemp,i0,0
14046.zip,58099,85099
357.state,C,DC
31436.gender,,M
34540.marriedexemp,6m600,6600
2818.marriedexemp,2008,2080
43314.gender,pF,F
49144.zip,11,611
36485.fname,Kousih,Koushi
22550.marriedexemp,0280,2080
41813.state,E,NE
32453.state,T,CT
27783.maritalstatus,***,M
40242.rate,36.,3.6
18854.state,JN,NJ
31797.rate,0e.0,0.0
9288.gender,,F
12429.phone,697-465,697-4065
17501.gender,***,M
22093.childexemp,100,1000
20909.gender,***,F
48706.lname,Gabrielidegs,Gabrielides
2056.state,CD,DC
138.city,AILEYS HARBOR,BAILEYS HARBOR
49597.state,bCT,CT
48003.phone,4862-805,486-2805
28410.city,ARIS,PARIS
18127.state,JN,NJ
26349.childexemp,***,0
41144.marriedexemp,2008,2080
43932.state,J,NJ
39126.childexemp,,0
31436.city,HUSDON,HUDSON
1324.city,EWST GLACIER,WEST GLACIER
3399.childexemp,,0
12390.areacode,28,208
21383.maritalstatus,***,M
32884.state,eNJ,NJ
4037.marriedexemp,z0,0
24535.city,BISE,BOISE
43981.gender,,M
44409.childexemp,***,0
49897.gender,***,F
49451.gender,,M
40254.gender,tF,F
21093.state,T,CT
3960.maritalstatus,,S
35204.marriedexemp,20o80,2080
16769.city,BOeARD CAMP,BOARD CAMP
19549.fname,gatha,Agatha
28932.city,ABSIN,BASIN
8725.zip,3174c7,31747
43923.state,T,CT
24687.maritalstatus,,S
48490.state,kCT,CT
11949.fname,Tilmann***,Tilmann
10765.childexemp,,0
49658.city,FANKFORD,FRANKFORD
40571.marriedexemp,***,0
24473.gender,***,F
22588.rate,3.7,3.07
30099.marriedexemp,r0,0
19447.state,T,CT
19881.gender,kF,F
46883.fname,ushikesh,Rushikesh
32729.marriedexemp,2t080,2080
12361.singleexemp,***,0
18956.marriedexemp,g0,0
10318.lname,rPadelles,Pradelles
48312.areacode,f417,417
39647.fname,Kheidja,Khedija
47317.childexemp,t0,0
3826.zip,864z38,86438
46864.zip,3868,83868
22798.maritalstatus,fS,S
9615.areacode,059,509
23383.lname,Destine,Derstine
6966.phone,972-7802,972-7082
8302.city,PARzSIPPANY,PARSIPPANY
9423.city,FORT MITH,FORT SMITH
35449.fname,Gawng,Gwang
24097.maritalstatus,,S
29369.zip,5135,5153
38526.state,JN,NJ
6135.maritalstatus,,M
31524.phone,145-143h8,145-1438
47756.marriedexemp,280,2080
18285.maritalstatus,,S
23562.childexemp,h0,0
29459.phone,14-07919,140-7919
27722.maritalstatus,cS,S
34775.phone,711-3m471,711-3471
21114.phone,9057806,905-7806
26112.lname,Mmelzak,Melzak
14885.phone,21-5283,211-5283
47895.gender,***,F
14995.areacode,52,952
2752.state,NT,TN
26874.state,JN,NJ
11201.phone,716-192y1,716-1921
30990.phone,83-7508,483-7508
7142.singleexemp,370,1370
33812.maritalstatus,***,M
983.state,kDC,DC
38164.childexemp,,0
43731.phone,266-9804,266-9840
34570.city,BOB HITE,BOB WHITE
47708.marriedexemp,200,2080
43343.phone,121-3p004,121-3004
15822.marriedexemp,280,2080
43397.childexemp,***,0
42063.zip,51706,57106
20172.gender,***,F
22644.singleexemp,3030,3300
39407.city,BLOOMSDALzE,BLOOMSDALE
47283.childexemp,***,0
35034.state,NzJ,NJ
14953.zip,63402,63042
39902.salary,55d000,55000
22785.childexemp,,0
48049.phone,71-6891,371-6891
11528.areacode,4a35,435
9338.childexemp,9q00,900
4759.salary,60000***,60000
14942.childexemp,220,2250
42025.salary,8000,80000
47230.marriedexemp,220***,220
48464.areacode,81n5,815
15786.city,yAGATE,AGATE
38004.childexemp,t0,0
43956.rate,50.,5.0
1778.lname,Pres,Preis
13994.marriedexemp,04,40
4443.zip,936,1936
21438.singleexemp,1270,12750
4961.childexemp,***,0
34238.state,J,NJ
45811.state,MN,NM
290.state,CD,DC
35772.state,StC,SC
24416.marriedexemp,,0
35432.gender,mF,F
37937.state,J,NJ
3188.haschild,qN,N
32510.maritalstatus,,S
10981.gender,bM,M
25916.state,TC,CT
38073.maritalstatus,,S
21443.marriedexemp,40p00,4000
48455.state,JN,NJ
6731.gender,,M
35699.fname,Ricy,Ricky
21787.childexemp,***,0
18378.salary,57000,75000
46635.zip,62026,62062
32322.areacode,451,541
31581.lname,nEgelmann,Engelmann
49436.phone,302-658,302-6058
46914.singleexemp,,0
29403.city,BLAISRVILLE,BLAIRSVILLE
22076.singleexemp,***,0
8233.gender,,F
7708.city,BLUFF***,BLUFF
19768.zip,95344,59344
30248.childexemp,x0,0
15318.rate,90.,9.0
23929.lname,Dress***,Dress
42892.gender,,F
47754.fname,Shin'icih,Shin'ichi
34823.childexemp,x0,0
21277.salary,01000,10000
12179.marriedexemp,2008,2080
49729.phone,7213919,721-3919
42729.marriedexemp,2o080,2080
19649.state,NqJ,NJ
12637.singleexemp,***,0
3349.state,CyT,CT
1811.maritalstatus,,M
38752.childexemp,,0
49964.singleexemp,1z03,103
47675.salary,5000,45000
11370.lname,Rale,Rael
41671.city,BLANCHRD,BLANCHARD
20219.maritalstatus,***,M
48832.state,rAZ,AZ
28529.state,sCT,CT
8069.maritalstatus,aS,S
21527.singleexemp,u20,20
45533.city,BwLISS,BLISS
35453.gender,pM,M
41867.phone,273-8048,237-8048
45589.rate,f5.0,5.0
20443.state,AV,VA
36196.singleexemp,***,0
17121.salary,60000***,60000
2426.city,LISS,BLISS
45683.haschild,zN,N
46112.city,CAxRLTON,CARLTON
48094.haschild,yY,Y
23260.state,MrT,MT
18703.rate,00,0.0
41062.marriedexemp,6o600,6600
39156.state,TC,CT
14438.zip,3486,3846
13299.maritalstatus,,S
37801.marriedexemp,a2600,2600
18412.salary,50u000,50000
27684.gender,dF,F
43935.childexemp,,0
40027.fname,Naosih,Naoshi
21611.rate,4.0352,4.0325
22416.marriedexemp,14p00,1400
45960.haschild,yY,Y
14049.fname,Jayakruishnan,Jayakrishnan
24680.state,WiY,WY
48326.gender,***,F
43364.singleexemp,***,0
858.lname,Daskalwova,Daskalova
31222.gender,,F
29797.state,CD,DC
44551.marriedexemp,20d80,2080
7063.haschild,mY,Y
16095.maritalstatus,,S
38947.phone,3e21-6617,321-6617
49545.singleexemp,***,0
35245.marriedexemp,208y0,2080
43914.singleexemp,***,0
47577.lname,Kavrkai,Kavraki
28578.city,CLEVEALND,CLEVELAND
7620.marriedexemp,080,2080
32179.marriedexemp,600,6600
22755.gender,,F
442.state,C,DC
5364.singleexemp,a0,0
45146.singleexemp,,0
28718.state,M,NM
29574.gender,fF,F
38581.singleexemp,,0
36915.childexemp,***,0
41405.zip,6809,8609
37829.gender,iM,M
42657.state,C,SC
43264.state,LA,AL
29068.state,WkY,WY
43824.singleexemp,,0
42737.gender,sM,M
3149.zip,i23630,23630
34071.lname,Peiper,Pieper
48449.rate,22.,2.2
35439.lname,Schwnadt,Schwandt
10253.rate,70,7.0
23117.haschild,***,Y
30163.singleexemp,000,1000
13493.state,T,CT
13887.gender,dF,F
19394.city,SMINOLE,SEMINOLE
25982.state,TC,CT
15167.lname,Rofleisch,Rohfleisch
19505.childexemp,,0
20742.state,N,TN
38866.city,OISE,BOISE
42700.fname,Daune,Duane
21791.fname,Hanong,Hanhong
39636.gender,,F
20951.state,tNJ,NJ
11327.salary,3000,30000
2054.marriedexemp,080,2080
22669.singleexemp,***,0
19264.rate,4.47a5,4.475
22975.state,CiT,CT
5310.city,SIPMSONVILLE,SIMPSONVILLE
1860.maritalstatus,***,M
10653.zip,9301y5,93015
857.lname,Amaagsa,Amagasa
43366.lname,qBrundage,Brundage
13048.gender,dF,F
30678.areacode,27,207
39638.rate,.70,7.0
28758.singleexemp,w0,0
49791.areacode,970,907
12619.gender,***,M
46977.city,BLAIRSvVILLE,BLAIRSVILLE
18200.marriedexemp,000,4000
21549.fname,Sivzanarayana,Sivanarayana
45531.gender,,F
42688.childexemp,,0
27722.zip,58212,85212
42440.singleexemp,1307,1370
1629.childexemp,200x0,2000
31868.areacode,144,414
49236.lname,dAstous,d'Astous
5199.haschild,***,Y
12471.marriedexemp,2008,2080
43885.marriedexemp,600,6600
33059.lname,Homeire,Homeier
48612.rate,.0,9.0
43537.singleexemp,4500***,4500
3977.marriedexemp,2800,2080
44974.city,BOGE CHITTO,BOGUE CHITTO
28283.gender,,F
5873.gender,,M
32695.zip,3434,83434
907.state,sKS,KS
2591.rate,69,6.9
12243.fname,Pli,Pil
29345.lname,Gaede,Gaedke
45972.singleexemp,***,0
39257.gender,***,F
23981.childexemp,,0
20558.gender,zF,F
10344.lname,hStraney,Straney
41578.fname,obert,Robert
48517.state,pNJ,NJ
46988.areacode,296,269
28516.marriedexemp,2h080,2080
9330.marriedexemp,2008,2080
42272.maritalstatus,,S
31545.singleexemp,***,0
775.childexemp,,0
29685.marriedexemp,2008,2080
45681.zip,55701,55071
11456.salary,0000,60000
34408.childexemp,m0,0
48578.lname,Tsiligvaridis,Tsiligaridis
42041.city,MAINTOU,MANITOU
48390.marriedexemp,208o0,2080
26710.state,CrT,CT
5456.zip,67156,67516
36034.state,jVT,VT
29139.salary,5000,95000
46355.gender,nF,F
30418.childexemp,s0,0
12124.childexemp,***,0
18267.zip,7448,71448
2161.state,C,DC
37091.singleexemp,330,3300
31493.childexemp,00,400
30237.zip,3735,32735
47788.city,BLOMINGTON,BLOOMINGTON
36134.fname,nthong,Anthong
38889.lname,Lkacoste,Lacoste
10950.singleexemp,,0
11988.city,WANNASAK,WANNASKA
34443.state,CzT,CT
40924.lname,Eisnstadt,Eisenstadt
31669.fname,Anrdei,Andrei
46122.state,T,CT
40545.childexemp,,0
14014.phone,510-8057,150-8057
49307.singleexemp,,0
12469.childexemp,,0
34582.haschild,***,N
34658.fname,tElvia,Elvia
4176.areacode,710,701
36066.state,JN,NJ
19951.gender,qF,F
8614.zip,63161,61361
27745.marriedexemp,***,0
10651.marriedexemp,2008,2080
21623.areacode,c843,843
21935.city,OBISE,BOISE
21733.childexemp,j0,0
32416.zip,588,5858
32644.gender,nM,M
43421.areacode,880,808
45367.marriedexemp,2008,2080
12345.childexemp,h0,0
27061.state,J,NJ
1618.lname,Michaeyli,Michaeli
16737.state,CzT,CT
41507.haschild,***,N
36231.marriedexemp,208x0,2080
47467.rate,45857663,4.5857663
33373.areacode,g314,314
41412.marriedexemp,f0,0
17970.fname,Jsus,Jesus
7881.maritalstatus,,S
8181.maritalstatus,***,S
32110.marriedexemp,a40,40
38667.rate,.9,3.9
34730.city,COLWcICH,COLWICH
32203.gender,***,F
11103.marriedexemp,950,4950
17538.singleexemp,***,0
11939.salary,30d000,30000
25288.marriedexemp,280,2080
10495.salary,5k000,5000
49119.zip,41898,48198
2575.salary,2000,20000
9217.marriedexemp,c2080,2080
33024.state,TC,CT
38742.singleexemp,***,0
3719.gender,***,F
1854.fname,Fanco,Franco
40547.city,BLOOMIGTON,BLOOMINGTON
17078.rate,.6,3.6
22252.zip,44w56,4456
34089.city,zBENTONVILLE,BENTONVILLE
13112.rate,4.025,4.0325
22428.lname,Lauribllard,Laurillard
34990.city,uBLAKELY,BLAKELY
34618.gender,jF,F
47500.singleexemp,,0
14393.phone,642-530v1,642-5301
15067.singleexemp,***,0
39133.singleexemp,s0,0
17064.rate,3.9998897,3.9998987
44250.childexemp,w0,0
22961.marriedexemp,080,2080
47587.salary,9500,95000
42161.rate,.40325,4.0325
37810.fname,aRsikan,Rasikan
24000.marriedexemp,,0
35902.gender,,F
26137.city,AWSHINGTON,WASHINGTON
35385.maritalstatus,***,M
38244.marriedexemp,280,2080
47717.city,BLUE GRSAS,BLUE GRASS
19809.singleexemp,***,0
38414.fname,Dqominic,Dominic
25900.city,BLOCK ISLADN,BLOCK ISLAND
33198.maritalstatus,***,S
23359.fname,Jauregn,Juregn
47005.salary,70000***,70000
17735.fname,xWitold,Witold
48511.gender,***,M
25201.salary,95r000,95000
28952.city,BLUES PRINGS,BLUE SPRINGS
40557.maritalstatus,vS,S
40501.haschild,jN,N
30930.lname,Dag,Dang
49681.haschild,***,N
17819.gender,***,F
31678.city,LBUE JAY,BLUE JAY
24169.areacode,02,302
10574.childexemp,,0
32836.phone,789-378,789-9378
8929.salary,10000o0,100000
38529.salary,85000***,85000
7048.state,VfT,VT
32776.singleexemp,,0
38294.childexemp,10,110
47895.city,SUPRIOR,SUPERIOR
19430.singleexemp,j0,0
343.fname,Pera,Piera
25380.maritalstatus,,M
11402.state,AV,VA
2025.singleexemp,15b9,159
48431.maritalstatus,,S
21554.state,T,CT
37402.singleexemp,,0
36748.phone,629-776,629-5776
30391.state,TC,CT
4780.maritalstatus,***,M
39342.marriedexemp,20u80,2080
2088.state,C,DC
20056.city,NULAxTO,NULATO
46595.gender,***,F
4055.marriedexemp,***,0
34495.singleexemp,***,0
48128.marriedexemp,080,2080
23899.marriedexemp,2800,2080
1350.singleexemp,,0
16981.state,TM,MT
10542.haschild,***,Y
8716.areacode,88,828
28484.childexemp,,0
12930.gender,,F
37209.marriedexemp,,0
28626.salary,85000***,85000
9586.gender,oF,F
21202.rate,.50,5.0
42074.state,IdA,IA
15339.rate,34.,3.4
7242.maritalstatus,,S
32526.childexemp,,0
39296.city,LBUEFIELD,BLUEFIELD
3356.lname,ouaddib,Mouaddib
27203.fname,Elihau,Eliahu
5544.state,NI,IN
32567.state,TC,CT
35309.singleexemp,***,0
45144.childexemp,e0,0
39483.gender,kF,F
27588.lname,Baus,Basu
39406.marriedexemp,200,2080
34212.childexemp,z0,0
70.state,CD,DC
42862.gender,***,M
11890.childexemp,***,0
36033.gender,,F
19245.fname,Farzida,Farida
6534.gender,,M
47133.state,NbJ,NJ
373.childexemp,300,3300
4389.singleexemp,300,3300
35362.phone,89-2348,989-2348
33424.state,TC,CT
15605.city,tINDIANAPOLIS,INDIANAPOLIS
44592.childexemp,,0
19978.city,JkEWELL,JEWELL
2738.zip,85a034,85034
24880.city,DULTUH,DULUTH
28936.state,J,NJ
17222.state,SoC,SC
41074.salary,5000,50000
34238.singleexemp,,0
39608.childexemp,100,1000
1196.state,lDC,DC
14919.salary,90000***,90000
35501.marriedexemp,,0
25958.salary,7500,75000
39034.gender,***,M
11396.state,R,OR
9171.gender,bF,F
9.state,DvC,DC
41911.salary,5000l0,50000
4433.maritalstatus,lS,S
30287.salary,c40000,40000
35222.state,T,CT
44405.state,J,NJ
1252.state,O,MO
49614.zip,3025,83025
43089.state,T,CT
11224.fname,Yuossef,Youssef
31480.phone,11-38301,113-8301
28875.state,TC,CT
6588.areacode,40,410
18538.state,HN,NH
31544.childexemp,***,0
4668.lname,Reinahrd,Reinhard
2364.state,AG,GA
19473.haschild,cN,N
38871.maritalstatus,xM,M
41656.childexemp,3170,1370
34218.maritalstatus,,S
2918.zip,53764,57364
36260.state,MN,NM
40496.zip,99612,99621
40478.childexemp,0,20
48883.salary,30000***,30000
4981.phone,13-8572,113-8572
5800.rate,0f.0,0.0
467.state,bDC,DC
3824.city,CAVE CIiTY,CAVE CITY
40182.areacode,751,715
6659.childexemp,***,0
42115.rate,u0.0,0.0
33456.singleexemp,,0
24756.lname,Zervoes,Zervos
15423.areacode,61,561
37905.childexemp,***,0
5608.gender,fM,M
9228.singleexemp,,0
36452.zip,u26679,26679
33847.phone,34i3-5495,343-5495
38597.salary,75p000,75000
45664.areacode,97,907
33553.haschild,,N
12745.zip,3013,30173
7107.haschild,,N
2301.gender,,F
31442.gender,***,M
27771.state,JN,NJ
13844.rate,9e.0,9.0
37225.marriedexemp,4500***,4500
40019.salary,7n5000,75000
20777.childexemp,b0,0
13051.gender,qF,F
18847.state,JN,NJ
19395.maritalstatus,***,S
11619.marriedexemp,v0,0
18144.state,SM,MS
41282.singleexemp,c40,40
21422.lname,Bmaru,Baru
47858.maritalstatus,***,M
47413.salary,7w0000,70000
37932.childexemp,z0,0
15167.childexemp,,0
18533.childexemp,u40,40
7437.state,T,CT
10272.salary,0000,30000
47207.phone,21-5664,221-5664
31184.childexemp,a0,0
18339.areacode,451,415
18034.zip,280f8,2808
30079.childexemp,***,0
17822.city,UNINO CHURCH,UNION CHURCH
38535.zip,58325,58352
47221.rate,6.2g5,6.25
48222.state,Z,AZ
37264.zip,75079,57079
11331.rate,5.5,5.75
32207.gender,,F
23145.singleexemp,h0,0
9059.rate,53,5.3
44390.marriedexemp,6g600,6600
44263.marriedexemp,2008,2080
35995.gender,cF,F
49581.singleexemp,l0,0
17754.rate,.50,5.0
36072.singleexemp,d0,0
216.state,eDC,DC
17819.areacode,877,787
46359.fname,Sachajr,Sachar
42087.salary,0000,80000
46008.areacode,91q8,918
48852.city,BLUEJACKTE,BLUEJACKET
6392.rate,3.q07,3.07
12258.maritalstatus,pS,S
11849.salary,8000,80000
30340.gender,,F
24575.gender,hM,M
17008.areacode,d540,540
9841.childexemp,13r00,1300
49428.lname,llies,Illies
19344.gender,kF,F
16875.rate,60.,6.0
2114.state,DfC,DC
7268.fname,Franceszo,Franceso
27230.city,ATES,GATES
24077.childexemp,195,159
20290.gender,dF,F
30212.childexemp,2250***,2250
15769.marriedexemp,800,3800
41341.state,TC,CT
39310.rate,7.7255244***,7.7255244
9006.maritalstatus,,M
13789.fname,Hanspeeter,Hanspeter
10747.lname,Rano,Ruano
45636.singleexemp,w0,0
45602.areacode,4h01,401
9560.salary,6000,60000
38409.childexemp,,0
35909.fname,Read,Reda
18015.haschild,qY,Y
33230.zip,526,8526
33129.state,yCT,CT
287.salary,4500,45000
33630.maritalstatus,jS,S
18756.zip,m4252,4252
43101.fname,Hongzzhu,Hongzhu
21405.salary,7000x0,70000
20187.gender,,F
11033.gender,,M
43107.singleexemp,,0
44014.singleexemp,l0,0
34165.childexemp,040,1040
34272.rate,.0,0.0
31927.marriedexemp,,0
46011.childexemp,z0,0
27775.salary,0000,20000
37526.state,J,NJ
1060.state,bDC,DC
46509.city,BOIjSE,BOISE
36497.singleexemp,0200,2000
23273.city,LYNDN,LYNDON
17949.haschild,mN,N
47550.fname,Feliep,Felipe
5641.childexemp,310l0,3100
36925.phone,229-2824,229-2842
13325.phone,258c-9729,258-9729
45222.phone,401-6270,401-2670
1680.lname,Erhard,Ehrhard
4249.childexemp,***,0
20715.state,WbI,WI
23357.city,MALORY,MALLORY
32257.haschild,***,N
20663.city,MOHEGANLAKE,MOHEGAN LAKE
29239.singleexemp,***,0
27444.rate,3.o6,3.6
27030.singleexemp,***,0
46929.salary,50i00,5000
47406.city,BOCA RATOkN,BOCA RATON
2571.areacode,88,808
45949.maritalstatus,eS,S
39651.fname,Mioslava,Miroslava
27427.haschild,***,N
14696.city,BLUE SPIRNGS,BLUE SPRINGS
25452.singleexemp,e0,0
40481.rate,x0.0,0.0
44267.gender,,F
18520.haschild,,Y
26446.maritalstatus,,S
21540.singleexemp,,0
13750.areacode,204,240
14715.marriedexemp,200,2080
39964.singleexemp,t0,0
261.state,DlC,DC
2707.marriedexemp,,0
5365.rate,.0,0.0
13688.haschild,***,Y
37820.state,J,NJ
33759.lname,os,Bos
35043.state,tMN,MN
46713.zip,88039***,88039
39588.marriedexemp,208s0,2080
3100.marriedexemp,2008,2080
29139.haschild,***,Y
38889.state,tNJ,NJ
31548.fname,Tyrgve,Trygve
9505.zip,74434,47434
39122.gender,***,F
30554.state,T,CT
20525.childexemp,33e00,3300
16005.state,D,MD
3716.salary,5000,15000
48220.state,TC,CT
9415.gender,iM,M
41335.areacode,01,901
24146.areacode,98,908
36430.haschild,,Y
32274.city,BLUEFILED,BLUEFIELD
47844.zip,3888g0,38880
20485.city,CHyARLOTTE,CHARLOTTE
41195.maritalstatus,,M
49517.marriedexemp,***,0
41397.zip,f19706,19706
43497.salary,600g00,60000
39769.singleexemp,g0,0
30573.gender,***,M
28552.gender,xF,F
29697.phone,975-112,975-1192
2947.state,OtR,OR
20614.phone,103-77d65,103-7765
12444.gender,kF,F
11201.city,BUFF,BLUFF
28790.childexemp,240g0,2400
36229.childexemp,w0,0
21975.salary,55000***,55000
33670.singleexemp,***,0
47227.childexemp,a0,0
45330.city,BOCA RTAON,BOCA RATON
48010.areacode,k302,302
40003.lname,Bfarbour,Barbour
30467.areacode,063,603
33648.phone,267-5688,276-5688
14057.maritalstatus,,S
24504.singleexemp,y0,0
4666.marriedexemp,20x80,2080
12066.fname,Pavle,Pavel
29486.state,TC,CT
21514.maritalstatus,aS,S
47759.singleexemp,***,0
35098.haschild,***,Y
20232.state,NhJ,NJ
6757.areacode,771,717
26414.phone,03-1918,903-1918
38021.singleexemp,***,0
37234.gender,***,M
17508.zip,0152,70152
28584.city,REiEDSVILLE,REEDSVILLE
23658.singleexemp,t0,0
32650.salary,2500,25000
24340.haschild,***,N
33508.state,lWI,WI
28911.state,J,NJ
22310.lname,Cwlaus,Claus
34415.phone,88-8779,488-8779
41373.rate,.0,6.0
46089.maritalstatus,,M
15478.gender,tM,M
19264.childexemp,***,0
4108.areacode,9t13,913
10817.city,WEST FRIEzNDSHIP,WEST FRIENDSHIP
26340.areacode,613,631
34155.state,J,NJ
4524.city,LIAM,LIMA
8860.lname,Cgandy,Candy
16520.childexemp,227,272
11529.maritalstatus,,S
35020.state,JN,NJ
254.state,C,DC
12613.state,NsV,NV
49271.haschild,***,N
19590.singleexemp,***,0
41439.childexemp,000,1000
28975.singleexemp,j0,0
33942.lname,aBte,Bate
12636.lname,Claysen,Clasen
4620.rate,7.742066,7.724066
46738.marriedexemp,4100,1400
17488.gender,,M
43321.gender,***,F
46380.childexemp,***,0
30669.zip,859x25,85925
1291.state,fDC,DC
47181.singleexemp,b0,0
46301.zip,7247,47247
19536.state,J,NJ
19070.childexemp,n0,0
30890.city,LYTHEVILLE,BLYTHEVILLE
28606.state,A,MA
14549.salary,40500,45000
12059.salary,35w000,35000
12338.maritalstatus,uM,M
44812.singleexemp,***,0
45289.childexemp,,0
41101.rate,00,0.0
4709.marriedexemp,2u080,2080
41546.childexemp,28m50,2850
16169.salary,6000,60000
10679.childexemp,300,2300
5579.salary,9000,95000
13783.gender,tF,F
31141.state,NmH,NH
22652.haschild,***,Y
28672.gender,***,F
48709.city,BOCA RATN,BOCA RATON
43715.zip,85r262,85262
45063.fname,Changpebng,Changpeng
39428.childexemp,100,1900
28270.city,BOISlE,BOISE
23412.rate,.53,5.3
6865.childexemp,e0,0
30195.phone,3121677,312-1677
18707.fname,uemin,Xuemin
33376.marriedexemp,660c0,6600
34083.phone,286-1139,826-1139
15285.gender,,F
30686.state,T,CT
40043.phone,5043-567,504-3567
10611.singleexemp,***,0
2870.areacode,60s5,605
29856.lname,Kilour,Kilgour
33995.zip,5318,55318
38509.gender,sF,F
18850.salary,95000***,95000
36931.salary,45o000,45000
32677.maritalstatus,***,S
29177.childexemp,,0
19516.rate,60.,6.0
28179.state,JN,NJ
40696.zip,6284,62984
16923.city,ORvOCOVIS,OROCOVIS
6736.rate,6k.25,6.25
45410.phone,998-q7629,998-7629
17145.state,TC,CT
45651.state,T,CT
19097.maritalstatus,gM,M
29448.state,T,CT
42069.areacode,381,318
37623.singleexemp,,0
44026.childexemp,,0
24072.marriedexemp,t2080,2080
3560.salary,9500,95000
24306.city,BLUEFEILD,BLUEFIELD
33997.city,BLUE RIVRE,BLUE RIVER
31933.marriedexemp,***,0
44047.marriedexemp,138,318
13089.city,PWELL BUTTE,POWELL BUTTE
37026.singleexemp,,0
22222.marriedexemp,0280,2080
41464.state,CnT,CT
39043.state,NdJ,NJ
48470.singleexemp,***,0
32325.haschild,***,Y
11620.phone,132-5820,123-5820
26579.childexemp,***,0
33328.singleexemp,h0,0
26497.state,rMD,MD
47226.areacode,880,808
3251.fname,iaosong,Xiaosong
25866.rate,.0,9.0
31434.state,CdT,CT
21274.singleexemp,g0,0
23338.phone,073-3892,703-3892
34457.zip,9972,99762
26751.childexemp,1000***,1000
4674.state,M,NM
12443.childexemp,***,0
43194.salary,1000,10000
630.singleexemp,g0,0
46025.singleexemp,***,0
27419.phone,136-4412,136-4421
423.areacode,07,207
37518.singleexemp,***,0
41964.gender,,F
9500.childexemp,,0
23370.fname,ichial,Michial
32693.maritalstatus,gS,S
10089.rate,14.,1.4
21581.city,BLOOMFILED,BLOOMFIELD
29364.childexemp,1000***,1000
31788.marriedexemp,2800,2080
40487.singleexemp,d0,0
22390.areacode,c405,405
38579.childexemp,,0
1888.phone,746-499,746-8499
22369.marriedexemp,,0
31382.gender,iF,F
37429.phone,113-567,113-5267
25189.city,BLUF CITY,BLUFF CITY
18903.zip,9318,95318
6128.areacode,d505,505
40236.areacode,42,412
40455.singleexemp,***,0
33953.city,RONuDA,RONDA
24231.rate,3.a07,3.07
34185.childexemp,x0,0
39730.haschild,***,Y
22983.rate,.53,5.3
41457.haschild,,Y
8380.city,MILORD,MILFORD
43262.gender,pF,F
32103.childexemp,,0
13285.childexemp,,0
49727.childexemp,,0
29825.marriedexemp,7v150,7150
43819.gender,vF,F
35374.fname,Aolty,Alty
46096.childexemp,o0,0
28792.salary,00000,100000
33656.state,eNJ,NJ
27261.state,JN,NJ
37340.city,BLACO,BLANCO
23602.singleexemp,090,900
22566.singleexemp,b0,0
8628.city,ILTHONIA,LITHONIA
40726.maritalstatus,***,M
23525.childexemp,r0,0
6239.gender,,F
3391.maritalstatus,fS,S
27813.childexemp,33l00,3300
12202.fname,otoyasu,Motoyasu
34633.city,BOILIN GSPRINGS,BOILING SPRINGS
28104.city,BISE,BOISE
15076.areacode,320,302
32251.haschild,,N
1752.state,C,DC
46945.lname,Hamalianen,Hamalainen
11080.childexemp,***,0
34589.marriedexemp,2800,2080
17321.fname,Mangehs,Mangesh
37619.haschild,,Y
3257.state,RA,AR
16663.fname,Adring,Arding
34828.childexemp,***,0
21056.state,TC,CT
5490.gender,xM,M
35949.phone,8901276,890-1276
31243.haschild,rN,N
7160.singleexemp,m0,0
31994.marriedexemp,080,2080
35966.state,TC,CT
14398.singleexemp,***,0
49295.rate,4.1988b535,4.1988535
42001.gender,***,F
39572.phone,939-422,939-4922
27361.marriedexemp,4905,4950
49692.city,LOCUM,SLOCUM
1281.gender,***,M
11951.singleexemp,d0,0
10690.maritalstatus,mS,S
49728.marriedexemp,d0,0
36756.areacode,2y03,203
22116.salary,85m000,85000
39826.city,BLUE REEK,BLUE CREEK
30611.haschild,***,Y
11534.haschild,***,Y
29756.maritalstatus,,M
467.city,WASINGTON,WASHINGTON
39096.state,V,NV
23284.state,JN,NJ
1895.salary,850g00,85000
24071.haschild,lN,N
1577.state,CD,DC
47529.maritalstatus,cS,S
605.salary,60000***,60000
29001.haschild,,N
40883.zip,26348,62348
34470.maritalstatus,xM,M
38445.marriedexemp,660,6600
37080.childexemp,o0,0
2286.city,MARhSHALL,MARSHALL
23754.maritalstatus,***,M
43000.marriedexemp,208e0,2080
14329.maritalstatus,***,S
40273.marriedexemp,***,0
9681.areacode,h316,316
49138.zip,1t9969,19969
22217.haschild,***,Y
1580.gender,tF,F
5006.singleexemp,u0,0
31008.haschild,cN,N
26084.lname,Bxorgers,Borgers
32927.salary,40000***,40000
42806.singleexemp,00,700
21423.salary,65m000,65000
11960.gender,,F
39445.singleexemp,***,0
27990.phone,5968956,596-8956
20368.zip,62609,66209
47559.city,BLUFFON,BLUFFTON
26414.state,PlA,PA
11696.marriedexemp,0280,2080
26621.state,TC,CT
42673.city,IMLLSTONE TOWNSHIP,MILLSTONE TOWNSHIP
47208.maritalstatus,,S
14064.fname,Kkoichi,Kokichi
20119.singleexemp,,0
8447.singleexemp,***,0
37567.rate,.50,5.0
25945.singleexemp,***,0
40440.singleexemp,***,0
49401.childexemp,***,0
35167.childexemp,,0
27727.state,J,NJ
16356.childexemp,p0,0
45694.state,T,CT
13430.areacode,630,603
32915.childexemp,000,1000
19997.marriedexemp,i0,0
19150.maritalstatus,***,S
49167.state,T,CT
8064.zip,85716,58716
19603.gender,iF,F
21884.childexemp,1200***,1200
20905.city,CCLONE,CYCLONE
41781.state,TC,CT
23016.haschild,gN,N
13024.state,CtT,CT
40300.haschild,***,N
33185.areacode,8c04,804
24225.haschild,,N
31892.childexemp,***,0
35754.maritalstatus,***,M
47989.childexemp,,0
232.childexemp,1000***,1000
24156.childexemp,,0
47375.state,J,NJ
34972.rate,6z.0,6.0
37354.maritalstatus,,S
41745.state,T,VT
47778.haschild,,N
12632.marriedexemp,2008,2080
46228.zip,9779,99779
13263.salary,j20000,20000
16473.phone,460-8z819,460-8819
48760.childexemp,***,0
46047.singleexemp,,0
19177.singleexemp,,0
741.state,C,DC
2510.areacode,n406,406
37707.childexemp,***,0
6549.city,LANCHESTER,BLANCHESTER
43773.gender,,M
604.state,DuC,DC
13828.maritalstatus,sS,S
38451.state,T,CT
36329.childexemp,***,0
19864.city,BLYTHVILLE,BLYTHEVILLE
43625.zip,3x6340,36340
17328.singleexemp,,0
33345.gender,fF,F
11053.salary,5000,55000
21547.rate,x5.3,5.3
11510.city,DRY xPRONG,DRY PRONG
28353.areacode,5w74,574
46229.zip,54153,54135
10280.haschild,bY,Y
23312.fname,Tjein,Tein
44597.haschild,,Y
23610.maritalstatus,***,M
25271.city,WSHINGTON,WASHINGTON
21505.phone,9x37-7805,937-7805
28045.areacode,t302,302
40644.zip,2081,20781
1499.state,C,DC
49630.singleexemp,,0
29058.haschild,***,Y
9788.rate,s6.25,6.25
24397.childexemp,***,0
47972.city,LANCHARD,BLANCHARD
23730.salary,900z00,90000
3710.areacode,43,843
35587.maritalstatus,,S
8524.lname,Gual,Gunal
20979.gender,xF,F
22978.state,JN,NJ
45667.childexemp,4s0,40
32838.state,TC,CT
44580.city,BLOMINGTON SPRINGS,BLOOMINGTON SPRINGS
30863.marriedexemp,n0,0
9748.maritalstatus,vS,S
48252.singleexemp,,0
29340.singleexemp,,0
29032.state,wNJ,NJ
4767.state,rCT,CT
6397.salary,10000,100000
33727.state,vCT,CT
8388.singleexemp,q0,0
27006.gender,,M
19708.childexemp,,0
39896.phone,23-1839,253-1839
44024.lname,Llornete,Llorente
37202.childexemp,r0,0
40224.childexemp,,0
38582.childexemp,,0
31491.city,LIBEsRTY CENTER,LIBERTY CENTER
37039.gender,***,F
18713.lname,Kallozufi,Kalloufi
35965.fname,Valentinsa,Valentinas
34930.singleexemp,0,20
12909.singleexemp,,0
11193.gender,***,F
4910.childexemp,200l0,2000
12945.gender,aM,M
5382.gender,,F
12016.state,X,TX
46870.marriedexemp,,0
45307.state,TC,CT
33288.rate,75.15734,7.515734
14276.rate,.7,3.7
18021.areacode,062,602
18047.childexemp,p0,0
33075.fname,Ishaq,Ishfaq
26595.singleexemp,***,0
24328.fname,Eugniusz,Eugeniusz
49567.areacode,60,660
18049.singleexemp,***,0
49599.lname,Wilmownt,Wilmont
17034.fname,Hyunso,Hyunsoo
11916.city,DCKWATER,DUCKWATER
3513.marriedexemp,***,0
27608.marriedexemp,2008,2080
47600.maritalstatus,jM,M
31646.lname,Pxiramuthu,Piramuthu
17148.fname,Agahta,Agatha
32934.state,T,CT
39865.salary,6d0000,60000
40860.childexemp,p0,0
21517.singleexemp,2q0,20
12753.childexemp,***,0
10283.marriedexemp,***,0
34135.childexemp,,0
46534.city,BLoOOMFIELD,BLOOMFIELD
28799.salary,9g5000,95000
35569.maritalstatus,,S
43733.haschild,nY,Y
35408.singleexemp,***,0
46184.phone,483-4371,483-3471
22184.zip,31189,31198
40591.gender,kF,F
10767.maritalstatus,kM,M
28014.gender,uM,M
8958.gender,,M
1325.marriedexemp,e0,0
33689.areacode,40y2,402
41855.city,BLEU MOUND,BLUE MOUND
16008.fname,Tchera,Tschera
32452.singleexemp,h0,0
31588.lname,Horswill***,Horswill
26586.fname,eOivind,Oivind
6510.rate,2.49763,2.479763
1305.state,DtC,DC
41651.areacode,8g12,812
8898.state,TC,CT
1374.fname,oNfumi,Nofumi
37097.state,J,NJ
48061.childexemp,,0
990.state,CD,DC
34652.city,vBLAIR,BLAIR
49005.areacode,70d1,701
12223.city,ERNfUL,ERNUL
28028.state,TC,CT
28302.city,BLUE RIVRE,BLUE RIVER
10726.singleexemp,2100***,2100
26819.singleexemp,***,0
22251.gender,***,F
34561.childexemp,f0,0
23320.maritalstatus,yS,S
5917.lname,lu,Blu
40724.phone,a236-9518,236-9518
33470.lname,Sclalan,Scallan
17538.city,BLOOMINcGTON,BLOOMINGTON
15646.marriedexemp,***,0
44142.marriedexemp,0280,2080
36377.city,BLOOMSBRUY,BLOOMSBURY
35097.gender,,F
43435.singleexemp,***,0
20823.state,TC,CT
32797.state,J,NJ
28470.haschild,***,Y
35703.salary,05000,50000
20374.rate,k0.0,0.0
27627.singleexemp,,0
33714.singleexemp,17250,12750
39236.city,BOIES,BOISE
46357.salary,35000***,35000
49317.childexemp,,0
32073.childexemp,300,3300
35370.gender,,F
5295.marriedexemp,9450,4950
9795.phone,617-5325,617-3525
41405.childexemp,1v500,1500
38190.gender,iF,F
48155.gender,zF,F
3771.maritalstatus,,S
13415.childexemp,,0
13752.marriedexemp,200,2080
48101.state,A,WA
26688.maritalstatus,,M
28556.gender,dF,F
36299.state,R,PR
12278.rate,.00,0.0
9984.phone,983-59n89,983-5989
47920.lname,Rosr,Rosar
24267.state,RA,AR
1774.phone,187-8363,178-8363
31549.marriedexemp,2800,2080
25606.fname,Koves,Koveos
20623.lname,Trape,Traupe
49939.childexemp,y0,0
35674.childexemp,,0
42014.singleexemp,***,0
45824.maritalstatus,***,M
16210.fname,Gnger,Ginger
4508.maritalstatus,***,M
17186.lname,Hirsbrunnre,Hirsbrunner
14559.singleexemp,300,3300
17585.fname,Shrada,Sharada
34021.state,DM,MD
13976.city,JAMESVLILE,JAMESVILLE
42499.zip,78551,75851
10389.rate,3.7,3.07
45990.state,AL,LA
32817.marriedexemp,***,0
42226.marriedexemp,,0
24385.maritalstatus,***,M
13639.childexemp,y0,0
9992.singleexemp,m0,0
18011.marriedexemp,30l00,3000
26275.rate,.463,4.63
13316.gender,***,M
17030.haschild,,N
31804.phone,413-1c562,413-1562
27442.marriedexemp,2008,2080
29007.lname,Bogrstrom,Borgstrom
49759.rate,7.b0,7.0
46457.salary,4500,45000
8528.salary,100000***,100000
30149.maritalstatus,***,S
17138.gender,,F
47140.lname,Reog,Rego
22405.state,TM,MT
8849.state,CrT,CT
49835.singleexemp,c0,0
46264.salary,8s5000,85000
7298.state,K,AK
18637.childexemp,m0,0
20002.state,CmT,CT
13307.state,K,AK
29789.marriedexemp,0280,2080
4814.state,T,CT
41342.salary,45000***,45000
28104.salary,40000***,40000
31215.city,BLAELY ISLAND,BLAKELY ISLAND
15785.salary,90000***,90000
27922.childexemp,000,2000
26448.singleexemp,l0,0
45187.maritalstatus,jS,S
43142.marriedexemp,2008,2080
6059.salary,3500,35000
5940.city,LITTLETNO,LITTLETON
39537.childexemp,***,0
8400.areacode,f325,325
30168.gender,***,F
32377.gender,***,F
16239.singleexemp,e0,0
25061.haschild,,Y
40948.state,vCT,CT
18938.state,T,CT
44805.state,pCT,CT
40651.state,NbJ,NJ
18843.phone,132-9o487,132-9487
21784.city,AMELpIA,AMELIA
40345.childexemp,n0,0
2913.maritalstatus,jS,S
31584.zip,w51104,51104
26922.haschild,***,N
33553.state,CuT,CT
20376.phone,7556531,755-6531
34798.childexemp,***,0
7148.zip,85271,85721
43877.lname,Muorsund,Moursund
38302.state,J,NJ
27563.phone,935-811,935-8171
37257.marriedexemp,800,3800
41027.salary,50000***,50000
39349.city,BLOCK uISLAND,BLOCK ISLAND
29760.state,J,NJ
34169.lname,Pinzanhi,Pinzani
29557.city,SEAORD,SEAFORD
25174.singleexemp,***,0
27772.city,MAPLE EHIGHTS,MAPLE HEIGHTS
44982.haschild,xN,N
48972.maritalstatus,cS,S
34702.marriedexemp,***,0
26700.marriedexemp,2008,2080
15812.city,BLUEH ILL,BLUE HILL
8719.maritalstatus,aM,M
24167.singleexemp,***,0
46716.childexemp,1900***,1900
17704.rate,.0,5.0
10075.maritalstatus,***,M
43092.childexemp,,0
5693.gender,,F
8455.state,IM,MI
24419.maritalstatus,,S
28605.state,JN,NJ
12181.marriedexemp,,0
40475.phone,17w0-6001,170-6001
45185.city,BLENEHIM,BLENHEIM
34868.rate,.22,2.2
39600.singleexemp,,0
7641.areacode,993,939
11816.childexemp,***,0
10452.gender,sF,F
35106.city,SHAKPEE,SHAKOPEE
1038.zip,55014,55041
26519.salary,6500l0,65000
48289.marriedexemp,14,174
45350.state,T,CT
37413.city,BIOSE,BOISE
46788.lname,Sceydorov,Scedorov
13166.state,TC,CT
23634.state,XT,TX
25201.childexemp,***,0
41910.state,T,CT
33660.childexemp,t0,0
26243.gender,rF,F
13882.singleexemp,***,0
43167.areacode,6v51,651
5289.state,NI,IN
32107.state,J,NJ
23049.phone,65-4316,659-4316
753.state,CD,DC
24744.fname,akaha,Wakaha
29113.gender,***,F
3758.haschild,***,Y
10795.gender,,F
13155.gender,,M
31351.haschild,***,Y
29054.zip,87657,87567
22222.fname,Dershugn,Dershung
40765.areacode,5s05,505
32124.haschild,,N
2585.areacode,221,212
3183.fname,Milorzad,Milorad
15274.state,SK,KS
5815.salary,4j5000,45000
32435.state,yNC,NC
35859.singleexemp,p0,0
35111.fname,Taeoh,Taeho
9755.lname,Feenczi,Ferenczi
1932.state,DeC,DC
20569.singleexemp,***,0
33336.singleexemp,***,0
17085.singleexemp,,0
31895.state,CqT,CT
46141.lname,Bierbam,Bierbaum
41364.phone,354-531,354-5361
37178.phone,500-24w18,500-2418
24296.childexemp,1307,1370
19119.maritalstatus,,M
44223.fname,Wambrto,Wamberto
49383.marriedexemp,2008,2080
41796.gender,,F
583.singleexemp,d0,0
24977.gender,,F
34606.state,TC,CT
1069.haschild,wY,Y
25565.childexemp,***,0
45170.phone,928-623,928-2623
46749.city,BLUEGOVE,BLUEGROVE
1820.rate,39.,3.9
1854.state,T,UT
37295.state,MvI,MI
29593.state,T,CT
37717.state,TC,CT
41633.singleexemp,,0
21744.city,BOSE,BOISE
8196.haschild,fY,Y
31824.singleexemp,***,0
17559.zip,661,6601
18986.maritalstatus,,S
6415.haschild,,N
26031.gender,***,F
16327.phone,657-987t2,657-9872
30819.lname,Hoxffert,Hoffert
14036.salary,5000,50000
41947.zip,99774***,99774
36541.childexemp,w0,0
32338.singleexemp,1090,1900
12710.rate,30356412,3.0356412
48579.singleexemp,***,0
33561.lname,Pjehan,Pejhan
37993.gender,mF,F
37730.childexemp,,0
48587.singleexemp,f0,0
21774.singleexemp,***,0
32469.state,CfT,CT
30902.phone,840-148,840-1428
15080.singleexemp,300,3300
12990.city,SNA JUAN,SAN JUAN
29710.lname,kGargouri,Gargouri
48447.lname,Clay,Clary
47372.childexemp,i0,0
29094.gender,tF,F
30003.areacode,06,406
18981.gender,,F
14677.haschild,jY,Y
27006.state,AG,GA
1012.state,AdR,AR
37355.gender,***,F
9943.areacode,32,302
37586.singleexemp,x0,0
2062.state,DoC,DC
11142.areacode,3h18,318
24217.marriedexemp,080,2080
19026.marriedexemp,2008,2080
26709.singleexemp,,0
5747.marriedexemp,2008,2080
3376.city,AL GRANGE,LA GRANGE
16065.childexemp,y0,0
8525.city,BOARDC AMP,BOARD CAMP
37775.gender,***,F
37719.salary,000,5000
35268.childexemp,***,0
10990.rate,53.,5.3
23061.marriedexemp,2008,2080
14579.city,BOdGUE,BOGUE
29655.gender,,F
49769.areacode,86y0,860
2831.lname,Burtschcik,Burtschick
19343.city,AURORoA,AURORA
17455.city,BOGfALUSA,BOGALUSA
22971.haschild,***,Y
4868.rate,3.674999,3.5674999
9113.marriedexemp,h0,0
15308.gender,sF,F
14258.zip,72121,71221
37975.city,BANDFORD,BLANDFORD
37549.areacode,84,864
17725.gender,gM,M
43970.city,vBLOSSBURG,BLOSSBURG
22750.marriedexemp,24f500,24500
6607.salary,40000***,40000
48995.state,H,NH
34658.lname,mAamodt,Aamodt
22500.marriedexemp,j2080,2080
106.zip,68731,68713
45784.singleexemp,p0,0
11199.childexemp,j0,0
41132.state,NdJ,NJ
14179.fname,Basemm,Basem
48914.singleexemp,,0
13405.salary,95000***,95000
28232.gender,dF,F
33653.zip,98445***,98445
12734.childexemp,n0,0
18729.singleexemp,***,0
36712.city,BLACNHARD,BLANCHARD
22363.city,gBOISE,BOISE
40501.childexemp,,0
25415.singleexemp,,0
46935.areacode,2g07,207
9406.zip,z39157,39157
954.zip,1850,14850
45530.city,BISE,BOISE
26909.childexemp,***,0
11247.rate,00.,0.0
44878.state,CaT,CT
4101.fname,Krishnamruthy,Krishnamurthy
42952.marriedexemp,200,2080
28831.marriedexemp,2008,2080
44368.salary,450t00,45000
22192.marriedexemp,208v0,2080
36040.areacode,b202,202
28094.childexemp,,0
42103.state,JN,NJ
2731.salary,08000,80000
40353.gender,,F
2101.maritalstatus,***,S
20993.phone,31-9059,831-9059
20390.salary,8000,80000
39723.maritalstatus,nM,M
17486.childexemp,,0
24676.fname,eng,Beng
47531.state,J,NJ
49634.state,T,CT
20626.childexemp,b1000,1000
42575.city,SEAsTTLE,SEATTLE
27745.state,JN,NJ
27895.phone,10-7023,110-7023
46094.zip,8116,89116
48778.gender,cM,M
27936.salary,r90000,90000
1512.salary,6000,60000
10903.state,T,CT
30569.haschild,dY,Y
39960.city,BOCA RAOTN,BOCA RATON
34439.haschild,***,Y
20190.singleexemp,2700***,2700
32760.marriedexemp,20e80,2080
42583.lname,Wieogley,Wiegley
28573.fname,Jeomon,Joemon
7586.childexemp,***,0
21722.childexemp,,0
20486.city,AN JUAN,SAN JUAN
25821.salary,1500v0,15000
35221.gender,cF,F
29503.maritalstatus,,S
40253.fname,Hahemi,Hachemi
32354.state,J,NJ
43200.gender,kF,F
19848.city,BLEUWATER,BLUEWATER
47466.city,BOIqSE,BOISE
40351.zip,07656,70656
45291.phone,87k5-3352,875-3352
49368.state,TC,CT
43191.lname,Whintlock,Whitlock
17392.rate,.4,1.4
42168.childexemp,***,0
24974.areacode,t980,980
17110.childexemp,,0
2096.state,C,DC
39177.lname,Medivdovic,Medvidovic
41909.rate,.85,8.5
35530.singleexemp,***,0
39076.childexemp,n0,0
35821.fname,Shou,Shuo
38035.marriedexemp,2008,2080
17304.maritalstatus,tM,M
17717.childexemp,***,0
2057.state,EN,NE
2784.singleexemp,t0,0
11699.lname,Fahinger,Fahringer
14575.gender,***,F
46085.salary,65000***,65000
9264.marriedexemp,k2080,2080
35055.fname,Alveks,Aleks
148.fname,Amso,Amos
41834.salary,2000,25000
41018.areacode,220,202
49955.salary,g10000,10000
42324.city,BOCA RATNO,BOCA RATON
25703.gender,,M
19175.gender,***,F
7658.rate,70.,7.0
37406.marriedexemp,080,2080
25721.rate,.3758974,1.3758974
22816.state,aPR,PR
49300.marriedexemp,495h0,4950
45750.haschild,***,Y
49072.marriedexemp,080,2080
12324.city,EWELL,JEWELL
43707.lname,Strxedney,Stredney
13776.phone,438-284n5,438-2845
5334.areacode,63,563
18581.lname,Raamony,Rajamony
28776.zip,6802a6,68026
43049.lname,Bae,Bate
7898.marriedexemp,j4000,4000
45548.fname,Manoranan,Manoranjan
14281.lname,Mattisno,Mattison
4430.areacode,25,425
1339.state,C,DC
41705.city,BLUE DAMOND,BLUE DIAMOND
39158.childexemp,,0
8752.fname,Fujviichi,Fujiichi
42363.marriedexemp,0280,2080
3055.singleexemp,,0
30285.zip,29394,29934
37247.singleexemp,o0,0
42791.phone,3439-081,343-9081
5532.childexemp,1y040,1040
34962.city,BLOCK ILAND,BLOCK ISLAND
12249.lname,Tirehel,Trehel
23022.state,wCT,CT
12345.salary,10500,15000
17441.city,ASLHAND,ASHLAND
6834.city,HOSUTON,HOUSTON
49125.singleexemp,***,0
30643.marriedexemp,0,40
38755.city,BmLUE GRASS,BLUE GRASS
31956.city,SAN JOES,SAN JOSE
27490.city,BLYTHEILLE,BLYTHEVILLE
30790.areacode,22,202
26094.city,MESA VEDRE NATIONAL PARK,MESA VERDE NATIONAL PARK
27767.state,TC,CT
31646.fname,gHuichun,Huichun
23610.childexemp,,0
32208.city,AiDAIR,ADAIR
32895.lname,pKaji,Kaji
9149.singleexemp,,0
47096.rate,3.216153,3.2016153
26107.singleexemp,i0,0
11572.haschild,,N
24626.maritalstatus,***,S
48129.gender,***,F
35575.gender,hM,M
44197.haschild,***,Y
11005.marriedexemp,2008,2080
11077.singleexemp,190,1900
48512.childexemp,,0
18924.marriedexemp,2008,2080
30047.state,uNJ,NJ
29721.singleexemp,,0
4989.state,T,CT
34750.state,DN,ND
25889.marriedexemp,20p80,2080
2418.maritalstatus,,M
31750.singleexemp,n103,103
31628.gender,***,F
40742.lname,Doter,Docter
29851.state,NI,IN
6821.gender,fF,F
43252.singleexemp,d0,0
31412.gender,***,F
44134.singleexemp,o0,0
44249.gender,,F
13208.lname,Taarntino,Tarantino
47970.zip,1980j2,19802
18358.singleexemp,r0,0
46905.childexemp,3300***,3300
30632.singleexemp,d0,0
16232.gender,***,F
20250.gender,,M
27450.marriedexemp,s0,0
22.gender,,F
21117.state,uNJ,NJ
20178.salary,8500,85000
2254.state,DpC,DC
41966.state,TC,CT
22437.marriedexemp,,0
16142.state,zOH,OH
7520.marriedexemp,20i80,2080
367.city,MOUNT ACLVARY,MOUNT CALVARY
17993.lname,rSerlin,Serlin
36464.lname,Aogianakis,Anogianakis
19445.rate,.836415,5.836415
35272.singleexemp,12705,12750
19883.fname,Raaram,Rajaram
39409.singleexemp,***,0
39539.zip,95188,95818
37251.state,TC,CT
18414.rate,.47976766,4.7976766
36931.rate,0.f0,0.0
16636.zip,53u184,53184
38039.salary,2500g0,25000
31929.state,eNJ,NJ
45405.city,MILLINGTNO,MILLINGTON
38915.city,COCORD,CONCORD
47016.city,BLKELY ISLAND,BLAKELY ISLAND
10538.fname,Xiangmhin,Xiangmin
20094.haschild,***,N
11333.gender,,F
27697.city,NEWTN,NEWTON
34840.areacode,577,757
47111.gender,***,M
15395.maritalstatus,,M
19121.gender,hF,F
38851.singleexemp,p0,0
20206.state,J,NJ
4898.fname,Mihcio,Michio
13745.city,BLOOMFEILD,BLOOMFIELD
36376.marriedexemp,2008,2080
24942.phone,489-65s08,489-6508
21492.marriedexemp,***,0
9469.singleexemp,v0,0
22199.gender,***,F
24022.city,MSA,MESA
42215.singleexemp,m0,0
32312.fname,Maknica,Manica
4679.marriedexemp,208d0,2080
23030.city,BLOOMFIELDHILLS,BLOOMFIELD HILLS
15977.salary,5000,15000
8995.fname,Sebastino,Sebastiano
43713.city,BLU GRASS,BLUE GRASS
37859.marriedexemp,3000***,3000
10141.city,BLANCHiARD,BLANCHARD
4532.gender,,F
31945.state,T,CT
12334.childexemp,,0
19489.singleexemp,***,0
1858.marriedexemp,66k00,6600
25464.state,CfT,CT
34626.city,EAST HARTaFORD,EAST HARTFORD
39719.gender,***,F
18798.marriedexemp,2008,2080
49736.state,bKY,KY
5628.rate,.90,9.0
8440.marriedexemp,740,2740
9523.childexemp,,0
563.gender,***,F
19062.lname,Raghavenran,Raghavendran
30021.state,KO,OK
2777.fname,Kangshneg,Kangsheng
35059.maritalstatus,***,M
43648.marriedexemp,20d80,2080
49675.gender,***,F
26185.state,bNJ,NJ
39123.haschild,***,Y
45849.marriedexemp,p0,0
39231.childexemp,***,0
46366.marriedexemp,280,2080
28494.childexemp,***,0
41868.gender,hM,M
40464.phone,139-6150,139-6105
31783.state,S,MS
20280.zip,19o945,19945
15638.marriedexemp,080,2080
1465.fname,Sahbbir,Shabbir
47173.lname,ashii,Hashii
49598.gender,uM,M
38690.state,TC,CT
38195.marriedexemp,20r80,2080
49080.singleexemp,,0
48402.maritalstatus,***,M
21884.gender,,F
41061.areacode,81,801
8607.city,TURNERSBUbRG,TURNERSBURG
23156.state,T,CT
26993.state,xCT,CT
12889.city,BLOMER,BLOOMER
47478.maritalstatus,,M
4092.childexemp,,0
19843.salary,35d000,35000
219.childexemp,,0
46362.maritalstatus,,S
39044.gender,rF,F
49587.state,iCT,CT
5463.marriedexemp,***,0
35855.childexemp,o0,0
49069.zip,8472n3,84723
29216.rate,.34,3.4
30561.fname,Enre,Endre
44768.gender,,F
23388.singleexemp,***,0
12325.childexemp,,0
20866.childexemp,k0,0
9104.childexemp,,0
43021.city,BLUdFFTON,BLUFFTON
23171.zip,6775,67475
10699.gender,,M
34837.state,fCT,CT
21624.city,ELSMREE,ELSMERE
33473.rate,6.2v5,6.25
38982.haschild,***,Y
31592.areacode,836,863
45111.fname,aji,Naji
44856.rate,90.,9.0
32043.city,BLENHEM,BLENHEIM
26045.singleexemp,i0,0
30768.singleexemp,,0
17899.marriedexemp,260,2600
26323.state,TC,CT
44854.zip,7467,97467
34483.rate,7.i4102564,7.4102564
41683.fname,Jacquleyn,Jacquelyn
48711.singleexemp,,0
5252.city,VIRIGL,VIRGIL
24840.gender,hM,M
19742.singleexemp,c0,0
36280.fname,SangeKun,SangKeun
13838.gender,sF,F
32524.maritalstatus,tS,S
26265.state,nCT,CT
8991.salary,4000,40000
38160.city,LANCO,BLANCO
36809.lname,Rsouchaleau,Rouchaleau
20473.areacode,6r60,660
13093.areacode,768,678
27417.phone,816-5669***,816-5669
12408.childexemp,,0
11391.maritalstatus,aM,M
23944.maritalstatus,***,M
22249.areacode,06,206
36665.gender,eF,F
24599.maritalstatus,qM,M
15537.marriedexemp,200,2080
21401.phone,6j89-9567,689-9567
41454.areacode,03,803
16141.childexemp,,0
43316.salary,6500j0,65000
44221.state,NhJ,NJ
28707.state,T,CT
17447.areacode,93s1,931
39543.state,T,CT
26840.state,J,NJ
36951.marriedexemp,***,0
27744.haschild,***,Y
11775.zip,84791,84719
36373.city,BLU EBELL,BLUE BELL
39899.singleexemp,,0
3482.lname,Bartshci,Bartschi
33739.state,T,CT
39760.state,TC,CT
30356.childexemp,***,0
19569.childexemp,,0
26619.childexemp,t0,0
19778.salary,2000,20000
3517.rate,6.656833,6.6568303
9189.areacode,62s3,623
19301.fname,Irbahim,Ibrahim
292.zip,71c944,71944
39333.rate,93,9.3
19427.lname,Chkialov,Chikalov
16226.phone,18i7-4519,187-4519
1535.singleexemp,,0
34128.fname,Renaxud,Renaud
32188.salary,95000***,95000
29885.salary,25g000,25000
38040.state,T,VT
40219.rate,3.74342n1,3.743421
35104.singleexemp,10g40,1040
48073.state,uCT,CT
2972.salary,70500,75000
24173.marriedexemp,***,0
43907.marriedexemp,j0,0
14204.singleexemp,***,0
45707.haschild,***,N
33181.gender,iM,M
43681.haschild,***,Y
27353.city,OBISE,BOISE
44151.rate,60,6.0
40229.state,cUT,UT
43050.gender,,F
42222.childexemp,***,0
18420.zip,8432,84332
6212.fname,Viswanaht,Viswanath
12492.rate,.34,3.4
30103.childexemp,***,0
42235.salary,0000,30000
25806.phone,955-7640,955-7460
24264.zip,5644,5464
14880.areacode,31o5,315
172.state,CD,DC
39094.singleexemp,***,0
19690.marriedexemp,7240,2740
2081.marriedexemp,2i080,2080
20868.gender,lF,F
30126.childexemp,,0
35918.gender,,F
30900.city,BOSE,BOISE
17185.fname,pOle,Ole
2664.gender,kF,F
45930.areacode,031,301
17552.singleexemp,l0,0
2812.childexemp,33h00,3300
42978.fname,Granthma,Grantham
8160.phone,5d27-8995,527-8995
30786.phone,451-245,451-2465
22456.marriedexemp,080,2080
8377.singleexemp,,0
22380.zip,87722***,87722
7835.areacode,20a2,202
2999.marriedexemp,***,0
24933.gender,,F
21806.marriedexemp,0280,2080
34302.state,NpJ,NJ
42459.childexemp,10w40,1040
5534.state,tSC,SC
18826.fname,elic,Felic
35555.rate,.0,0.0
20302.salary,5000,65000
20875.phone,25-9838,235-9838
10069.haschild,bN,N
19134.state,fPA,PA
5450.fname,Naofuim,Naofumi
46820.rate,00.,0.0
2370.marriedexemp,600,6600
5961.marriedexemp,***,0
20670.singleexemp,2700***,2700
23592.gender,,F
38238.city,HILLSBgORO,HILLSBORO
44227.state,I,WI
26430.rate,1.4785842,1.4788542
22755.phone,729-1583,729-1538
25886.marriedexemp,,0
29787.rate,6.q0,6.0
25864.zip,73737,77337
44501.maritalstatus,mM,M
43688.state,TC,CT
32114.marriedexemp,2008,2080
45091.marriedexemp,208d0,2080
20915.gender,***,M
30546.state,NcJ,NJ
46528.city,GRAiTON,GRATON
6672.city,LBANCHARD,BLANCHARD
1376.state,CD,DC
45484.gender,uF,F
14405.gender,,F
812.city,ROBINSONVLLE,ROBINSONVILLE
49032.haschild,,N
27586.city,WcASHINGTON,WASHINGTON
8690.haschild,***,Y
15347.childexemp,z0,0
19699.gender,***,F
15140.city,CENRTEVILLE,CENTREVILLE
33846.state,JN,NJ
45768.singleexemp,***,0
27417.singleexemp,***,0
29672.marriedexemp,t0,0
20071.lname,Luer,Luger
2945.areacode,2m03,203
47502.state,T,CT
6958.state,nCT,CT
40003.marriedexemp,2008,2080
21671.marriedexemp,000,2000
8668.state,KO,OK
23495.zip,83761,38761
12344.areacode,40,440
25889.childexemp,040,1040
28414.phone,299-30p36,299-3036
27752.gender,,M
8306.state,CrT,CT
38809.state,T,CT
17740.marriedexemp,74,174
13275.childexemp,***,0
3169.state,NlD,ND
16882.marriedexemp,m0,0
19782.gender,***,F
23924.city,BLOuDGETT,BLODGETT
20164.gender,dF,F
8548.rate,y6.5,6.5
33284.singleexemp,***,0
39419.marriedexemp,o6600,6600
29237.gender,***,F
43664.childexemp,***,0
38357.gender,***,M
37338.city,BLOC KISLAND,BLOCK ISLAND
7216.gender,,F
44506.childexemp,,0
16530.gender,,F
42101.city,LAKESIED,LAKESIDE
37870.marriedexemp,2008,2080
15868.phone,511-5k945,511-5945
42771.gender,***,F
11294.salary,15000***,15000
37877.lname,Lubachevsgky,Lubachevsky
24312.state,TV,VT
8036.gender,***,M
24335.fname,Meiek,Meike
45158.zip,s98353,98353
16206.phone,5w96-7380,596-7380
28269.salary,0000,70000
47570.rate,.9,3.9
35341.rate,.00,0.0
48601.lname,Kinmsan,Kinsman
32011.singleexemp,***,0
44048.childexemp,***,0
25273.gender,,F
36288.rate,5.m0,5.0
2214.gender,yF,F
38141.gender,,F
30384.city,ALIBON,ALBION
44020.marriedexemp,080,2080
9344.haschild,,N
46477.singleexemp,x2100,2100
12422.marriedexemp,208j0,2080
19803.state,T,CT
19836.zip,57130,57103
26555.areacode,m321,321
11440.phone,62o3-8795,623-8795
23090.childexemp,s0,0
39312.state,NgJ,NJ
17676.marriedexemp,26,206
46969.childexemp,100t0,1000
49096.childexemp,***,0
24470.childexemp,e0,0
44244.singleexemp,g0,0
45928.city,CAIOR,CAIRO
44255.singleexemp,f0,0
48564.gender,oF,F
48618.singleexemp,,0
46737.salary,4000,40000
22342.haschild,fY,Y
11583.rate,e6.25,6.25
44226.state,T,CT
28081.gender,***,F
11818.phone,215-065,215-2065
31811.phone,87-1012,287-1012
34175.marriedexemp,0,40
17219.marriedexemp,***,0
21953.singleexemp,***,0
22124.zip,55620,56520
43880.city,BALIR,BLAIR
17534.areacode,i207,207
38034.gender,,F
27251.haschild,,N
24393.gender,***,F
39728.rate,69.,6.9
7536.fname,Bahradwaj,Bharadwaj
4882.city,NORhWALK,NORWALK
39499.marriedexemp,***,0
49755.state,DI,ID
2297.state,ZA,AZ
2592.haschild,xY,Y
32257.lname,Liebowtiz,Liebowitz
22159.rate,5s.5895944,5.5895944
49862.zip,9754x1,97541
37348.phone,342-2250,342-2205
42348.rate,.8,7.8
9481.zip,77,717
48057.singleexemp,,0
40318.state,mNJ,NJ
19219.marriedexemp,s6600,6600
45298.zip,u20427,20427
38689.gender,qF,F
38422.childexemp,k0,0
10235.zip,186n3,1863
32994.childexemp,***,0
16784.city,BLOOMFIELD***,BLOOMFIELD
7310.childexemp,***,0
22943.phone,984-2488,894-2488
12325.marriedexemp,,0
49133.phone,21-4661,212-4661
26506.childexemp,,0
44565.marriedexemp,2008,2080
6816.rate,00.,0.0
5899.fname,Duonko,Donko
41712.city,ANVILLE,DANVILLE
38509.state,TC,CT
38455.singleexemp,e0,0
49017.areacode,570,507
18541.lname,Aris,Ardis
32714.childexemp,o0,0
30245.gender,***,F
48839.gender,fF,F
42990.areacode,91t0,910
2980.city,PRICETON,PRINCETON
712.state,D,ND
35729.maritalstatus,mM,M
19206.rate,625,6.25
36332.singleexemp,d0,0
34479.city,LAIRSBURG,BLAIRSBURG
21126.marriedexemp,2000***,2000
2047.lname,Folntan,Fontan
36475.lname,Leoht,Lehot
49788.city,BLUE MOUNATIN,BLUE MOUNTAIN
30121.lname,Gil,Goil
22060.gender,kF,F
29143.singleexemp,y0,0
30316.haschild,***,N
16068.lname,Khodabanedh,Khodabandeh
20599.singleexemp,0600,6000
30416.state,T,CT
37039.areacode,820,802
25380.phone,67-16858,671-6858
21943.zip,6620,46620
41958.fname,Pythagorsa,Pythagoras
21942.fname,aMite,Maite
29309.fname,Qingdja,Qingda
43858.marriedexemp,12000***,12000
48947.singleexemp,e0,0
29896.gender,,F
3156.rate,.875,3.875
34366.state,T,CT
14226.childexemp,,0
27352.marriedexemp,200,2080
40110.state,TC,CT
35081.singleexemp,,0
36803.fname,Ksrishnendu,Krishnendu
28867.haschild,,N
8422.city,OISE,BOISE
9428.childexemp,x0,0
46862.state,J,NJ
22449.gender,hM,M
16105.salary,000,5000
47400.state,T,CT
41678.lname,Nroo,Noro
41274.state,IkN,IN
44388.zip,77,737
14250.lname,Staudingr,Staudinger
38046.singleexemp,v0,0
31952.phone,896-7285,896-2785
28234.city,EIELSNO AFB,EIELSON AFB
6786.state,IR,RI
33699.childexemp,***,0
10204.areacode,550,505
36186.singleexemp,,0
21440.state,zIA,IA
4758.childexemp,t0,0
42333.marriedexemp,j40,40
7770.lname,Renos,Renous
18508.phone,x344-5643,344-5643
27375.marriedexemp,4w200,4200
24963.childexemp,***,0
32740.childexemp,***,0
7262.gender,kF,F
41091.city,BLOCtK ISLAND,BLOCK ISLAND
45004.lname,Schmeddng,Schmedding
21940.city,BsOISE,BOISE
12250.gender,,F
40465.city,OBISE,BOISE
23502.state,JN,NJ
49547.singleexemp,90l0,900
44593.haschild,***,N
49408.marriedexemp,2800,2080
26298.singleexemp,3300***,3300
27512.areacode,846,864
35446.childexemp,***,0
27586.gender,xF,F
40833.childexemp,h0,0
44322.singleexemp,m0,0
4573.maritalstatus,,M
5840.marriedexemp,080,2080
27981.gender,,F
26742.gender,,F
5036.lname,Digihe,Dighe
26696.areacode,749,479
24178.city,BLUE RIVlER,BLUE RIVER
5175.maritalstatus,vS,S
16319.zip,843w24,84324
25360.city,VERID,VERDI
20908.maritalstatus,***,S
17069.marriedexemp,***,0
26123.singleexemp,***,0
18640.state,R,PR
46691.singleexemp,q0,0
32109.fname,Uai,Udai
47636.maritalstatus,nS,S
7336.city,CORNIHS,CORNISH
12256.maritalstatus,,M
40462.childexemp,f0,0
792.state,C,DC
7098.city,UEBLO,PUEBLO
43741.childexemp,***,0
13021.fname,Ztoran,Zoran
45269.haschild,aY,Y
10013.lname,Baaifi,Baafi
21696.maritalstatus,tS,S
42735.rate,00.,0.0
22347.childexemp,***,0
38808.lname,henassia,Ghenassia
3050.salary,n35000,35000
38045.city,BLOCK SILAND,BLOCK ISLAND
36466.city,BLUfFF CITY,BLUFF CITY
4713.maritalstatus,tM,M
40634.maritalstatus,,S
8074.fname,Blearmino,Belarmino
30415.maritalstatus,***,S
16521.gender,wM,M
5234.gender,uM,M
30829.maritalstatus,zS,S
2955.marriedexemp,208s0,2080
1823.marriedexemp,2600***,2600
47420.marriedexemp,2008,2080
30652.city,BLOCK ILSAND,BLOCK ISLAND
8563.gender,,M
30501.state,TC,CT
2977.marriedexemp,2800,2080
45586.areacode,071,701
24174.singleexemp,d0,0
17289.rate,.0,5.0
34489.state,bCT,CT
17452.marriedexemp,080,2080
45515.lname,Pral,Prahl
1797.rate,00,0.0
19109.city,BOLOMER,BLOOMER
15927.state,CN,NC
42220.phone,813-60s97,813-6097
39958.state,yNJ,NJ
29068.salary,5y5000,55000
2211.state,rDC,DC
16137.fname,Lihonag,Lihong
37866.zip,3710,37210
49289.fname,Hmaza,Hamza
29176.gender,vF,F
39866.haschild,***,Y
14573.maritalstatus,,S
21626.singleexemp,,0
23739.haschild,uY,Y
16066.marriedexemp,u0,0
23305.rate,5z.3,5.3
7262.salary,9500a0,95000
31064.city,BLIAR,BLAIR
11644.haschild,***,N
44185.gender,***,F
44318.zip,68d522,68522
9427.lname,iRjn,Rijn
42305.marriedexemp,080,2080
31210.haschild,,Y
44748.areacode,29,229
49089.singleexemp,3300***,3300
18432.phone,885-1588,885-5188
42004.city,LEESBURgG,LEESBURG
894.state,C,DC
27926.gender,***,F
35761.state,TC,CT
33380.state,JN,NJ
19880.singleexemp,,0
20204.state,NeJ,NJ
39995.childexemp,***,0
11159.childexemp,x0,0
29767.childexemp,p0,0
20757.gender,,M
5482.maritalstatus,kM,M
37488.marriedexemp,,0
3504.salary,5000,75000
45909.rate,.0,0.0
29292.phone,23m3-6765,233-6765
33982.state,NxJ,NJ
37044.maritalstatus,***,M
49006.singleexemp,,0
39146.rate,70,7.0
12607.salary,54000,45000
21372.haschild,,Y
1763.phone,75-7540,756-7540
21508.lname,Jnsen,Jansen
48965.city,SOMERSTE,SOMERSET
5614.childexemp,0200,2000
1714.city,PATTEsRSONVILLE,PATTERSONVILLE
33847.haschild,uN,N
3386.rate,0z.0,0.0
25630.state,JN,NJ
19722.rate,2.66q16669,2.6616669
8560.childexemp,***,0
28072.haschild,***,N
146.state,DtC,DC
1256.childexemp,***,0
11620.fname,Walyl,Wally
37250.fname,Chandrlaeka,Chandraleka
10034.gender,***,F
46790.city,AINBOW LAKE,RAINBOW LAKE
33691.state,TC,CT
6728.fname,Abdelmjid,Abdelmajid
31984.marriedexemp,,0
48875.gender,,F
38714.fname,Matrha,Martha
38841.childexemp,9100,1900
13265.areacode,82,802
9006.city,WASHItNGTON,WASHINGTON
8354.rate,5a.3,5.3
1657.city,LINEDN,LINDEN
11784.lname,ohrbach,Rohrbach
26847.city,BLOCKI SLAND,BLOCK ISLAND
45284.marriedexemp,6060,6600
20102.city,BOSE,BOISE
47037.marriedexemp,2008,2080
33552.state,TU,UT
29112.singleexemp,,0
46913.city,BLAIRSVoILLE,BLAIRSVILLE
44407.maritalstatus,***,S
47147.salary,59000,95000
38675.rate,.17,1.7
38415.city,DONNELY,DONNELLY
35064.singleexemp,,0
9354.city,BOARDMhAN,BOARDMAN
39624.gender,,F
38207.city,NACHORAGE,ANCHORAGE
32780.state,JN,NJ
13262.lname,dRiccone,Riccone
36742.phone,821-1911,821-1191
35451.state,T,CT
6327.haschild,***,Y
42417.haschild,rY,Y
9601.marriedexemp,2008,2080
47984.city,LUFF CITY,BLUFF CITY
26749.marriedexemp,***,0
28816.marriedexemp,2008,2080
352.rate,93.,9.3
21037.city,BLANCHRAD,BLANCHARD
41886.rate,00.,0.0
27056.city,ENW LISBON,NEW LISBON
13598.maritalstatus,jS,S
46512.childexemp,***,0
10147.maritalstatus,,M
18222.fname,aPwan,Pawan
41729.gender,***,F
17992.singleexemp,***,0
15947.singleexemp,***,0
734.zip,391c71,39171
13231.childexemp,,0
40252.city,HOLLY GqROVE,HOLLY GROVE
29957.haschild,kN,N
46061.childexemp,f0,0
646.haschild,rY,Y
33411.state,TC,CT
34465.state,fNJ,NJ
41705.gender,,F
45691.marriedexemp,208h0,2080
15314.fname,Marait,Maarit
17632.marriedexemp,208p0,2080
33405.rate,.0,0.0
19470.zip,7750,57750
1946.state,RP,PR
44424.state,fMS,MS
41025.singleexemp,24e00,2400
31394.singleexemp,p0,0
25124.city,AWKEY,YAWKEY
27861.gender,,F
46852.lname,Mszaros,Meszaros
25646.zip,o2879,2879
33099.rate,.0,3.0
31731.gender,,F
47950.singleexemp,q0,0
4874.phone,560-104,560-1504
18930.singleexemp,***,0
37742.gender,***,F
11189.lname,anulette,Canulette
32016.childexemp,m0,0
49702.marriedexemp,2008,2080
37503.haschild,fN,N
30307.marriedexemp,,0
36883.state,ShD,SD
26026.city,BLcACKSTONE,BLACKSTONE
28938.city,BLAIwR,BLAIR
24747.gender,wF,F
47845.gender,***,M
3912.gender,nF,F
39632.fname,Heqnnie,Hennie
20554.zip,02027,20027
39979.areacode,88,848
8209.maritalstatus,zM,M
38851.marriedexemp,z2080,2080
45952.maritalstatus,,S
45641.singleexemp,o0,0
38810.phone,591-543o2,591-5432
4914.rate,.0,9.0
46896.city,OMERSET,SOMERSET
1383.gender,,F
41121.city,CIHCAGO,CHICAGO
24039.gender,jM,M
14483.state,T,CT
10107.phone,508f-4171,508-4171
38683.state,ViT,VT
37463.state,pCT,CT
16464.marriedexemp,180l0,1800
32746.city,TOWNhSEND,TOWNSEND
41019.rate,2.y68309,2.68309
44403.singleexemp,y0,0
38593.fname,ela,Bela
23219.state,AC,CA
42321.singleexemp,130,103
7182.marriedexemp,7510,7150
27878.marriedexemp,20o80,2080
6720.areacode,25,225
39702.childexemp,,0
29184.city,BLOaSSBURG,BLOSSBURG
21561.childexemp,2580,2850
38295.maritalstatus,mS,S
13603.gender,***,F
38557.childexemp,,0
16511.fname,Jnny,Jonny
31470.phone,269-831x4,269-8314
48644.city,BOlISE,BOISE
30319.city,LMWOOD,ELMWOOD
15403.childexemp,02,20
26896.singleexemp,***,0
35430.state,YW,WY
15604.marriedexemp,,0
