16921.gender,,F
6269.maritalstatus,,M
13674.childexemp,3369,3300
15626.city,,WEST MINOT
6097.maritalstatus,,S
6687.rate,,6.25
16040.rate,,4.967658
952.gender,,F
13367.city,,UNION DALE
19413.marriedexemp,25,0
4776.gender,,F
13596.state,,ID
17066.singleexemp,2007,2000
6806.state,,FL
4934.salary,85029,85000
11662.salary,5029,5000
14058.singleexemp,12,0
12076.gender,,F
6098.city,,ROCHESTER
3646.childexemp,74,0
12542.phone,,861-1932
7746.salary,85019,85000
16866.haschild,,Y
5284.maritalstatus,,M
3734.gender,,M
13874.state,,OH
11441.state,,PR
3983.gender,,F
11412.singleexemp,29,0
12403.haschild,,N
15689.gender,,F
17394.rate,,6.84
19135.salary,20077,20000
6490.maritalstatus,,S
12569.salary,15041,15000
70.state,,DC
11006.salary,30049,30000
12725.childexemp,7,0
6131.singleexemp,31,0
2981.gender,,M
6662.rate,,0
19759.childexemp,40,0
10490.lname,,Erwig
17439.haschild,,Y
4677.maritalstatus,,M
2915.haschild,,Y
18439.phone,,606-6765
4470.lname,,Salvail
7986.marriedexemp,303,206
3943.gender,,F
10375.lname,,Feber
19452.state,,CA
16147.haschild,,Y
12290.salary,20020,20000
4935.maritalstatus,,M
7195.haschild,,N
12.state,,MT
7281.haschild,,N
1597.state,,AK
8051.rate,,5.35
15075.city,,MARIETTA
7299.state,,CO
14451.marriedexemp,2780,2740
14111.maritalstatus,,S
6319.childexemp,20,0
14169.maritalstatus,,M
11147.singleexemp,5,0
10985.maritalstatus,,M
15524.maritalstatus,,S
12373.lname,,Kain
3535.gender,,M
4291.childexemp,79,0
8170.city,,LEMHI
2073.childexemp,156,110
19207.singleexemp,28,0
7163.city,,GIRDLER
8188.phone,,125-6844
12306.gender,,F
6768.salary,95049,95000
5160.phone,,906-3344
4602.salary,70068,70000
8494.childexemp,3342,3300
17400.maritalstatus,,S
3213.childexemp,3346,3300
18203.phone,,513-7427
10473.gender,,F
11232.lname,,Vanherpe
8720.singleexemp,91,0
9699.haschild,,Y
4642.maritalstatus,,M
4665.salary,30014,30000
11702.salary,15016,15000
531.gender,,F
7400.gender,,F
5547.rate,,4.75
16211.haschild,,N
11278.haschild,,N
7540.salary,60015,60000
280.phone,,240-8137
17802.gender,,F
5155.haschild,,Y
16670.salary,5030,5000
9776.city,,UPSALA
3791.lname,,Aluru
264.childexemp,1975,1900
2856.city,,PRESTON
17921.lname,,Muldowney
14038.rate,,3
5388.phone,,174-4230
17820.gender,,M
7050.rate,,7
2097.state,,SC
3699.lname,,Neuburg
19472.salary,55004,55000
338.singleexemp,1098,1000
2911.rate,,3.875
15633.marriedexemp,20,0
1267.singleexemp,68,0
11806.gender,,F
2799.rate,,5
16774.state,,WA
16902.phone,,106-4820
7324.gender,,F
3752.maritalstatus,,S
11652.marriedexemp,28,0
13098.marriedexemp,5,0
17469.gender,,M
654.lname,,Lindmark
15670.marriedexemp,7242,7150
16973.haschild,,Y
19347.gender,,M
17093.gender,,M
4517.state,,RI
6297.childexemp,85,0
2301.salary,90097,90000
17582.salary,40054,40000
1914.rate,,5.75
3624.childexemp,1344,1300
16706.marriedexemp,65,0
958.state,,CO
7258.marriedexemp,240,174
6744.childexemp,12,0
3846.rate,,4.75
19676.phone,,229-7818
7101.maritalstatus,,M
19493.state,,VT
13238.gender,,F
18833.phone,,846-5294
18464.phone,,944-7239
16522.phone,,254-5580
6000.gender,,M
5395.phone,,202-8098
1457.marriedexemp,31,0
13539.marriedexemp,100,0
644.rate,,0
14214.phone,,345-4424
5926.childexemp,72,0
14501.city,,PYOTE
341.singleexemp,86,0
2433.lname,,Siegrist
19239.state,,NM
9282.singleexemp,3,0
14284.phone,,822-7503
13152.salary,90023,90000
16362.lname,,Garratt
10468.lname,,Seibert
14898.maritalstatus,,M
8627.maritalstatus,,S
4055.state,,TN
14161.lname,,Eves
320.city,,BRYANT
1657.marriedexemp,97,0
14514.marriedexemp,96,0
18882.salary,100080,100000
19502.city,,PORT CRANE
17291.city,,BOW
8512.singleexemp,3655,3575
3442.state,,VA
9614.state,,OR
106.lname,,Compeau
15042.maritalstatus,,M
2258.city,,DECATUR
7462.city,,MIZE
16794.state,,OR
2730.childexemp,36,0
14638.lname,,Heijst
18149.rate,,4.040549
11096.gender,,F
12872.rate,,5
19567.state,,NV
17962.maritalstatus,,M
3411.rate,,7.85
566.gender,,F
7559.lname,,Llaberia
8385.city,,WILMINGTON
10188.maritalstatus,,M
11217.salary,45040,45000
7033.city,,PERKS
9892.haschild,,Y
17800.haschild,,N
11534.rate,,0
3121.rate,,4.330183
18999.marriedexemp,6694,6600
472.maritalstatus,,M
8029.phone,,832-2905
9658.rate,,3.4
1318.state,,HI
7298.rate,,0
8611.phone,,597-4633
15616.rate,,8.5
915.lname,,Bachenko
1939.maritalstatus,,M
16662.salary,75070,75000
12183.singleexemp,3,0
3853.haschild,,Y
3516.maritalstatus,,S
5281.phone,,902-8651
17197.lname,,Bly
2662.phone,,919-9559
8310.marriedexemp,7,0
15306.gender,,M
5024.state,,WV
13325.phone,,258-9729
3762.city,,NAMPA
9206.maritalstatus,,M
12949.marriedexemp,42,0
16617.singleexemp,5,0
14400.rate,,8.25
1939.lname,,Dean
5685.phone,,644-9133
14521.maritalstatus,,S
9336.state,,UT
14169.haschild,,N
9960.childexemp,7,0
10456.state,,KY
7929.city,,EAST SYRACUSE
6731.city,,MOUNT HOLLY
16760.phone,,246-8592
9844.state,,TN
19952.lname,,Marshall
16434.marriedexemp,73,0
16355.state,,AR
10749.salary,70083,70000
9439.marriedexemp,72,0
6781.maritalstatus,,M
11745.haschild,,N
4161.gender,,F
8525.phone,,382-6249
15877.lname,,Standing
3051.haschild,,N
11478.childexemp,74,0
1008.haschild,,Y
5163.salary,80045,80000
3338.lname,,Riet
13659.lname,,Pighin
1639.haschild,,N
1550.maritalstatus,,S
4542.gender,,F
8031.city,,GRANT
19623.salary,60020,60000
8359.haschild,,Y
17728.salary,5026,5000
6405.maritalstatus,,S
17666.salary,10099,10000
5148.haschild,,N
9903.rate,,0
15914.phone,,277-2810
9923.lname,,Steckler
4890.state,,TN
2978.rate,,0
11941.gender,,M
9248.lname,,Kriegman
18131.salary,85046,85000
10884.city,,FREDERICKSBURG
18180.singleexemp,3111,3100
18634.marriedexemp,13,0
16345.lname,,Zincke
12358.haschild,,N
10461.marriedexemp,28,0
16083.city,,VOLUNTOWN
10529.haschild,,Y
4843.gender,,M
7818.marriedexemp,30,0
6496.rate,,7
12208.city,,CARSON CITY
5758.lname,,Minnear
17773.childexemp,1074,1000
13279.maritalstatus,,M
12141.marriedexemp,43,0
9127.city,,MINTO
15956.salary,20041,20000
8151.maritalstatus,,M
8184.lname,,Opatrny
11577.state,,LA
17187.marriedexemp,6253,6200
14949.phone,,737-2191
14513.state,,LA
9894.city,,MANCHESTER
7141.city,,MAMMOTH
12291.childexemp,51,0
2518.city,,TRAVIS AFB
14124.lname,,Meeson
12842.rate,,0
6504.marriedexemp,2824,2740
1861.city,,PAGELAND
16141.state,,TN
17465.marriedexemp,88,0
8725.childexemp,70,0
4204.marriedexemp,6,0
17108.gender,,M
7404.childexemp,89,0
126.salary,10050,10000
7571.marriedexemp,4958,4950
12320.lname,,Rapps
15649.rate,,2.039795
319.rate,,0
5847.lname,,Relihan
3011.childexemp,54,20
9310.phone,,617-2141
11821.salary,55047,55000
1574.phone,,812-4666
14375.marriedexemp,2773,2740
6878.city,,MADISON
10790.salary,80042,80000
9994.haschild,,Y
2836.city,,GUAYANILLA
9309.gender,,M
15699.singleexemp,80,0
18098.city,,DODGE
7878.state,,AL
8889.city,,HESSTON
7604.phone,,721-8897
17796.singleexemp,3657,3575
2975.state,,NY
6314.lname,,Franckson
18931.haschild,,Y
3035.gender,,F
10928.lname,,Luca
2684.phone,,677-2820
12138.salary,5013,5000
6127.haschild,,Y
7557.state,,IA
12569.gender,,M
9634.gender,,F
16827.state,,PA
11617.salary,55092,55000
10899.childexemp,95,0
8112.maritalstatus,,S
8317.singleexemp,42,0
13571.childexemp,1011,1000
14228.city,,HUNTSVILLE
9387.state,,DC
3864.singleexemp,17,0
8085.state,,KY
19454.singleexemp,2734,2700
15025.salary,15097,15000
408.state,,NE
12046.city,,IRVING
13233.haschild,,N
2882.childexemp,52,0
10021.childexemp,17,0
12241.state,,GA
18930.phone,,922-9538
9376.phone,,885-8460
19774.gender,,M
11888.childexemp,65,0
10498.haschild,,Y
10479.marriedexemp,4012,4000
313.marriedexemp,12008,12000
17648.haschild,,Y
7906.salary,90010,90000
13664.phone,,505-1789
18018.childexemp,998,900
7929.marriedexemp,46,0
8133.lname,,Schueller
3087.city,,ERWIN
17010.gender,,F
19982.phone,,697-8239
5535.gender,,F
16006.city,,PERRY POINT
8045.childexemp,1285,1200
15696.phone,,399-9362
7870.haschild,,N
16612.lname,,Wolovich
18306.haschild,,N
192.city,,FORSAN
15909.rate,,4.916379
19926.haschild,,Y
6429.salary,40045,40000
1980.marriedexemp,5474,5400
7714.childexemp,36,0
199.state,,CA
11114.marriedexemp,3051,3000
19507.salary,65033,65000
1515.salary,75034,75000
5881.city,,PERRY
19680.salary,15067,15000
8583.singleexemp,3588,3575
10031.city,,LAKE GEORGE
2184.gender,,F
6318.childexemp,3335,3300
17792.lname,,Moshell
14895.marriedexemp,12034,12000
8649.childexemp,86,0
9102.gender,,F
4852.phone,,147-6600
4153.salary,40039,40000
11931.maritalstatus,,M
14829.state,,KS
6222.phone,,977-5958
18119.lname,,Bonifati
14467.childexemp,43,20
17008.state,,AR
4406.lname,,Loewenstein
7953.maritalstatus,,S
4070.city,,WAIKOLOA
2161.salary,35076,35000
12984.rate,,0
15363.lname,,Borzovs
11010.gender,,M
18940.city,,HONOLULU
4581.gender,,F
19440.state,,TX
14620.childexemp,110,20
8375.lname,,Marietta
490.city,,MURFREESBORO
16378.maritalstatus,,S
16779.city,,MESA
18975.salary,65022,65000
1675.salary,70080,70000
17590.gender,,F
3880.marriedexemp,22,0
12575.state,,CT
11056.salary,60099,60000
12636.haschild,,Y
5067.state,,ND
5122.singleexemp,4,0
15441.phone,,145-1962
17111.gender,,M
16881.maritalstatus,,M
16875.marriedexemp,9089,9000
16590.rate,,4.888889
728.marriedexemp,4008,4000
4155.lname,,Schamber
18756.salary,10023,10000
11535.salary,50087,50000
13076.gender,,M
3603.phone,,516-3677
18506.city,,BLUEFIELD
1518.maritalstatus,,S
15276.state,,VA
544.singleexemp,88,87
11598.salary,50093,50000
12223.marriedexemp,98,0
11775.salary,75001,75000
17849.city,,DERWOOD
1710.marriedexemp,90,0
8428.marriedexemp,4054,4000
2484.gender,,M
10263.haschild,,Y
17057.city,,FALL RIVER
6480.singleexemp,2279,2250
5622.maritalstatus,,S
12825.salary,95016,95000
4830.gender,,F
1630.city,,WIMBLEDON
5372.rate,,7.8
1276.city,,GROVER
6869.state,,FL
11575.state,,FL
13901.gender,,M
9195.maritalstatus,,M
9387.gender,,F
19382.marriedexemp,69,0
6246.city,,FORT THOMAS
6533.rate,,6.8863635
813.marriedexemp,6661,6600
13994.gender,,M
18529.phone,,203-6192
12522.rate,,0
1953.maritalstatus,,M
10524.rate,,0
12724.singleexemp,3326,3300
10796.rate,,6.6568303
7325.phone,,263-7369
3946.maritalstatus,,M
6049.salary,90040,90000
7884.lname,,Tarabout
5047.gender,,F
8794.salary,45074,45000
6801.lname,,Welsch
533.childexemp,458,400
19897.phone,,965-4792
10319.singleexemp,82,0
13205.phone,,835-3142
12471.haschild,,Y
2978.state,,SD
8423.state,,VT
1219.haschild,,Y
7192.city,,CHESAPEAKE
14760.gender,,F
998.rate,,9
10241.rate,,5
1559.singleexemp,3166,3100
7290.haschild,,Y
3789.haschild,,N
15806.salary,45054,45000
12008.childexemp,1049,1040
5737.salary,40043,40000
10231.singleexemp,134,40
3391.lname,,Schirra
5174.haschild,,N
2920.marriedexemp,98,0
17762.gender,,M
18764.gender,,M
11386.childexemp,53,0
17341.childexemp,990,900
468.city,,EAST LIBERTY
6724.haschild,,N
19982.city,,WILMINGTON
14890.phone,,171-4010
19927.salary,15055,15000
6384.haschild,,N
916.state,,AL
6787.state,,IA
17225.salary,50067,50000
2873.marriedexemp,62,0
14171.phone,,377-2137
7638.haschild,,Y
8462.gender,,M
13428.gender,,M
14144.city,,LAS VEGAS
4172.gender,,F
11945.maritalstatus,,S
4923.marriedexemp,2090,2000
19209.phone,,366-6271
16395.maritalstatus,,M
10995.gender,,M
13401.maritalstatus,,M
5276.maritalstatus,,M
1241.lname,,Kreuer
17630.maritalstatus,,S
794.city,,LYNCH STATION
18386.state,,DE
2376.city,,CARDIN
11503.state,,KS
9184.state,,HI
6471.salary,75070,75000
2081.haschild,,Y
9613.gender,,M
12562.singleexemp,2513,2475
17843.haschild,,N
8876.singleexemp,28,0
7912.state,,TX
2444.maritalstatus,,S
3812.phone,,801-2134
18462.haschild,,Y
188.rate,,0
7923.state,,RI
2869.state,,FL
5278.rate,,5.752432
16564.singleexemp,1371,1370
15827.haschild,,Y
8283.haschild,,N
10417.phone,,821-5297
4581.state,,WA
18993.maritalstatus,,S
9566.salary,85088,85000
16140.singleexemp,36,0
10481.lname,,Emele
8778.childexemp,3383,3300
7469.marriedexemp,30,0
5737.phone,,846-4081
5463.state,,WY
10454.phone,,119-3072
1418.lname,,Srinivasaragavan
8429.phone,,101-1718
489.state,,MA
8726.childexemp,19,0
17974.city,,OLCOTT
18030.childexemp,27,0
1475.lname,,Desikan
2407.city,,NAHANT
5540.marriedexemp,29,0
14708.haschild,,N
1796.city,,WOODBURY
11340.phone,,438-7045
12578.haschild,,N
17667.phone,,235-9782
18036.rate,,7.8
353.marriedexemp,252,174
18094.singleexemp,23,0
17459.city,,BUFFALO VALLEY
10010.state,,ND
4353.haschild,,Y
10856.salary,70027,70000
14603.lname,,Spira
10739.rate,,9.3
18737.phone,,422-7990
7181.phone,,938-2984
9367.marriedexemp,86,0
10917.city,,PEEKSKILL
19362.haschild,,N
18026.marriedexemp,138,40
15397.haschild,,N
609.state,,NH
19982.lname,,Alpay
16315.rate,,7.7255244
10586.lname,,Vlaxodimitropoulos
5379.singleexemp,42,0
4568.phone,,220-5863
1642.gender,,F
16611.gender,,M
15818.marriedexemp,56,0
13223.state,,MA
19478.marriedexemp,264,220
3954.haschild,,Y
5319.singleexemp,20,0
840.haschild,,Y
3307.marriedexemp,73,0
3343.phone,,501-4920
11328.phone,,913-4097
5732.phone,,308-2631
10438.gender,,F
568.marriedexemp,51,0
14452.childexemp,2,0
4370.singleexemp,4510,4500
12227.city,,ADAIRSVILLE
13973.phone,,659-7587
12734.childexemp,32,0
19700.lname,,Rein
17312.singleexemp,6078,6000
9420.singleexemp,1069,1000
389.salary,80027,80000
7590.marriedexemp,4,0
18748.rate,,6.25
501.city,,FRIDAY HARBOR
5641.childexemp,3195,3100
3187.salary,65014,65000
15885.haschild,,Y
11869.state,,CT
2656.haschild,,N
5681.childexemp,8,0
3485.marriedexemp,76,0
19658.city,,BALLWIN
9615.haschild,,N
6834.haschild,,Y
10714.state,,NM
2833.marriedexemp,9,0
6897.maritalstatus,,S
15977.rate,,2.5357144
3714.phone,,785-2316
15801.city,,FENNIMORE
15075.rate,,6
1017.singleexemp,5,0
9893.rate,,0
6438.marriedexemp,48,0
970.salary,75069,75000
18768.rate,,9
15737.city,,NERINX
10318.marriedexemp,62,0
17987.phone,,522-3386
12785.rate,,8.5
9014.childexemp,65,0
1636.state,,VT
16491.state,,VA
14707.rate,,2.3353226
11337.gender,,M
14945.haschild,,N
4375.gender,,M
14328.lname,,Tardiff
18023.gender,,M
5323.maritalstatus,,S
13674.maritalstatus,,M
17798.rate,,5.567322
7390.singleexemp,1378,1300
6621.haschild,,N
8178.state,,CA
9156.state,,NE
3594.lname,,Watrin
456.haschild,,N
17831.city,,SAINT PAUL
4719.marriedexemp,49,0
13006.gender,,F
17627.phone,,234-5639
13007.rate,,6.84
5419.state,,VT
4264.gender,,M
9170.city,,DEER ISLE
15247.city,,MERETA
12934.rate,,5.75
7663.city,,HONOLULU
15721.city,,TUCSON
11272.state,,NH
16615.haschild,,Y
16936.city,,EDGEWATER
4532.rate,,2.3717437
9249.phone,,520-8697
7746.haschild,,Y
4825.marriedexemp,29,0
13812.haschild,,Y
9654.maritalstatus,,M
8901.city,,BOISE
6812.childexemp,94,0
4559.marriedexemp,2013,2000
1211.singleexemp,3307,3300
3292.salary,45098,45000
6114.phone,,841-6804
19166.city,,WASHINGTON
11031.lname,,Convent
7701.lname,,Grospietsch
9582.gender,,F
3233.singleexemp,2,0
10110.gender,,F
10173.lname,,Fimbel
17459.singleexemp,80,0
4213.lname,,Maluszynski
4924.salary,75086,75000
4232.singleexemp,15,0
11055.lname,,Cuadrado
11991.maritalstatus,,M
19317.haschild,,Y
4007.singleexemp,63,0
13267.marriedexemp,6271,6200
16564.salary,65082,65000
6388.salary,70071,70000
16314.city,,DIXON
6538.phone,,228-9042
16923.gender,,F
6051.gender,,M
19877.haschild,,N
8349.city,,LA HARPE
19867.maritalstatus,,M
15122.gender,,M
2681.childexemp,50,0
15029.lname,,Phan
7965.state,,NY
10716.phone,,411-8507
11917.haschild,,Y
7532.gender,,M
2227.state,,KY
18678.phone,,265-3424
16167.singleexemp,33,0
3365.childexemp,77,0
15157.phone,,416-8961
5598.gender,,M
14388.singleexemp,82,0
9298.rate,,5
2140.salary,75079,75000
10527.gender,,M
16444.rate,,6.84
16353.gender,,M
11380.maritalstatus,,S
18265.salary,30064,30000
12572.phone,,857-3585
9470.childexemp,79,0
7096.haschild,,N
17588.city,,ALDERSON
2690.marriedexemp,2,0
3188.city,,BUCKLAND
8514.childexemp,48,0
11650.salary,65083,65000
13939.marriedexemp,75,0
6756.haschild,,N
12852.state,,WI
10260.city,,PARCEL RETURN SERVICE
9382.state,,WI
10768.marriedexemp,37,0
8635.rate,,0
3898.singleexemp,744,700
13895.phone,,992-9086
3052.lname,,Govert
15427.salary,50015,50000
2222.marriedexemp,4080,4000
16939.gender,,M
13890.haschild,,N
6133.state,,OK
3529.rate,,7
18776.state,,ME
11837.state,,DC
19830.city,,BOTHELL
19922.phone,,590-9228
7350.maritalstatus,,M
5098.marriedexemp,94,0
4047.state,,CT
4808.rate,,2
12771.gender,,F
7263.state,,GA
6505.singleexemp,48,0
6481.haschild,,Y
8655.salary,5025,5000
8622.phone,,643-9872
5572.state,,PR
16906.maritalstatus,,S
4424.childexemp,1005,1000
2959.phone,,375-6596
2040.maritalstatus,,M
13436.rate,,4.2297716
10724.singleexemp,60,0
8841.rate,,7.85
13170.singleexemp,41,0
770.maritalstatus,,M
11599.haschild,,N
1391.childexemp,3323,3300
9655.state,,SD
14777.marriedexemp,29,0
14384.state,,HI
16735.childexemp,31,0
205.marriedexemp,6604,6600
6524.phone,,520-2225
18082.rate,,0
5197.phone,,979-4468
16295.state,,AZ
7910.gender,,M
11463.marriedexemp,86,0
11132.lname,,Riva
16584.state,,ID
6116.maritalstatus,,S
16559.city,,GREAT CACAPON
5478.singleexemp,6055,6000
17957.gender,,M
274.marriedexemp,99,0
16644.gender,,F
1004.gender,,M
15190.marriedexemp,1,0
3061.maritalstatus,,S
8092.maritalstatus,,M
17445.state,,MT
7622.salary,65096,65000
10218.maritalstatus,,S
7176.childexemp,4,0
7958.singleexemp,33,0
6152.singleexemp,1562,1500
5509.gender,,M
11211.gender,,M
15938.maritalstatus,,M
4294.singleexemp,22,0
10891.rate,,5.3
15278.lname,,Veldes
13041.phone,,651-8716
8702.city,,GREENE
19922.rate,,5.3
5371.salary,65014,65000
9684.lname,,Savasere
14999.lname,,Abeck
11986.haschild,,Y
3296.maritalstatus,,M
11269.singleexemp,60,0
940.singleexemp,88,0
14201.marriedexemp,4287,4200
13088.phone,,644-6085
18692.lname,,Apperley
14457.singleexemp,2319,2250
12704.maritalstatus,,M
11954.singleexemp,79,0
16107.rate,,0
10274.city,,MONROE
18380.state,,PR
16070.marriedexemp,85,0
12964.gender,,F
16650.state,,MS
14479.singleexemp,2265,2250
3720.salary,70022,70000
11193.lname,,Lynn
12001.rate,,4.707031
1759.rate,,5.75
16009.maritalstatus,,M
16027.childexemp,3302,3300
13969.maritalstatus,,M
8528.salary,100093,100000
7114.lname,,Giachin
3520.marriedexemp,6672,6600
3464.maritalstatus,,S
1035.salary,85092,85000
15678.phone,,795-3090
10086.state,,ND
6169.gender,,F
16929.childexemp,3342,3300
720.salary,90063,90000
2841.maritalstatus,,S
2874.singleexemp,81,0
11210.marriedexemp,2094,2000
12158.childexemp,94,0
18028.rate,,6
16567.childexemp,24,0
14984.lname,,Brossler
14515.childexemp,86,0
11142.singleexemp,7,0
16122.state,,VT
1357.salary,80045,80000
1299.singleexemp,3363,3300
13978.maritalstatus,,S
15982.lname,,Boissier
7269.childexemp,12,0
15421.childexemp,2930,2850
6144.gender,,F
9.gender,,F
14499.childexemp,31,0
18520.haschild,,Y
18640.state,,PR
15658.marriedexemp,9072,9000
6551.salary,40065,40000
10583.childexemp,2032,2000
9803.rate,,8.25
14746.singleexemp,71,0
311.haschild,,N
16453.lname,,Arens
2465.phone,,209-6529
6889.city,,EVERETT
18696.gender,,M
5548.phone,,165-5456
2188.haschild,,Y
9751.salary,5050,5000
4912.phone,,565-3454
8952.childexemp,75,0
9097.phone,,189-2143
815.childexemp,1579,1500
10614.state,,NM
1988.maritalstatus,,S
16265.childexemp,166,103
16996.salary,40057,40000
7451.rate,,4.245455
12913.rate,,6.948391
9686.maritalstatus,,S
1977.state,,PR
7758.lname,,Dehais
14316.singleexemp,1035,1000
4316.salary,5063,5000
7158.maritalstatus,,S
19959.lname,,Ebanks
13638.maritalstatus,,M
774.haschild,,Y
19182.rate,,5.529042
6195.phone,,284-8586
16862.singleexemp,93,0
6004.maritalstatus,,S
16825.singleexemp,29,0
8097.singleexemp,29,0
5986.childexemp,78,0
11692.haschild,,N
6491.singleexemp,47,0
2467.haschild,,Y
1649.maritalstatus,,M
6987.phone,,611-8103
16925.gender,,F
12694.rate,,5.3
11988.state,,MN
14153.salary,15088,15000
10206.haschild,,N
4948.singleexemp,91,0
18465.salary,30077,30000
8910.singleexemp,2014,2000
19759.state,,WV
14065.city,,THOMASVILLE
10430.childexemp,3357,3300
12937.singleexemp,22,0
140.city,,ALBUQUERQUE
9304.haschild,,Y
14980.haschild,,N
4969.city,,MANHATTAN
15563.rate,,8.5
16701.childexemp,1945,1900
3558.city,,MONTEVIEW
19613.maritalstatus,,M
825.lname,,Womack
115.rate,,0
2482.singleexemp,1057,1000
14206.gender,,F
3564.childexemp,75,0
18214.marriedexemp,67,0
7298.state,,AK
15409.childexemp,49,0
2980.childexemp,16,0
14760.marriedexemp,68,0
13530.salary,85012,85000
2408.phone,,399-9306
15961.salary,75054,75000
8766.singleexemp,6,0
1054.lname,,Eastaughffe
15157.singleexemp,38,0
5807.marriedexemp,2022,2000
15313.salary,90093,90000
1377.maritalstatus,,M
12563.singleexemp,44,0
16262.state,,MA
10059.haschild,,N
15460.maritalstatus,,M
5706.maritalstatus,,S
6483.phone,,939-8844
11025.marriedexemp,66,0
14304.singleexemp,65,0
9766.rate,,0
6742.lname,,Simons
4219.maritalstatus,,S
19253.salary,35008,35000
1760.rate,,5.609091
2719.singleexemp,61,0
5665.haschild,,Y
9764.marriedexemp,12,0
18536.marriedexemp,4300,4200
8094.phone,,557-4017
11494.city,,PHENIX CITY
5384.state,,UT
12077.phone,,896-8876
15747.haschild,,Y
13659.phone,,874-8244
303.rate,,0
18806.haschild,,N
14156.lname,,Staub
17246.haschild,,N
17939.childexemp,28,0
3244.lname,,Vosburgh
1026.city,,SHIRLAND
10821.state,,NH
17241.phone,,301-6192
15377.singleexemp,19,0
814.haschild,,N
9754.city,,OARK
1846.maritalstatus,,M
2550.lname,,Lamont
5110.childexemp,90,0
5103.city,,LOUISE
7352.maritalstatus,,M
6500.state,,OH
19895.phone,,945-3195
13309.singleexemp,87,0
16674.gender,,M
5301.singleexemp,72,0
15932.singleexemp,749,700
13420.rate,,7.201049
14707.childexemp,44,0
14919.rate,,4.475
10250.state,,MO
13451.rate,,0
9244.city,,FOWLER
9820.haschild,,N
16292.city,,HILDALE
16235.city,,GARDEN CITY
6531.salary,45098,45000
13351.maritalstatus,,S
14675.salary,35098,35000
10285.singleexemp,2078,2000
530.rate,,6.590543
19627.lname,,Heydon
9606.singleexemp,7,0
13859.city,,PHOENIX
8912.maritalstatus,,M
10884.gender,,M
5325.state,,IA
12011.haschild,,N
11113.childexemp,3378,3300
1574.gender,,M
7999.gender,,F
19935.rate,,6.45
15332.haschild,,N
14234.salary,95036,95000
4402.gender,,M
3468.marriedexemp,4598,4500
9505.maritalstatus,,M
13607.lname,,Gillo
19548.gender,,F
2607.maritalstatus,,S
7078.maritalstatus,,S
2255.gender,,M
17473.gender,,M
15675.phone,,595-6933
3018.haschild,,N
15087.lname,,Dicky
19312.city,,MERIDIAN
10417.salary,15004,15000
2873.singleexemp,43,0
2405.city,,ENVILLE
17748.maritalstatus,,M
8627.marriedexemp,73,0
9078.singleexemp,8,0
13041.salary,80071,80000
11865.childexemp,1071,1000
12079.state,,MS
6760.haschild,,Y
19676.gender,,F
8166.haschild,,N
15121.maritalstatus,,M
32.rate,,5.3
11745.salary,30005,30000
17526.phone,,327-8488
2566.gender,,M
10251.maritalstatus,,M
14552.maritalstatus,,M
10093.lname,,Bruchert
512.gender,,M
9200.state,,MI
6488.haschild,,Y
322.salary,55023,55000
8494.city,,PERU
16313.haschild,,Y
7692.maritalstatus,,S
9606.gender,,M
10307.marriedexemp,58,0
2966.childexemp,34,0
2009.lname,,Bax
11362.gender,,M
4309.childexemp,56,0
12800.maritalstatus,,S
11453.lname,,Easwarakumar
5800.singleexemp,6,0
13696.haschild,,N
13755.city,,HAWTHORNE
16690.state,,MS
2492.childexemp,77,0
10862.marriedexemp,2670,2600
16998.marriedexemp,1475,1400
8808.phone,,117-4485
13621.maritalstatus,,S
16167.city,,YULEE
5062.childexemp,976,900
19092.city,,TINTAH
3211.maritalstatus,,M
3408.gender,,F
13827.lname,,Giddy
8943.phone,,498-5961
3972.lname,,Nagasaka
4944.state,,WY
4868.lname,,Brule
17636.state,,FL
1969.salary,80056,80000
19682.maritalstatus,,S
10334.state,,AZ
8268.childexemp,74,0
8839.phone,,589-7905
15104.phone,,224-5553
2340.maritalstatus,,M
15527.maritalstatus,,M
16645.state,,WI
19634.childexemp,27,0
1154.lname,,Olveszky
8228.childexemp,2015,2000
18105.lname,,Shanblatt
836.marriedexemp,76,0
4077.gender,,F
16022.haschild,,Y
13017.lname,,Baja
3377.marriedexemp,1429,1400
14052.singleexemp,1930,1900
16485.state,,DC
15076.singleexemp,41,0
13718.haschild,,Y
16820.gender,,F
11680.city,,MAIDEN ROCK
14796.childexemp,3010,3000
9458.state,,NJ
637.city,,STRUNK
13028.childexemp,42,0
4309.gender,,M
16276.rate,,9
17510.phone,,244-9898
19581.childexemp,21,0
5728.maritalstatus,,M
3781.singleexemp,1590,1500
4194.salary,40037,40000
8858.gender,,F
2339.singleexemp,24,0
8812.salary,50091,50000
5380.phone,,683-2520
14810.marriedexemp,4006,4000
3352.childexemp,32,0
7463.rate,,5.3
15601.phone,,304-2124
1951.salary,15001,15000
17945.salary,60071,60000
12918.singleexemp,923,900
9202.lname,,Papachristidis
14671.city,,LANE
15309.rate,,6
2377.rate,,3.5
13066.salary,75052,75000
5295.haschild,,Y
19195.lname,,Alvarez
8603.rate,,4.127439
16339.maritalstatus,,M
11384.childexemp,1015,1000
1271.childexemp,74,0
14908.marriedexemp,33,0
19817.childexemp,12,0
5963.marriedexemp,3898,3800
19591.city,,ODEN
14788.singleexemp,23,0
4255.childexemp,68,0
3905.phone,,792-8481
2450.phone,,175-4095
15360.lname,,McReynolds
9697.marriedexemp,258,206
6936.phone,,108-7605
5107.lname,,Hansdah
3515.rate,,0
16029.haschild,,Y
2554.lname,,Pozo
16749.state,,GA
15191.salary,65014,65000
2535.rate,,3.9
7698.salary,85100,85000
14802.city,,CROCHERON
4787.state,,MI
8910.state,,IL
14587.marriedexemp,53,0
1271.gender,,F
10657.maritalstatus,,M
16019.gender,,M
5279.gender,,F
2658.salary,50011,50000
16446.city,,PROVIDENCE
17717.childexemp,16,0
7470.city,,BELLVUE
5297.childexemp,42,0
7752.state,,MN
1854.marriedexemp,91,0
19651.childexemp,38,0
3974.childexemp,62,0
6877.city,,SUN CITY
15880.rate,,3.9
3068.singleexemp,2128,2100
16769.haschild,,Y
15601.state,,NH
6401.rate,,0
5840.rate,,1.9407895
9030.city,,SALT LAKE CITY
9496.state,,NE
17962.haschild,,Y
7753.city,,VIDA
14399.rate,,5.35
1980.lname,,Wegerle
9219.phone,,317-9707
8019.maritalstatus,,M
9619.haschild,,Y
3191.rate,,3.9
5362.marriedexemp,32,0
18500.rate,,7
18188.childexemp,34,0
18090.childexemp,1380,1300
12693.lname,,Perfilyeva
9316.phone,,368-2269
15618.haschild,,N
19242.salary,45077,45000
431.salary,85015,85000
6798.state,,KS
5728.phone,,427-3908
18256.singleexemp,2874,2850
14553.city,,FREEPORT
10016.haschild,,Y
14293.singleexemp,61,0
14126.salary,40010,40000
6303.maritalstatus,,S
6332.singleexemp,26,0
6792.childexemp,27,0
9196.rate,,4.330183
19145.maritalstatus,,S
19330.lname,,Meysembourg
2797.marriedexemp,5473,5400
17201.childexemp,1943,1900
2680.marriedexemp,96,0
17205.marriedexemp,99,0
16709.marriedexemp,1856,1800
13995.childexemp,2314,2300
11494.state,,AL
18468.maritalstatus,,M
7098.city,,PUEBLO
917.salary,10072,10000
4772.salary,80048,80000
1221.gender,,M
17948.city,,SHEEP SPRINGS
690.state,,KY
10469.rate,,9
5443.lname,,Hatkanagalekar
13202.gender,,M
16675.marriedexemp,66,40
10321.singleexemp,7,0
4152.childexemp,281,272
9638.gender,,F
10243.singleexemp,45,0
2285.marriedexemp,221,174
13828.city,,LIBERTY
10665.city,,MILROY
18801.city,,DIGHTON
9820.maritalstatus,,S
17476.haschild,,Y
11466.city,,WARREN
3891.haschild,,Y
17681.marriedexemp,30,0
656.marriedexemp,10,0
18046.rate,,3.07
1962.salary,35075,35000
9708.rate,,7
568.haschild,,Y
697.rate,,3.4
18595.maritalstatus,,M
10041.singleexemp,92,0
10137.lname,,Meurs
14244.phone,,241-9116
18856.childexemp,3,0
9524.marriedexemp,52,0
14239.lname,,Rovan
11210.haschild,,Y
17442.salary,80070,80000
1078.city,,LOUISVILLE
8688.gender,,M
18971.phone,,501-8649
18557.marriedexemp,5,0
59.city,,BURBANK
12590.singleexemp,78,0
1789.state,,NH
15984.phone,,200-8619
6733.singleexemp,6,0
19589.childexemp,23,0
12919.rate,,5.95
1964.gender,,M
15829.singleexemp,36,0
15113.maritalstatus,,S
14084.childexemp,2,0
817.gender,,M
15900.haschild,,Y
206.maritalstatus,,S
12816.marriedexemp,5,0
16805.singleexemp,59,0
16203.maritalstatus,,M
12512.marriedexemp,78,0
16892.maritalstatus,,M
1970.city,,COULEE CITY
10640.rate,,7.875
4949.phone,,993-5179
7210.singleexemp,2082,2000
14066.singleexemp,186,110
2928.maritalstatus,,S
15546.gender,,F
11968.city,,LAKE CHARLES
12397.phone,,213-6374
16884.lname,,Sadaoui
1696.singleexemp,77,0
1736.haschild,,N
15780.city,,LA JOLLA
12787.gender,,F
10064.city,,MINNEAPOLIS
16051.gender,,F
12377.haschild,,Y
19489.haschild,,N
1308.marriedexemp,9,0
18944.city,,DEQUINCY
6428.city,,WASHINGTON
2712.singleexemp,52,0
8036.rate,,3.07
18230.childexemp,64,0
11552.phone,,434-9244
7900.haschild,,N
12796.lname,,Velasevic
17054.phone,,783-8202
1553.gender,,F
2222.lname,,Kurien
17506.lname,,Utke
10168.state,,ID
13209.maritalstatus,,M
14085.phone,,781-9463
7796.gender,,M
12828.maritalstatus,,M
10228.haschild,,Y
17241.rate,,0
226.salary,30035,30000
12341.singleexemp,9,0
5287.salary,100013,100000
13062.haschild,,Y
17738.rate,,5.75
17957.haschild,,Y
6199.maritalstatus,,S
16464.maritalstatus,,M
16924.marriedexemp,98,0
16228.city,,SHICKLEY
8378.lname,,Spirkovska
6838.marriedexemp,286,220
11413.singleexemp,15,0
10923.rate,,0
645.city,,JASPER
13663.salary,45057,45000
15145.marriedexemp,76,0
10256.rate,,0
11636.childexemp,47,0
17280.state,,MA
4755.rate,,9.3
17389.haschild,,N
13765.phone,,770-9701
15012.haschild,,Y
7706.haschild,,Y
17143.maritalstatus,,S
16009.rate,,0
15178.singleexemp,3187,3100
3800.haschild,,N
6440.marriedexemp,38,0
13930.marriedexemp,63,0
6025.gender,,F
18362.gender,,F
17438.childexemp,37,0
19162.city,,NEW ORLEANS
40.haschild,,Y
13315.phone,,976-7967
13686.singleexemp,98,0
1308.lname,,Worona
12416.rate,,7.8
17402.gender,,M
992.childexemp,84,0
6369.lname,,Shanblatt
8541.marriedexemp,56,0
9343.salary,30008,30000
17200.haschild,,N
10155.lname,,Deemter
16608.childexemp,14,0
12717.maritalstatus,,M
10888.gender,,M
6316.phone,,843-1254
10818.gender,,F
4499.salary,50019,50000
14583.haschild,,N
8846.lname,,Melville
17184.state,,NJ
9141.lname,,Ekenberg
7875.marriedexemp,6658,6600
10201.phone,,115-3976
8374.state,,WI
13367.singleexemp,81,0
15398.marriedexemp,4273,4200
8786.maritalstatus,,S
2699.maritalstatus,,M
4734.haschild,,Y
12777.gender,,M
9219.rate,,0
4990.rate,,5.35
1946.singleexemp,66,0
13833.salary,90081,90000
358.phone,,633-6149
12057.singleexemp,2424,2400
19375.lname,,Gurevitch
14226.state,,TN
19114.haschild,,Y
5955.marriedexemp,6652,6600
18394.childexemp,57,0
18269.gender,,F
12815.marriedexemp,7228,7150
1404.rate,,5.3
6352.childexemp,70,20
14164.state,,MI
16899.singleexemp,12,0
13761.marriedexemp,1830,1800
11728.maritalstatus,,S
19430.gender,,F
12733.salary,20065,20000
13708.lname,,Elston
4820.childexemp,40,0
7714.marriedexemp,62,0
12809.haschild,,N
5052.state,,VT
11392.gender,,M
1717.marriedexemp,66,0
11469.state,,MD
18843.singleexemp,16,0
8393.gender,,F
14257.gender,,M
3892.lname,,Mazenc
9703.lname,,Kohen
1242.phone,,908-2582
4180.city,,HERNDON
10783.haschild,,Y
19251.phone,,721-5558
7594.singleexemp,98,0
11499.maritalstatus,,M
8587.childexemp,25,0
19737.lname,,Stevenson
7635.state,,AL
11148.lname,,Weinberg
11410.gender,,F
1196.childexemp,24,0
12421.childexemp,2448,2400
3509.gender,,M
5206.haschild,,Y
3017.gender,,M
5768.salary,85035,85000
19281.city,,CARSON
15532.marriedexemp,37,0
9341.state,,AR
5040.maritalstatus,,M
13483.haschild,,N
12074.singleexemp,796,700
13304.haschild,,N
4709.city,,HONOLULU
19182.marriedexemp,6687,6600
3103.marriedexemp,71,0
9044.marriedexemp,4842,4800
12739.childexemp,19,0
17212.marriedexemp,241,174
7704.state,,OR
3392.city,,BAYAMON
6713.maritalstatus,,M
8418.gender,,F
11827.gender,,F
16144.salary,95029,95000
13791.rate,,4.11
2290.phone,,370-6202
16030.gender,,M
666.childexemp,48,0
1668.city,,MOFFAT
9177.gender,,M
7262.city,,KNOX
9318.singleexemp,6024,6000
1595.haschild,,N
382.marriedexemp,32,0
1582.gender,,M
14326.haschild,,Y
751.state,,MD
13971.phone,,835-8012
9052.childexemp,342,272
10764.maritalstatus,,M
11542.haschild,,N
14341.rate,,0
4190.rate,,4.75
17125.state,,GA
10506.childexemp,35,0
1152.city,,VILLISCA
831.rate,,0
2450.haschild,,Y
6980.salary,85087,85000
6646.rate,,0
4129.singleexemp,2036,2000
14222.phone,,650-9289
18900.phone,,418-1876
4944.salary,95015,95000
16252.rate,,3.5
14029.haschild,,Y
5673.childexemp,1091,1000
2410.city,,MORGAN CITY
10042.haschild,,N
17056.rate,,2.3717437
12566.haschild,,N
17432.state,,VA
16452.state,,AL
224.lname,,Schnoebelen
5543.city,,DOUGLASVILLE
547.state,,CA
14765.maritalstatus,,S
577.singleexemp,33,0
15849.singleexemp,61,0
9692.singleexemp,51,0
4127.salary,45092,45000
6680.gender,,M
5673.state,,NY
12639.singleexemp,47,0
15830.city,,PICACHO
11849.phone,,447-3196
12166.singleexemp,47,0
19542.gender,,M
13950.haschild,,Y
4741.childexemp,90,0
11448.childexemp,85,0
10289.singleexemp,2193,2100
16274.lname,,Bolzoni
16086.state,,OK
15881.maritalstatus,,M
6046.rate,,8.25
9020.city,,DENVER
4355.childexemp,73,0
5307.haschild,,Y
278.maritalstatus,,M
18088.marriedexemp,68,0
19558.haschild,,Y
17579.lname,,Senouci
1937.maritalstatus,,S
1581.lname,,Bitter
11366.marriedexemp,69,0
19780.lname,,Iorio
6913.salary,45097,45000
4714.haschild,,N
1311.salary,5049,5000
979.phone,,724-8331
18508.rate,,6.9
10981.salary,70024,70000
13262.city,,OCOEE
17307.salary,5036,5000
4681.state,,RI
14394.city,,CLAYVILLE
16640.rate,,6.25
8057.marriedexemp,45,0
8269.marriedexemp,4297,4200
8659.gender,,F
5649.lname,,Norrish
12343.rate,,0
6251.haschild,,N
18718.salary,85063,85000
18140.salary,5088,5000
681.lname,,Rohall
9135.gender,,F
7445.lname,,Rachel
3643.singleexemp,91,0
5073.salary,90010,90000
16245.salary,95072,95000
17310.marriedexemp,4051,4000
5014.singleexemp,55,0
14352.rate,,9
8571.phone,,796-9973
4418.haschild,,Y
12001.state,,WI
2972.rate,,6.84
4202.marriedexemp,40,0
16631.singleexemp,71,0
11364.salary,40031,40000
1669.salary,70035,70000
14194.state,,FL
5890.phone,,153-2744
16617.maritalstatus,,M
15233.state,,MA
6413.marriedexemp,9,0
19177.state,,NM
15295.phone,,596-5663
16894.lname,,Rennert
2158.singleexemp,50,0
12985.phone,,114-8070
2708.salary,100061,100000
8383.rate,,5.3
10086.gender,,M
6743.city,,OSHKOSH
5107.childexemp,2059,2000
10172.state,,NC
19139.lname,,Beyers
4441.childexemp,39,0
5126.rate,,5
10951.gender,,M
19580.phone,,597-1697
10360.singleexemp,9,0
71.maritalstatus,,M
9811.phone,,289-8290
8757.gender,,F
14436.haschild,,N
17586.marriedexemp,96,0
4303.state,,DC
15351.salary,65094,65000
11906.state,,MT
1280.singleexemp,85,0
12419.childexemp,67,0
14799.lname,,Abb
1186.state,,MI
5409.marriedexemp,26,0
5652.maritalstatus,,S
11736.singleexemp,2026,2000
1069.gender,,M
1624.childexemp,17,0
2317.singleexemp,28,0
5165.childexemp,53,0
12894.gender,,M
9869.childexemp,2448,2400
15946.city,,BURRTON
4706.city,,LACKLAND A F B
131.maritalstatus,,S
11311.gender,,M
19635.gender,,F
16394.haschild,,N
11641.salary,15019,15000
17721.childexemp,1598,1500
3063.maritalstatus,,S
16169.childexemp,72,0
8215.state,,IL
3074.phone,,950-5495
3101.haschild,,N
17829.gender,,M
11253.marriedexemp,33,0
7796.singleexemp,19,0
16821.lname,,Tokai
6679.state,,IA
5796.haschild,,N
1104.gender,,M
15997.gender,,M
3915.maritalstatus,,M
9452.marriedexemp,83,0
19892.salary,80064,80000
6909.gender,,F
11863.haschild,,N
17976.lname,,Kogge
8492.phone,,109-7160
7174.marriedexemp,17,0
7581.lname,,Stroustrup
14497.gender,,M
1081.rate,,8.5
8691.lname,,Bothner
9107.singleexemp,68,0
1085.gender,,F
12725.state,,KY
14353.salary,65097,65000
11434.rate,,5.3
14645.city,,SEATTLE
17097.phone,,349-2194
15246.salary,25080,25000
1802.childexemp,2060,2000
16031.state,,WV
5923.childexemp,1916,1900
17034.rate,,6.45
8495.haschild,,N
3216.childexemp,434,400
11223.haschild,,N
17120.rate,,6.84
3202.haschild,,N
4141.salary,85075,85000
18564.lname,,Grobel
19842.lname,,Guetari
10572.childexemp,1094,1000
19233.phone,,628-3659
3405.city,,NASHVILLE
8184.marriedexemp,4593,4500
19443.childexemp,3304,3300
18330.singleexemp,96,0
16598.childexemp,3304,3300
14579.phone,,112-7639
5084.rate,,5.6626635
9685.city,,TOPEKA
6546.maritalstatus,,M
6222.childexemp,223,159
16444.maritalstatus,,M
18253.maritalstatus,,M
16089.rate,,3.5
10217.gender,,M
164.childexemp,84,0
15951.lname,,Tjiang
18113.haschild,,Y
14754.gender,,M
14553.marriedexemp,5761,5700
2608.haschild,,Y
138.maritalstatus,,S
10885.lname,,Akbar
16599.lname,,Lakshmanan
17773.singleexemp,4561,4500
13612.city,,PAYSON
13133.state,,ND
14893.gender,,F
6958.rate,,5
12274.rate,,5.4444447
13566.haschild,,Y
16543.city,,MC CASKILL
9687.city,,ASSONET
8791.state,,KS
15750.haschild,,N
5903.haschild,,Y
2970.state,,OH
7652.childexemp,3144,3100
4987.rate,,0
16762.state,,AL
8720.state,,TX
10375.singleexemp,41,0
2279.marriedexemp,245,206
9098.childexemp,71,0
18301.state,,ME
18045.childexemp,28,0
2647.lname,,Guth
10497.state,,TX
9223.state,,AR
18002.lname,,Pappas
8252.marriedexemp,35,0
14838.maritalstatus,,S
19630.state,,OR
19604.singleexemp,41,0
14607.lname,,Gopfrich
1234.salary,45018,45000
2459.phone,,181-7690
8398.gender,,F
9346.marriedexemp,5770,5700
9868.salary,5049,5000
10506.state,,VA
9600.gender,,M
116.state,,WV
4871.lname,,Parrow
11224.phone,,317-6105
18861.city,,KEISTERVILLE
4052.rate,,9
12683.lname,,Andernach
9847.haschild,,N
12059.singleexemp,1112,1040
3256.childexemp,93,0
11292.state,,CA
1970.lname,,Engbersen
8658.marriedexemp,2057,2000
18231.maritalstatus,,S
9623.marriedexemp,18,0
18749.maritalstatus,,M
6593.rate,,6.9
15244.maritalstatus,,S
16107.state,,RI
16603.lname,,Frolund
17994.city,,MESA
15861.maritalstatus,,M
15120.salary,70032,70000
12131.city,,DEERING
6655.lname,,Bogle
2856.childexemp,7,0
8538.phone,,383-7333
10811.lname,,Iwanski
14338.state,,HI
4410.marriedexemp,52,0
10768.singleexemp,75,0
18142.singleexemp,169,103
4061.rate,,6.25
13513.maritalstatus,,M
10553.haschild,,Y
4058.gender,,F
3093.gender,,M
4587.phone,,690-4109
18084.city,,PETERSBURG
7611.maritalstatus,,S
14202.state,,NE
13050.marriedexemp,9001,9000
15805.salary,50052,50000
19684.gender,,M
13493.rate,,6
7807.singleexemp,65,0
2220.childexemp,2568,2475
1231.gender,,M
3015.phone,,464-8981
7459.lname,,Schild
3427.gender,,F
18533.singleexemp,133,40
6994.maritalstatus,,M
19317.lname,,Galand
17714.childexemp,285,272
16656.gender,,F
16142.state,,OH
10905.haschild,,N
11785.childexemp,173,159
13247.marriedexemp,93,0
12445.childexemp,16,0
13576.phone,,407-3154
4342.rate,,6.45
2773.city,,SYRACUSE
8242.haschild,,Y
4134.salary,15057,15000
16398.maritalstatus,,S
10748.rate,,3
6147.marriedexemp,24538,24500
1775.lname,,Gargouri
9842.rate,,0
18922.gender,,M
12419.singleexemp,33,0
12434.phone,,721-5888
13255.city,,CROOKS
2367.marriedexemp,238,174
19622.phone,,563-4738
11365.state,,NM
14272.state,,WY
3767.salary,5053,5000
201.maritalstatus,,S
1365.maritalstatus,,M
16080.city,,TRIPP
12694.lname,,Raveh
9367.phone,,342-8277
4951.lname,,Muldner
610.lname,,Valette
17114.singleexemp,91,0
11955.phone,,161-8920
8269.lname,,Lipson
3850.rate,,6.25
54.rate,,1.7
18493.rate,,0
2937.city,,ARLINGTON
16088.singleexemp,107,40
2456.singleexemp,1061,1000
1909.rate,,5.1414094
1500.rate,,7.410839
11460.gender,,F
17219.state,,SD
8477.state,,PA
4844.childexemp,15,0
19789.phone,,663-2243
5161.state,,HI
10042.lname,,Seyfer
3655.haschild,,N
8360.city,,NEWVILLE
14993.singleexemp,46,0
17993.gender,,M
2230.salary,25053,25000
14777.salary,50073,50000
12989.singleexemp,84,0
17509.singleexemp,2002,2000
13717.marriedexemp,1871,1800
15846.gender,,F
8785.state,,AL
2844.maritalstatus,,M
14357.haschild,,Y
8796.maritalstatus,,M
14398.city,,FARMERSBURG
10997.state,,NM
13015.city,,WHEELER ARMY AIRFIELD
16893.lname,,Poupard
6907.marriedexemp,51,0
10263.maritalstatus,,S
5375.marriedexemp,95,0
10081.haschild,,N
3852.state,,WV
6662.phone,,884-9341
6257.salary,65048,65000
14160.haschild,,Y
7257.lname,,Jouvelot
11816.marriedexemp,25,0
5364.maritalstatus,,M
9491.gender,,F
17627.lname,,Camacho
18749.state,,MA
1876.rate,,0
709.city,,CEDAR
4122.phone,,502-6392
6143.singleexemp,68,0
16175.state,,KY
12377.singleexemp,133,110
18666.rate,,0
862.maritalstatus,,M
3294.childexemp,2032,2000
3466.city,,FT MITCHELL
10353.phone,,703-7289
6375.lname,,Assadi
16652.singleexemp,34,0
18073.state,,VT
14493.rate,,0
6723.childexemp,56,0
14429.phone,,631-4423
476.phone,,845-7069
1143.rate,,5.3
9986.childexemp,24,0
11721.city,,ROCHESTER
7429.rate,,6.5
1490.phone,,932-7755
18261.childexemp,6,0
16799.state,,AL
6363.childexemp,39,0
13581.maritalstatus,,M
18355.salary,45088,45000
14985.lname,,Emmert
19686.singleexemp,1043,1040
12131.maritalstatus,,S
18186.rate,,6.361888
15601.lname,,Wold
18045.haschild,,Y
299.city,,LONDONDERRY
15106.state,,NC
15549.salary,25044,25000
3257.gender,,F
11661.maritalstatus,,M
10716.lname,,Loffredo
7510.city,,STREETER
99.city,,MERIDIAN
1856.city,,FORT WAYNE
16260.phone,,642-9760
12081.childexemp,1955,1900
797.city,,SAN JUAN
17483.gender,,F
12611.singleexemp,2709,2700
16522.lname,,Benaloh
2243.state,,NH
14587.city,,CLAY CITY
13500.maritalstatus,,S
17481.rate,,5.3
4172.rate,,3.49
433.salary,35013,35000
19711.salary,100059,100000
11438.haschild,,N
4129.salary,5030,5000
7609.city,,MORONI
12198.state,,MD
13033.rate,,5.3
4517.rate,,0
15361.haschild,,Y
12830.phone,,396-5096
1614.rate,,7
5193.city,,LOS ANGELES
9056.rate,,7
1429.state,,ND
6904.marriedexemp,6,0
15913.lname,,Dittert
13442.lname,,Piccoli
15402.state,,NC
202.city,,FORT MILL
3064.salary,75044,75000
3223.state,,MA
19558.childexemp,88,0
10194.state,,MD
5397.maritalstatus,,M
17466.haschild,,N
4331.city,,CAMDEN
14606.maritalstatus,,M
9912.state,,NE
17238.salary,75009,75000
18672.lname,,Oshisanwo
16566.marriedexemp,1,0
3152.lname,,Skurczynski
1986.singleexemp,58,0
14405.gender,,F
16964.salary,10048,10000
17421.childexemp,1980,1900
11595.haschild,,N
19141.rate,,0
16462.rate,,6
16168.gender,,M
17539.haschild,,N
10941.rate,,3.4
14709.rate,,0
3730.phone,,225-5368
13257.salary,10004,10000
16675.childexemp,30,20
9560.lname,,Koide
10279.city,,VERDI
18645.rate,,0
15783.maritalstatus,,S
13899.marriedexemp,36,0
4730.phone,,252-3367
2292.childexemp,42,0
15832.maritalstatus,,S
18622.state,,NE
18124.maritalstatus,,S
18844.salary,80052,80000
15487.gender,,M
15141.maritalstatus,,M
3690.lname,,Desbois
18667.gender,,M
13164.city,,TURIN
18175.gender,,M
6623.salary,45086,45000
6219.gender,,M
604.lname,,Xiaoshan
7821.gender,,M
19445.haschild,,N
19629.salary,70084,70000
10920.singleexemp,9,0
1125.singleexemp,2017,2000
11132.maritalstatus,,M
19959.haschild,,N
12266.marriedexemp,36,0
8196.maritalstatus,,S
2038.childexemp,38,0
15701.rate,,4.0235424
15051.phone,,629-5686
12325.lname,,Leitjen
1635.haschild,,N
9287.marriedexemp,63,0
11189.state,,DC
17387.rate,,5
1486.salary,100033,100000
1300.state,,IL
7573.singleexemp,47,0
4995.lname,,Avouris
18885.state,,OK
1971.childexemp,85,20
13158.salary,60009,60000
8683.rate,,3.9
17650.city,,WOOLLUM
14400.gender,,M
5829.singleexemp,18,0
16811.maritalstatus,,M
4358.singleexemp,85,0
6274.maritalstatus,,M
8143.marriedexemp,2044,2000
2129.childexemp,2309,2250
11232.phone,,655-2165
2939.lname,,Chalamaiah
6638.lname,,Tani
19156.maritalstatus,,M
5468.marriedexemp,24516,24500
5191.marriedexemp,8,0
16218.maritalstatus,,M
981.childexemp,3332,3300
7240.haschild,,N
5382.salary,35047,35000
17062.rate,,5
15028.salary,60092,60000
10543.phone,,151-3976
13809.state,,NE
5177.salary,95091,95000
841.childexemp,3319,3300
8210.lname,,Etzion
18299.rate,,0
16488.childexemp,86,0
1920.city,,HENDERSON
8004.marriedexemp,42,40
3120.state,,GA
5095.singleexemp,3,0
4991.gender,,M
16748.singleexemp,100,0
19092.marriedexemp,7,0
13174.state,,CO
18702.gender,,M
2468.singleexemp,50,0
14646.gender,,F
12075.lname,,Parnas
18802.childexemp,57,0
9243.city,,LINDON
17089.state,,MD
18351.maritalstatus,,S
14307.salary,55047,55000
8490.city,,EGEGIK
20000.haschild,,Y
2706.haschild,,Y
9951.phone,,183-5580
2294.gender,,M
19271.haschild,,N
5414.haschild,,Y
9669.childexemp,34,0
16306.maritalstatus,,M
13946.marriedexemp,1420,1400
8052.phone,,926-9502
10004.phone,,487-9145
17465.gender,,F
8438.haschild,,N
10608.city,,WAIMEA
771.rate,,7
17787.childexemp,33,0
17018.salary,15026,15000
16343.state,,NM
15518.maritalstatus,,S
11352.rate,,5.3
11031.salary,65079,65000
8212.childexemp,99,0
3431.haschild,,Y
3779.marriedexemp,284,206
18961.gender,,F
8829.state,,WA
14019.gender,,F
15354.phone,,805-8962
5102.gender,,M
173.singleexemp,1463,1370
17529.marriedexemp,2691,2600
5810.gender,,F
3416.phone,,638-6668
15998.maritalstatus,,S
17569.salary,85086,85000
11271.rate,,5
10585.gender,,F
16170.lname,,Demiris
14163.rate,,0
14216.childexemp,2448,2400
10567.state,,IL
18900.city,,NEW BERN
10257.maritalstatus,,M
6663.maritalstatus,,S
19959.childexemp,27,0
5941.gender,,F
1893.city,,FELTON
2932.lname,,Fanti
18868.gender,,F
16138.haschild,,Y
17322.childexemp,81,0
13700.phone,,881-2907
15439.gender,,M
19832.salary,25030,25000
17778.city,,CHAPLIN
13213.maritalstatus,,M
6510.phone,,310-3542
14756.maritalstatus,,S
13598.marriedexemp,37,0
6493.singleexemp,3362,3300
9361.salary,65019,65000
13198.childexemp,3327,3300
5635.marriedexemp,34,0
15304.salary,15008,15000
11969.marriedexemp,1,0
19497.salary,30022,30000
16257.gender,,F
18041.phone,,830-9341
1628.city,,WARD COVE
13552.city,,GHENT
7.marriedexemp,98,0
8734.phone,,953-9339
19038.marriedexemp,6698,6600
15171.haschild,,N
19068.childexemp,1225,1200
599.singleexemp,62,0
10939.haschild,,N
8675.phone,,720-2836
19899.marriedexemp,45,0
14925.singleexemp,1589,1500
1911.lname,,Sindoni
5637.maritalstatus,,S
4766.maritalstatus,,S
18661.childexemp,74,0
11743.haschild,,Y
5921.maritalstatus,,S
3435.phone,,447-5588
1996.phone,,147-6853
208.gender,,F
7770.gender,,F
17294.singleexemp,3301,3300
8528.haschild,,N
16095.singleexemp,77,20
14512.marriedexemp,97,0
18594.lname,,Mitsuhashi
7876.haschild,,N
17375.phone,,387-5389
13175.singleexemp,87,0
11657.lname,,Green
16108.marriedexemp,64,0
186.phone,,663-6848
6081.salary,65024,65000
10348.childexemp,1056,1000
394.childexemp,45,0
9737.marriedexemp,218,206
12966.city,,CRANSTON
14679.gender,,F
5521.marriedexemp,2765,2740
6423.city,,DELAWARE
8536.maritalstatus,,M
16426.singleexemp,2480,2400
514.marriedexemp,38,0
8685.maritalstatus,,M
17163.maritalstatus,,M
16431.maritalstatus,,S
18985.rate,,0
13854.phone,,738-9810
14014.rate,,0
4694.singleexemp,69,0
17480.phone,,518-7265
4455.state,,WI
8014.haschild,,N
8162.marriedexemp,72,0
10490.childexemp,2371,2300
19593.rate,,4.475
3026.haschild,,Y
8897.childexemp,82,0
3539.singleexemp,2094,2000
6770.phone,,826-1301
8744.singleexemp,68,0
18511.singleexemp,55,0
10461.salary,100071,100000
1572.salary,70043,70000
19355.maritalstatus,,M
3184.city,,WEST CORNWALL
7408.gender,,F
16397.haschild,,Y
14595.marriedexemp,56,0
1644.maritalstatus,,S
1188.haschild,,N
8753.childexemp,1263,1200
8441.lname,,Nudd
2255.rate,,7
9293.childexemp,76,0
812.haschild,,Y
17174.lname,,Jervis
13768.maritalstatus,,M
479.maritalstatus,,S
2803.city,,MUNCIE
13843.lname,,Maierhofer
476.gender,,M
10028.childexemp,4,0
15517.maritalstatus,,S
1901.phone,,212-7721
5753.city,,EL JOBEAN
18426.singleexemp,74,0
938.city,,MECOSTA
1298.state,,TX
10243.childexemp,81,0
11064.rate,,4.127439
8847.state,,AL
10275.phone,,998-5976
14591.rate,,5
4410.maritalstatus,,S
3092.phone,,397-4429
3699.haschild,,Y
10215.marriedexemp,61,0
3007.salary,5087,5000
14339.rate,,0
14745.marriedexemp,6684,6600
15736.maritalstatus,,M
3147.phone,,851-6487
4586.salary,65049,65000
12334.lname,,Paradis
10078.childexemp,25,0
1255.maritalstatus,,M
14939.childexemp,1043,1000
9739.singleexemp,6,0
14359.salary,15069,15000
9335.maritalstatus,,S
2188.lname,,Arizio
6141.lname,,Craddock
15104.state,,IN
14845.phone,,324-1458
830.rate,,3.6
11800.state,,NV
14688.phone,,469-7382
8140.city,,ERSKINE
6959.singleexemp,53,0
5626.singleexemp,6095,6000
15843.childexemp,1415,1370
14504.maritalstatus,,S
10757.gender,,M
7889.city,,SOUTHMAYD
3597.rate,,4.483333
6930.haschild,,N
15202.gender,,F
8663.phone,,107-5666
6506.state,,IN
5014.phone,,151-9225
2821.lname,,Schain
276.state,,NE
3012.singleexemp,156,103
16869.lname,,Gehringer
5132.state,,MA
19104.state,,NY
17410.city,,JAMAICA
7019.salary,40014,40000
3899.haschild,,N
11113.rate,,2.3932838
8112.gender,,F
8159.phone,,969-1318
9114.maritalstatus,,S
13188.haschild,,Y
1733.gender,,M
18074.state,,AR
10974.marriedexemp,65,0
180.state,,PA
10266.phone,,300-4317
3421.city,,PALO VERDE
332.phone,,824-2741
19872.salary,25094,25000
19234.haschild,,N
12639.childexemp,2851,2850
15717.singleexemp,1390,1300
1882.state,,HI
19532.phone,,137-2951
16677.haschild,,Y
1202.haschild,,Y
9013.gender,,M
9108.maritalstatus,,S
2871.gender,,M
17823.haschild,,N
8496.gender,,F
16115.maritalstatus,,M
16450.lname,,Qureshi
4436.gender,,M
4409.salary,15062,15000
11438.marriedexemp,16,0
12326.salary,15008,15000
6899.city,,HYGIENE
1328.city,,OCEAN VIEW
7956.lname,,Schmies
724.gender,,M
6238.childexemp,43,0
13512.city,,SUSANVILLE
5700.singleexemp,97,0
17702.childexemp,68,0
17557.phone,,565-9878
3167.singleexemp,3586,3575
16197.city,,CONASAUGA
1767.childexemp,70,0
7196.phone,,182-6465
10303.marriedexemp,3035,3000
9925.lname,,Halper
16474.haschild,,N
10294.maritalstatus,,M
8564.singleexemp,2483,2475
9540.gender,,M
8908.salary,20017,20000
2478.phone,,742-2789
9948.haschild,,Y
9908.city,,BEULAH
11803.rate,,5
12975.phone,,215-7560
14373.state,,NC
5914.state,,AZ
7237.rate,,5
1460.city,,LITTLETON
5499.phone,,302-3883
6730.salary,15045,15000
594.maritalstatus,,M
18972.salary,75021,75000
11115.haschild,,Y
15839.lname,,Valadier
1500.city,,HILDEBRAN
11333.marriedexemp,83,0
1398.phone,,629-9127
3461.state,,MN
12978.state,,MS
17695.maritalstatus,,S
9474.state,,DC
