11220.haschild,Y,N
17173.salary,80002,80000
6314.state,A,PA
12268.marriedexemp,12,0
217.phone,222-8737,781-8242
917.childexemp,14,0
16937.phone,,107-5895
4604.childexemp,90,0
19400.gender,***,M
17976.singleexemp,3363,3300
149.state,NI,IN
9533.state,E,ME
16452.haschild,Y,N
1448.lname,ultani,Multani
14353.marriedexemp,99,0
2241.marriedexemp,42,0
9333.salary,45072,45000
17279.childexemp,1016,1000
5662.rate,7875,7.875
12172.lname,Crossley***,Crossley
18964.phone,,836-8551
14911.singleexemp,26,0
1752.phone,222-8737,588-7281
13304.marriedexemp,28,0
6996.maritalstatus,M,S
8087.haschild,,N
17346.marriedexemp,2790,2740
1431.state,NJ,WY
12115.state,A,WA
16240.maritalstatus,***,M
16384.childexemp,16,0
6303.haschild,cN,N
6878.gender,,M
16066.city,SILVER SPRIGN,SILVER SPRING
13121.lname,Esiinger,Eisinger
13893.state,I,HI
17784.state,eIA,IA
11721.marriedexemp,63,0
11189.haschild,***,N
8418.haschild,,N
4386.phone,,877-6750
6090.state,EN,NE
849.gender,,M
17923.state,NhM,NM
19068.state,OM,MO
3596.state,NJ,WY
6989.haschild,***,N
18146.haschild,***,N
5714.childexemp,75,0
8431.haschild,***,N
19023.marriedexemp,1476,1400
11806.singleexemp,76,0
17749.city,CHAMLAIN,CHAMPLAIN
6526.state,CD,DC
17808.childexemp,10,0
12102.gender,***,M
17728.salary,5099,5000
3173.state,iID,ID
13386.haschild,Y,N
3238.phone,222-8737,620-8889
16616.salary,15008,15000
228.state,NJ,WY
7949.rate,.85,7.85
13083.marriedexemp,6618,6600
16858.marriedexemp,3004,3000
2242.marriedexemp,6637,6600
18008.childexemp,134,103
18739.maritalstatus,,S
9559.gender,,F
14318.city,RENE,IRENE
7162.salary,45052,45000
10392.haschild,Y,N
7785.maritalstatus,pM,M
5099.haschild,mN,N
12928.phone,,385-7475
9982.maritalstatus,M,S
19358.gender,qM,M
6397.state,TcX,TX
13020.phone,,881-6581
19465.childexemp,18,0
10115.rate,y7,7
15491.salary,10024,10000
18239.gender,,M
10943.maritalstatus,M,S
14374.marriedexemp,91,0
11894.salary,75047,75000
2792.city,JYAUYA,JAYUYA
3167.singleexemp,3621,3575
4607.lname,Patrson,Paterson
19287.state,I,HI
13203.rate,4.57,4.75
3449.singleexemp,3345,3300
19365.singleexemp,109,87
4248.childexemp,3369,3300
7093.city,qJACKSON,JACKSON
900.maritalstatus,***,S
19404.rate,,7
4179.singleexemp,87,0
9202.gender,***,F
11770.lname,Drobnpik,Drobnik
432.phone,,334-4361
13550.city,WATERURY,WATERBURY
18621.rate,4.57,4.75
18479.haschild,,N
8970.childexemp,12,0
10672.gender,aF,F
7224.childexemp,1,0
3616.childexemp,3387,3300
16626.state,AP,PA
15178.phone,,539-8551
6506.childexemp,1092,1000
17836.haschild,Y,N
8668.lname,aayen,Baayen
16217.lname,Griwoz,Griwodz
7600.phone,,817-1616
11441.childexemp,45,0
15228.childexemp,1052,1000
9.maritalstatus,dS,S
14389.city,ANDERSNO,ANDERSON
9604.rate,3.9045435,3.9045453
8069.gender,,F
19331.city,oLAS VEGAS,LAS VEGAS
15280.state,GvA,GA
19400.haschild,Y,N
18735.city,GURaABO,GURABO
17116.salary,100002,100000
6120.haschild,***,N
9940.maritalstatus,dS,S
3695.state,TC,CT
5742.lname,Kurematus,Kurematsu
7613.city,OYRKTOWN,YORKTOWN
8319.childexemp,35,0
778.haschild,rN,N
17652.haschild,,N
12060.lname,tCorbi,Corbi
9585.maritalstatus,M,S
816.lname,adji,Nadji
2096.phone,222-8737,445-4511
16150.haschild,pY,Y
1498.state,V,NV
15543.state,A,IA
13988.state,I,HI
916.haschild,N,Y
4753.city,HMAPTON,HAMPTON
14521.gender,***,F
2699.phone,,309-7538
19843.gender,,F
12443.childexemp,97,0
560.phone,,547-3275
12337.marriedexemp,100,0
18838.childexemp,97,0
15888.city,HMAPTON,HAMPTON
3515.childexemp,25,0
14841.state,NJ-*,NJ
10615.maritalstatus,,M
4347.haschild,eY,Y
4715.city,GUNNSON,GUNNISON
11648.gender,***,M
13259.rate,,3
1855.phone,222-8737,508-1361
4405.childexemp,14,0
19560.singleexemp,17,0
1386.salary,45020,45000
12074.haschild,***,Y
10777.marriedexemp,30,0
7352.salary,50022,50000
2907.gender,,M
11714.maritalstatus,M,S
7187.childexemp,22,0
8836.phone,,521-4342
899.childexemp,2945,2850
14423.gender,***,F
14893.rate,,5
17183.childexemp,7,0
8144.state,I,HI
5665.maritalstatus,tM,M
10690.singleexemp,57,0
15614.rate,3e.9,3.9
3286.gender,,F
16015.maritalstatus,M,S
6192.lname,Nosro,Noro
7888.childexemp,5,0
9366.maritalstatus,M,S
18087.rate,5.546503,5.546053
15812.city,GREENVILE,GREENVILLE
18459.maritalstatus,***,S
17113.city,GREENWOOD***,GREENWOOD
13308.state,I,HI
18854.phone,233-4625,987-3682
11905.state,AI,IA
12826.salary,15066,15000
15087.maritalstatus,***,M
15302.phone,,227-3842
3102.state,SK,KS
7633.haschild,***,N
16419.singleexemp,2914,2850
17876.marriedexemp,8,0
12469.childexemp,72,0
14518.childexemp,3358,3300
12655.haschild,Y,N
1432.rate,s0,0
13211.state,iVT,VT
7737.lname,Lafod,Lafond
9047.lname,eyers,Beyers
3390.salary,45034,45000
6701.rate,x0,0
12256.singleexemp,84,0
13740.city,KAYLRO,KAYLOR
11642.haschild,,Y
18828.haschild,Y,N
19119.city,DIAMONDVILE,DIAMONDVILLE
5830.childexemp,9,0
4261.singleexemp,18,0
15474.singleexemp,2144,2100
17701.haschild,tY,Y
18287.city,HYDABUGR,HYDABURG
6081.marriedexemp,74,0
15154.maritalstatus,M,S
18526.city,SELIGMN,SELIGMAN
18976.city,nOREM,OREM
15168.state,YN,NY
17821.singleexemp,44,0
13767.city,ORINET,ORIENT
7921.singleexemp,44,0
5490.singleexemp,2522,2475
749.childexemp,45,0
11370.state,I,HI
3163.singleexemp,42,0
8879.haschild,***,Y
1390.state,NJ,WY
18020.city,LESLEI,LESLIE
18275.marriedexemp,365,318
8501.childexemp,69,0
735.lname,Smarati,Samarati
13593.lname,Shiie,Shijie
18750.singleexemp,1318,1300
4371.phone,,662-4539
18830.city,ANCEVILLE,HANCEVILLE
14502.phone,,734-9330
19029.city,URABO,GURABO
11769.state,NJ-*,NJ
8170.gender,,M
4694.lname,Baluchi,Balluchi
14098.state,VN,NV
886.city,UARORA,AURORA
10067.haschild,***,N
11323.lname,Kuivlia,Kuivila
2668.marriedexemp,43,0
15172.maritalstatus,tM,M
2033.haschild,,N
1497.phone,,360-4561
9904.state,gHI,HI
4366.singleexemp,77,0
8514.maritalstatus,mM,M
17609.childexemp,10,0
1684.state,NJ,WY
17084.phone,,983-6404
3033.city,HONOLLU,HONOLULU
11029.gender,***,F
8528.gender,sM,M
9398.rate,,6
18723.haschild,***,N
7076.maritalstatus,uM,M
10388.singleexemp,1006,1000
8028.rate,c0,0
696.phone,,696-4590
5631.gender,yF,F
6711.childexemp,50,0
3566.singleexemp,232,159
5547.marriedexemp,4005,4000
17519.haschild,Y,N
18538.phone,,805-8856
12838.phone,,516-9722
8697.singleexemp,12,0
14809.rate,f0,0
755.singleexemp,2747,2700
4431.childexemp,24,0
91.childexemp,75,0
14443.childexemp,2256,2250
19762.haschild,Y,N
3512.city,ILLSDALE,HILLSDALE
144.phone,,519-2066
8762.maritalstatus,,S
12898.state,IW,WI
18983.city,GUsAYAMA,GUAYAMA
19890.marriedexemp,69,0
5945.lname,Rreddi,Reddi
6465.childexemp,38,0
7392.phone,,746-9960
10131.state,DS,SD
7697.state,AP,PA
17288.gender,,M
14103.marriedexemp,80,0
6003.city,fMASCOT,MASCOT
9989.haschild,gY,Y
15559.singleexemp,96,0
15310.maritalstatus,vM,M
2170.gender,uF,F
19736.lname,Ruhldeer,Ruhleder
6977.maritalstatus,iM,M
15815.city,pIRVONA,IRVONA
15940.singleexemp,75,0
13500.salary,10046,10000
15055.singleexemp,95,0
1936.marriedexemp,49,0
14537.marriedexemp,29,0
15505.singleexemp,1088,1040
18005.singleexemp,96,0
11566.singleexemp,72,0
17833.maritalstatus,***,M
6819.childexemp,182,103
15239.marriedexemp,97,0
19609.maritalstatus,***,S
5815.salary,45080,45000
16543.gender,***,M
14943.lname,eDewey,Dewey
7185.gender,,M
12107.city,GUrILD,GUILD
5957.phone,,918-1767
13173.haschild,,N
18287.childexemp,100,0
5388.childexemp,34,0
10637.phone,,909-3360
4783.salary,85026,85000
9814.maritalstatus,nS,S
14259.haschild,Y,N
9100.salary,70035,70000
8107.maritalstatus,M,S
6177.childexemp,89,0
19927.city,SMITHVILvLE,SMITHVILLE
18569.childexemp,60,0
13252.state,NJ-*,NJ
15288.state,NJ-*,NJ
19600.phone,233-4625,548-8765
7998.childexemp,57,0
7768.salary,100048,100000
280.marriedexemp,47,0
732.gender,wF,F
8043.childexemp,11,0
13615.childexemp,20,0
309.state,X,TX
6432.gender,,F
2223.phone,222-8737,140-6154
8149.childexemp,82,0
776.lname,Gofmfan,Goffman
16928.childexemp,65,0
10647.haschild,Y,N
8280.gender,,F
16408.maritalstatus,M,S
5677.maritalstatus,***,S
1783.gender,***,F
4882.state,TC,CT
15494.city,HALLOWLEL,HALLOWELL
5356.city,FaREEMAN,FREEMAN
12409.maritalstatus,M,S
15866.haschild,Y,N
11677.marriedexemp,24556,24500
9076.singleexemp,14,0
11709.maritalstatus,,M
6055.marriedexemp,5766,5700
18529.phone,,203-6192
3340.childexemp,100,0
15180.phone,,306-1138
1266.state,NJ,WY
14238.rate,.78,7.8
16353.haschild,Y,N
2967.gender,iF,F
5207.lname,Sylvvan,Sylvan
14942.salary,65045,65000
16109.maritalstatus,M,S
1060.phone,222-8737,801-2224
12315.city,DENNiISON,DENNISON
19942.marriedexemp,4579,4500
1718.lname,Lenowiptz,Lenowitz
8682.maritalstatus,M,S
478.gender,vF,F
17598.gender,yF,F
7273.phone,,595-6797
3059.gender,,F
11562.gender,***,F
18376.phone,,978-7071
10745.phone,,256-4146
8547.phone,,816-7891
13977.lname,Daobija,Dabija
10283.marriedexemp,45,0
13800.lname,Dippoldsmnan,Dippoldsmann
19121.state,Z,AZ
11423.lname,Haabata,Hanabata
8043.maritalstatus,M,S
130.childexemp,26,0
2220.maritalstatus,,M
5806.phone,,379-9306
8601.singleexemp,45,20
8107.childexemp,30,0
11492.state,S,MS
10694.maritalstatus,M,S
17222.marriedexemp,95,0
2267.phone,222-8737,391-4779
3018.state,ME,AR
19306.singleexemp,50,0
660.state,eWV,WV
976.haschild,vY,Y
10777.rate,l0,0
5994.lname,Goodsomn,Goodson
1751.rate,***,3
159.rate,4.124739,4.127439
7226.city,SAINT GlEORGE,SAINT GEORGE
6344.gender,***,M
7888.maritalstatus,M,S
10457.singleexemp,42,0
19513.salary,15057,15000
10031.phone,,986-4624
8435.phone,,622-2858
5464.singleexemp,44,0
18947.state,NM,MN
7400.lname,Ddawson,Dawson
14010.rate,4.f265,4.265
12856.city,GREdER,GREER
12011.singleexemp,85,0
18884.city,ALLEGANeY,ALLEGANY
17240.city,jHANCOCK,HANCOCK
14746.gender,aM,M
8199.lname,effernan,Heffernan
15786.lname,iSngleton,Singleton
4181.rate,.785,7.85
3970.phone,,426-5469
10587.gender,xF,F
12488.rate,***,6
19097.singleexemp,53,0
19898.state,cIA,IA
5341.rate,,0
16875.phone,,145-1031
8195.maritalstatus,M,S
10021.lname,eOrtel,Oertel
1216.phone,,211-3938
9520.haschild,wN,N
12537.rate,69.,6.9
16744.haschild,Y,N
12668.marriedexemp,24517,24500
6481.salary,60010,60000
7657.singleexemp,93,0
10549.haschild,vY,Y
5677.haschild,,Y
7762.rate,.36,3.6
14311.singleexemp,2428,2400
13011.salary,55098,55000
11979.haschild,,N
11639.childexemp,3317,3300
1725.marriedexemp,1406,1400
7553.childexemp,42,0
1253.childexemp,77,0
2277.haschild,iN,N
17311.lname,Bimrsak,Birsak
1359.city,HOLYKE,HOLYOKE
12353.maritalstatus,***,M
6365.lname,Zchoche,Zschoche
8268.singleexemp,3368,3300
7544.phone,,918-7581
17481.salary,50017,50000
16368.marriedexemp,47,0
13567.haschild,eN,N
19362.childexemp,72,0
18992.rate,39.,3.9
9863.state,IH,HI
14706.childexemp,1095,1000
18218.state,DS,SD
3561.lname,Farg,Farag
1940.rate,***,0
3115.state,NJ,WY
4721.haschild,,Y
9948.lname,Machflin,Machlin
1318.marriedexemp,2133,2080
16135.state,NJ-*,NJ
15861.state,V,NV
15210.phone,494-5129,937-3442
16327.lname,Tartalaj,Tartalja
5821.haschild,***,N
7967.city,xGUAYNABO,GUAYNABO
5388.singleexemp,57,0
7629.childexemp,19,0
14403.maritalstatus,***,S
11713.rate,h7,7
18647.state,IH,HI
4396.haschild,,Y
3127.state,NJ,WY
13795.rate,***,5
818.maritalstatus,,M
7487.state,hME,ME
8201.phone,,163-5349
1836.city,RUB VALLEY,RUBY VALLEY
13917.haschild,fN,N
7161.lname,Cavaleri,Cavalieri
7551.state,A,IA
556.lname,Mtitasch,Mittasch
15452.phone,233-4625,601-5271
3307.state,NJ,WY
12387.haschild,***,Y
18636.maritalstatus,***,S
441.maritalstatus,vM,M
2561.gender,***,M
19471.singleexemp,29,0
8153.singleexemp,27,0
14455.childexemp,28,0
18670.rate,***,0
1512.singleexemp,3,0
5032.lname,Poliriti,Policriti
9012.state,tNH,NH
669.marriedexemp,94,0
19662.marriedexemp,107,40
12392.maritalstatus,,S
2819.state,NJ,WY
17706.marriedexemp,12027,12000
3026.city,ORTLAND,PORTLAND
13712.singleexemp,39,0
4498.state,HiI,HI
891.childexemp,23,0
12319.maritalstatus,M,S
6042.state,CS,SC
16340.maritalstatus,M,S
6760.childexemp,1013,1000
12167.rate,4.0352,4.0325
3780.rate,e5,5
15263.state,IH,HI
12827.state,tDC,DC
19618.marriedexemp,15,0
6526.marriedexemp,2815,2740
15712.city,GERENVILLE,GREENVILLE
4969.state,TM,MT
16294.lname,Caeli,Caelli
3601.rate,6.t25,6.25
4013.childexemp,15,0
10179.marriedexemp,15,0
9139.city,GsROVER,GROVER
8166.childexemp,87,0
5743.haschild,aY,Y
13334.phone,,393-6894
19592.city,ACHORAGE,ANCHORAGE
17970.city,HANAAULU,HANAMAULU
10197.maritalstatus,***,S
951.childexemp,3323,3300
18692.childexemp,68,20
7653.marriedexemp,90,0
17007.state,MvA,MA
10802.salary,85068,85000
12637.singleexemp,81,0
16845.phone,,438-4181
9096.marriedexemp,30,0
3634.state,A,IA
7415.city,GREENVILE,GREENVILLE
9222.state,C,SC
17077.lname,MacNuaghton,MacNaughton
14732.singleexemp,126,103
3152.salary,55083,55000
5205.salary,60091,60000
2084.state,hNJ,NJ
867.phone,222-8737,868-7188
6127.childexemp,497,400
14489.maritalstatus,M,S
5140.gender,,F
11009.marriedexemp,43,0
16942.gender,tF,F
3744.salary,40030,40000
17071.childexemp,77,0
12352.state,A,IA
11259.singleexemp,99,0
13384.salary,15073,15000
1013.state,NJ,WY
3783.city,GUILORD,GUILFORD
7779.childexemp,1558,1500
13963.gender,,M
3070.phone,,866-6679
308.state,NJ,WY
7336.marriedexemp,14,0
8961.maritalstatus,M,S
16402.haschild,Y,N
14767.state,AI,IA
15412.state,IH,HI
13936.maritalstatus,***,S
9640.haschild,,N
14129.phone,,950-1939
13699.haschild,Y,N
8071.singleexemp,94,0
6967.haschild,sY,Y
10339.state,IH,HI
7662.maritalstatus,M,S
8529.marriedexemp,64,0
2365.lname,Usobh,Usoh
18078.city,NIXcON,NIXON
7557.maritalstatus,***,S
10618.maritalstatus,***,M
19292.marriedexemp,2102,2080
2056.phone,222-8737,541-3678
9184.lname,eFeley,Feeley
13748.rate,,0
12204.singleexemp,3316,3300
8624.rate,.9,3.9
16620.haschild,Y,N
9009.state,AI,IA
1587.city,UNEDA,UNEEDA
11784.gender,***,M
6570.lname,Harmeln,Harmelen
1619.singleexemp,79,20
11975.childexemp,65,0
9217.lname,Zlaeta,Zlatea
17026.state,pIA,IA
262.phone,222-8737,655-6005
16250.city,MILLnSTONE TOWNSHIP,MILLSTONE TOWNSHIP
7715.gender,,F
2020.state,NJ,WY
8952.gender,***,F
16464.state,xID,ID
18195.rate,,0
13423.maritalstatus,,S
1160.childexemp,96,0
1173.gender,hF,F
2129.marriedexemp,19,0
1413.marriedexemp,5,0
767.salary,65031,65000
16261.maritalstatus,M,S
16387.lname,Cung,Chung
3116.phone,222-8737,550-5416
5946.city,FRGO,FARGO
9033.maritalstatus,M,S
15444.maritalstatus,yM,M
3294.haschild,,Y
17242.salary,50063,50000
4185.marriedexemp,19,0
19938.rate,2.277364,2.2773614
19488.phone,,788-3886
6507.childexemp,46,0
2987.state,NJ,WY
1176.rate,i5.3,5.3
7125.lname,Acotn,Acton
1681.marriedexemp,45,0
15248.singleexemp,100,0
126.phone,222-8737,989-1133
3153.childexemp,94,0
9937.singleexemp,80,0
12801.gender,***,F
12563.singleexemp,82,0
17225.haschild,Y,N
11377.haschild,,N
2052.salary,30035,30000
15401.marriedexemp,89,0
6643.lname,Schdoer,Schoder
16981.singleexemp,11,0
1283.city,EXCELSIR SPRINGS,EXCELSIOR SPRINGS
9009.haschild,sY,Y
19892.rate,,6
6176.marriedexemp,24516,24500
11897.marriedexemp,70,0
16630.state,NJ-*,NJ
8860.lname,aCndy,Candy
2119.gender,,M
18838.singleexemp,72,0
2042.haschild,,Y
4366.childexemp,94,0
8983.lname,Flotzingejr,Flotzinger
13108.gender,***,F
11111.haschild,zN,N
8137.city,HMILTON,HAMILTON
12745.maritalstatus,,S
948.state,NJ,WY
18077.phone,,830-5101
18416.haschild,***,N
13229.singleexemp,51,0
16386.childexemp,3313,3300
6145.lname,Vittoini,Vittorini
13028.childexemp,89,0
7768.gender,,F
19422.city,HLL,HALL
5789.city,GREyENWOOD,GREENWOOD
6471.childexemp,1418,1370
9926.singleexemp,63,0
3103.salary,40009,40000
10575.gender,***,M
13244.childexemp,85,0
14388.childexemp,70,0
10694.lname,Kees***,Kees
15490.childexemp,3359,3300
17094.lname,Nnadig,Nadig
16762.haschild,Y,N
6011.singleexemp,57,0
12753.city,GILD,GUILD
599.haschild,***,Y
17936.singleexemp,2,0
16232.salary,75061,75000
18628.childexemp,64,0
5607.city,HAMPaSHIRE,HAMPSHIRE
12557.haschild,***,N
17656.maritalstatus,***,M
3557.marriedexemp,76,0
8813.rate,4.57,4.75
6300.rate,,0
149.salary,10085,10000
5533.rate,2.799027,2.7990127
17259.salary,75018,75000
6326.haschild,pY,Y
18084.phone,,676-4633
3975.childexemp,15,0
8479.state,JN,NJ
3367.childexemp,64,0
11705.haschild,***,N
14366.rate,i7,7
11860.haschild,,N
16587.singleexemp,42,0
3841.marriedexemp,15,0
15728.haschild,Y,N
8330.state,I,RI
16299.marriedexemp,98,0
12173.rate,4.e75,4.75
13143.childexemp,16,0
15066.state,DS,SD
17895.city,GORVELAND,GROVELAND
61.city,VERSAILES,VERSAILLES
17586.city,EWARK,NEWARK
16411.gender,***,F
18092.state,OC,CO
2664.phone,222-8737,188-8460
1818.state,SM,MS
19030.haschild,,Y
173.phone,222-8737,188-9789
6137.salary,35010,35000
1114.haschild,yY,Y
6284.marriedexemp,41,0
70.phone,222-8737,785-2906
7504.gender,,M
12699.singleexemp,15,0
14825.maritalstatus,M,S
15573.maritalstatus,,S
19411.state,YN,NY
15452.state,NJ-*,NJ
14224.phone,,894-2705
1888.marriedexemp,26,0
6351.state,VW,WV
11114.haschild,Y,N
2696.phone,222-8737,294-3944
15560.city,CRONA,CORONA
13064.phone,,817-9541
7865.childexemp,67,0
4539.maritalstatus,***,M
17146.lname,qBuford,Buford
518.lname,Wihs,Wish
13589.salary,60096,60000
5041.city,BIRMINHAM,BIRMINGHAM
16417.salary,30075,30000
11309.childexemp,3367,3300
19140.city,DORCHESTmER,DORCHESTER
18165.state,KhY,KY
14805.haschild,uN,N
17514.state,IbA,IA
19091.marriedexemp,44,0
15491.city,ALS VEGAS,LAS VEGAS
3208.state,NJ,WY
13447.gender,,F
7298.maritalstatus,M,S
11046.lname,Gratgg,Gragg
9387.state,bDC,DC
14257.haschild,bN,N
10743.maritalstatus,M,S
19215.haschild,Y,N
15624.rate,,0
13559.gender,,M
13962.state,RP,PR
5593.marriedexemp,6652,6600
10156.state,LI,IL
18836.gender,,M
11200.state,R,PR
6356.maritalstatus,***,S
5043.lname,Alewien,Alewine
1225.marriedexemp,6626,6600
8665.rate,5j.3,5.3
13100.rate,***,7
104.rate,.65,6.5
19526.state,NM,MN
8012.gender,***,M
16948.lname,Calvgo,Calvo
17315.singleexemp,43,0
10240.rate,***,9
4922.singleexemp,97,0
17666.state,AI,IA
17942.gender,***,F
18915.singleexemp,17,0
14880.lname,Reushc,Reusch
8325.rate,3.2724998,3.7224998
7694.state,I,HI
2841.lname,uFrnas,Furnas
276.state,EN,NE
14252.haschild,Y,N
12265.phone,,285-9510
3064.rate,.8,7.8
9497.singleexemp,77,0
3251.childexemp,69,0
7206.maritalstatus,***,M
5934.rate,a0,0
3190.gender,***,F
8991.singleexemp,7,0
3019.state,NJ,WY
10472.maritalstatus,,M
8345.city,FORTLAUDERDALE,FORT LAUDERDALE
9696.haschild,,N
10359.city,BASLAT,BASALT
13370.state,ChO,CO
9763.lname,Coqnstantinescu,Constantinescu
6374.haschild,oY,Y
8806.rate,2039795,2.039795
10538.phone,,120-7754
13933.singleexemp,2487,2475
1239.haschild,***,Y
2232.phone,,118-3186
4934.city,RICHOND,RICHMOND
11850.city,HAGRMAN,HAGERMAN
9958.marriedexemp,7,0
9079.singleexemp,79,0
12543.marriedexemp,89,0
13376.maritalstatus,,S
6996.childexemp,7,0
14503.state,A,IA
18620.childexemp,73,0
14228.haschild,Y,N
1475.haschild,,N
9103.singleexemp,94,0
12095.lname,oHutekamer,Houtekamer
18432.state,IlA,IA
15603.haschild,Y,N
13748.lname,Gimraffa,Giraffa
57.haschild,***,Y
16099.state,I,HI
4485.gender,rM,M
2255.phone,,737-4545
8773.maritalstatus,M,S
528.city,STILLWATER***,STILLWATER
17528.maritalstatus,oS,S
5462.singleexemp,1465,1370
11308.state,NJ-*,NJ
13187.marriedexemp,2603,2600
17896.maritalstatus,,M
16463.lname,Reitenspieds,Reitenspies
723.salary,25087,25000
13275.state,qHI,HI
5518.phone,,332-4096
3910.childexemp,65,0
3030.singleexemp,1333,1300
5078.phone,,598-3663
19744.haschild,,N
2389.rate,5.59,5.95
13522.gender,,F
7875.haschild,aN,N
14299.childexemp,78,0
11080.city,SIANT CHARLES,SAINT CHARLES
9989.singleexemp,74,0
11202.phone,,738-1883
1066.gender,***,F
1817.state,A,IA
16945.singleexemp,13,0
15409.phone,494-5129,201-7249
5209.rate,***,0
8587.lname,Lybaon,Lybanon
7704.state,R,OR
1804.maritalstatus,,M
13024.city,GREENWIH,GREENWICH
10994.childexemp,3309,3300
2944.gender,***,F
5695.maritalstatus,,M
13972.state,AI,IA
7329.maritalstatus,***,S
7811.state,AM,MA
10336.salary,60031,60000
15937.rate,3m.07,3.07
15915.maritalstatus,,M
17710.rate,,0
19321.maritalstatus,xM,M
10886.state,OnR,OR
3302.rate,3.53,3.35
17916.childexemp,87,0
1169.phone,222-8737,121-1902
2775.salary,55013,55000
15089.rate,4e.4,4.4
1677.gender,,M
11474.rate,,0
17097.haschild,,Y
7865.singleexemp,25,0
146.phone,222-8737,132-8926
4168.singleexemp,69,20
16678.childexemp,73,0
13286.marriedexemp,69,0
6802.maritalstatus,M,S
15157.state,xIA,IA
8970.maritalstatus,M,S
10838.haschild,,Y
16699.state,ED,DE
4804.phone,,973-5645
652.rate,.5,8.5
3851.salary,100066,100000
5139.childexemp,38,0
2756.haschild,,N
3700.singleexemp,773,700
5950.gender,aM,M
19561.lname,Plxat,Plat
12548.rate,***,5
9102.state,RO,OR
14925.haschild,Y,N
4508.lname,Viogda,Vigoda
6310.salary,95044,95000
917.salary,10090,10000
17114.childexemp,1315,1300
12539.childexemp,35,0
11835.city,bLOWELL,LOWELL
14187.lname,Baunmuhl,Braunmuhl
3104.city,BRIDGWATER,BRIDGEWATER
10980.state,DN,ND
14161.maritalstatus,M,S
12794.gender,,M
12691.haschild,***,N
15804.singleexemp,31,0
209.city,AUGEN,HAUGEN
16306.singleexemp,5,0
12342.lname,Ruagh,Raugh
11271.maritalstatus,***,M
7507.state,I,WI
5918.haschild,,N
5566.phone,,146-2947
3587.state,NJ,WY
5665.lname,idoud,Aidoud
15631.singleexemp,24,0
2950.haschild,,N
2411.childexemp,79,0
2560.rate,.268309,2.68309
19018.city,COCHRANVILEL,COCHRANVILLE
13734.gender,,M
17535.childexemp,9,0
1082.state,NJ,WY
9559.maritalstatus,,M
9133.city,BOWDOIHAM,BOWDOINHAM
11767.childexemp,64,0
9176.singleexemp,3365,3300
5891.haschild,***,Y
8506.phone,,123-2276
3489.haschild,***,Y
11624.city,GREENhWOOD,GREENWOOD
2141.state,NJ,WY
10694.phone,,439-6705
6007.rate,o0,0
7418.singleexemp,70,0
3242.salary,5046,5000
18598.gender,***,M
11327.haschild,***,Y
11770.maritalstatus,,S
9075.rate,5.9t5,5.95
1639.rate,a0,0
4580.marriedexemp,62,0
14302.maritalstatus,M,S
14193.phone,,332-7732
5084.phone,,568-8465
6895.city,REENVILLE,GREENVILLE
16344.city,HAMvDEN,HAMDEN
2183.state,AL,LA
2159.state,NJ,WY
9094.city,SUNFLeOWER,SUNFLOWER
1929.rate,.4,3.4
8156.gender,***,F
19713.gender,yF,F
10866.state,iID,ID
14105.state,AI,IA
7881.city,YRDE,RYDE
1482.phone,,517-1934
587.singleexemp,13,0
12239.phone,,497-1360
16195.lname,aKgeura,Kageura
15582.maritalstatus,***,M
19271.singleexemp,80,0
19095.city,NOROLK,NORFOLK
6239.city,MINNwEAPOLIS,MINNEAPOLIS
19467.lname,ssche,Assche
2747.childexemp,32,0
19081.marriedexemp,15,0
10688.maritalstatus,***,M
6557.childexemp,3345,3300
19869.lname,Hozenkamp,Hoenkamp
12325.state,CD,DC
7041.gender,tM,M
6510.rate,24.79763,2.479763
7060.marriedexemp,48,0
14551.gender,fF,F
15787.marriedexemp,2,0
7057.singleexemp,44,0
4236.lname,Yadrxick,Yadrick
10810.maritalstatus,M,S
13795.haschild,Y,N
10467.haschild,yN,N
11639.singleexemp,3347,3300
9586.marriedexemp,69,0
17197.marriedexemp,62,0
4568.city,GyREENVILLE,GREENVILLE
11197.maritalstatus,iS,S
12825.city,AuRKANSAS CITY,ARKANSAS CITY
756.phone,222-8737,868-7188
14898.haschild,zN,N
8421.salary,90054,90000
8861.salary,10084,10000
8712.state,A,IA
1831.gender,***,F
8601.lname,Erqtl,Ertl
8506.maritalstatus,***,M
15640.salary,70050,70000
4889.rate,6.5905j43,6.590543
17600.city,ANALEI,HANALEI
13444.childexemp,3360,3300
4000.singleexemp,1422,1370
1090.state,C,NC
14351.phone,,624-2449
12367.rate,,0
11273.haschild,Y,N
492.city,WILMINGTNO,WILMINGTON
19836.singleexemp,65,0
4967.singleexemp,54,0
16499.childexemp,64,0
5617.lname,Satudinger,Staudinger
10536.maritalstatus,M,S
606.phone,222-8737,945-5350
13249.city,ARMINyTO,ARMINTO
10970.childexemp,60,0
4520.lname,Derlby,Derby
2118.phone,,265-4516
9695.phone,,876-8763
19094.lname,Hehann,Hehmann
14473.childexemp,59,0
10305.maritalstatus,M,S
18094.phone,,911-3118
12521.lname,Drss,Dress
6167.singleexemp,74,0
17649.phone,,839-7011
18670.childexemp,99,0
7108.childexemp,78,0
9504.maritalstatus,,M
13904.state,A,CA
10219.maritalstatus,,M
1799.gender,***,F
9902.salary,90077,90000
505.lname,Orgass***,Orgass
12549.state,kIA,IA
5997.lname,Spaustezr,Spauster
14332.salary,10039,10000
11294.city,JAwL,JAL
11997.singleexemp,80,0
6494.state,RP,PR
19919.city,HAMPTNO,HAMPTON
19443.salary,25068,25000
11545.rate,6o.84,6.84
1007.lname,foulis,Yfoulis
443.phone,222-8737,196-4036
6587.state,ZA,AZ
11695.phone,,583-3471
5212.childexemp,355,272
8553.city,EST HAVEN,WEST HAVEN
16087.singleexemp,18,0
19805.state,nIA,IA
15198.phone,,837-1230
18157.haschild,hN,N
12406.salary,35085,35000
4399.city,POEWLL,POWELL
17517.childexemp,76,0
14077.lname,Pyunter,Punter
3540.marriedexemp,6614,6600
4808.maritalstatus,***,M
7814.childexemp,330,300
8354.haschild,***,N
10500.city,STAFMORD,STAMFORD
14014.lname,Saawragi,Sawaragi
16270.haschild,,N
15447.maritalstatus,M,S
17773.state,mLA,LA
19951.singleexemp,34,0
11254.salary,60043,60000
2705.state,EN,NE
11752.phone,,633-3538
8270.maritalstatus,kM,M
16362.rate,***,7
15697.salary,5037,5000
7249.lname,Yasumastu,Yasumatsu
2351.lname,mAriola,Ariola
13555.lname,Joobabni,Joobbani
10268.childexemp,7,0
4983.city,SN JUAN,SAN JUAN
8406.city,GUANABO,GUAYNABO
5422.haschild,,Y
6733.salary,65063,65000
16036.singleexemp,94,0
8051.lname,Gineken,Ginneken
10593.city,HALLSVILE,HALLSVILLE
18288.lname,Feat,Feast
2950.salary,75005,75000
7964.city,PISGH,PISGAH
13555.haschild,Y,N
3798.singleexemp,25,20
9495.lname,Giramp,Gramp
12464.singleexemp,15,0
1405.haschild,kY,Y
14680.rate,5.a3,5.3
19933.salary,30032,30000
9971.gender,,M
16834.rate,m0,0
18393.haschild,wN,N
9625.maritalstatus,***,S
15052.marriedexemp,25,0
3289.childexemp,69,0
14502.haschild,***,N
13382.singleexemp,21,0
4273.state,N,TN
7034.singleexemp,28,0
1133.state,NJ,WY
1625.marriedexemp,36,0
7971.maritalstatus,,M
19084.salary,95085,95000
3852.phone,,568-1259
12953.lname,Almohamvmad,Almohammad
12870.childexemp,82,0
6892.gender,tF,F
4424.salary,50033,50000
17388.city,RGENADA,GRENADA
16480.maritalstatus,M,S
6139.marriedexemp,133,40
12147.state,A,IA
3459.marriedexemp,56,0
8183.gender,,F
1233.lname,Kholvik,Kolvik
6992.city,COLTRIP,COLSTRIP
2771.rate,3e.9,3.9
2333.gender,,F
18020.marriedexemp,59,40
11056.rate,***,0
8008.rate,.3,5.3
8402.singleexemp,95,0
13742.phone,,865-2611
2287.childexemp,41,0
358.phone,222-8737,633-6149
11196.haschild,Y,N
15279.maritalstatus,M,S
7033.childexemp,2005,2000
5553.maritalstatus,,M
13388.salary,75086,75000
12597.singleexemp,95,0
6416.marriedexemp,41,0
12807.maritalstatus,M,S
15462.haschild,Y,N
798.salary,25074,25000
1670.haschild,dN,N
8617.state,AG,GA
18585.state,RbI,RI
11728.childexemp,312,272
14434.lname,Meekkings,Meekings
12916.haschild,yN,N
15706.singleexemp,100,0
8268.salary,15069,15000
8171.city,GREENVILEL,GREENVILLE
1562.state,NJ,WY
3565.state,NJ,WY
170.state,NJ,WY
10384.maritalstatus,,M
18332.gender,,F
3609.city,COVEcNTRY,COVENTRY
9546.state,A,LA
17395.childexemp,1566,1500
14429.childexemp,1402,1370
11050.state,O,MO
7774.gender,iM,M
11187.gender,***,M
18518.maritalstatus,uS,S
10879.lname,Gooot,Goot
3258.state,NJ,WY
17289.gender,,M
4113.singleexemp,932,900
4271.maritalstatus,***,S
17418.state,jTX,TX
5535.childexemp,67,0
2479.phone,,411-1613
2998.rate,***,6
356.marriedexemp,69,0
19073.maritalstatus,***,M
7456.city,TUCSOsN,TUCSON
2686.state,mAR,AR
80.city,WOObD RIVER,WOOD RIVER
12599.haschild,Y,N
2969.rate,4.39808,4.397808
4203.city,GRANTfS PASS,GRANTS PASS
8416.city,GARRION,GARRISON
17952.phone,,881-6429
19819.maritalstatus,sS,S
8992.maritalstatus,oS,S
17134.childexemp,66,40
14514.city,BRASHAW,BRADSHAW
8773.childexemp,17,0
13949.marriedexemp,10,0
19068.rate,a6,6
4170.gender,,M
7039.gender,***,F
4554.phone,,580-9033
16024.haschild,Y,N
1736.state,NJ,WY
10338.singleexemp,93,0
10427.city,TULhSA,TULSA
6059.phone,,505-8310
838.state,NJ,WY
18339.gender,***,F
9013.childexemp,80,0
10422.childexemp,31,0
11704.state,I,RI
15409.state,NJ-*,NJ
11005.singleexemp,43,0
7480.state,Y,WY
8446.city,GbUAYAMA,GUAYAMA
1544.marriedexemp,7,0
14108.haschild,Y,N
13418.phone,,425-9564
16365.childexemp,70,0
619.state,tMA,MA
2923.lname,Cesarein,Cesareni
110.maritalstatus,***,M
4771.singleexemp,87,0
9778.city,JACKSONVILEL,JACKSONVILLE
8149.singleexemp,9,0
6614.marriedexemp,90,0
2979.singleexemp,82,0
17489.city,EATS PITTSBURGH,EAST PITTSBURGH
3484.phone,222-8737,838-1928
12947.marriedexemp,6674,6600
6528.singleexemp,6,0
2366.singleexemp,84,0
110.state,NJ,WY
2603.gender,***,M
1124.rate,.6,3.6
8339.maritalstatus,gM,M
8076.childexemp,13,0
2251.phone,,378-4397
8725.lname,Heuselr,Heusler
2429.marriedexemp,6652,6600
3120.maritalstatus,***,M
10698.childexemp,27,0
2409.gender,***,M
14457.salary,35071,35000
1994.gender,,M
6725.maritalstatus,M,S
2814.city,AGUS,FAGUS
13966.singleexemp,19,0
6947.salary,75050,75000
14984.singleexemp,59,0
9099.salary,15003,15000
15655.haschild,Y,N
11733.haschild,***,N
1098.lname,Grf,Graf
2387.state,T,CT
14769.haschild,Y,N
4085.singleexemp,43,20
9037.salary,45045,45000
18258.state,A,IA
12850.childexemp,78,0
3159.haschild,zY,Y
18003.lname,Hopcfroft,Hopcroft
12653.phone,,509-6689
11939.rate,.9,3.9
11831.childexemp,1256,1200
8052.city,TOEPKA,TOPEKA
350.state,pWI,WI
10317.phone,,228-8863
11450.singleexemp,35,0
15098.singleexemp,2,0
8933.rate,w1.6365625,1.6365625
444.phone,,720-4264
14297.singleexemp,75,0
16030.maritalstatus,rM,M
5885.marriedexemp,32,0
8478.city,FORT BUCHNAAN,FORT BUCHANAN
11851.singleexemp,1130,1040
10919.maritalstatus,zS,S
10313.state,E,NE
710.city,LLIS GROVE,ELLIS GROVE
8842.state,TM,MT
9317.rate,.34,3.4
18127.phone,233-4625,933-8010
10705.rate,.63,4.63
11134.city,HAILEeY-*,HAILEY-*
10451.maritalstatus,,M
12213.haschild,Y,N
6871.maritalstatus,S,M
7058.childexemp,19,0
19650.state,NJ,NJ-*
1548.city,WASHINGOTN,WASHINGTON
11025.maritalstatus,M,S
11550.singleexemp,54,0
8787.maritalstatus,M,S
12584.phone,,621-9517
12584.city,OWINGSVdILLE,OWINGSVILLE
3295.maritalstatus,***,S
19650.phone,233-4625,485-7986
15553.city,HAMMND,HAMMOND
17365.salary,100015,100000
3182.marriedexemp,15,0
17705.singleexemp,201,103
5205.city,GROTNO,GROTON
11219.state,NJ-*,NJ
8144.salary,80057,80000
15519.childexemp,56,0
18341.city,CROlCKETT,CROCKETT
3473.salary,25005,25000
5874.marriedexemp,73,0
13477.marriedexemp,4253,4200
6178.state,eCO,CO
3457.salary,45014,45000
5022.haschild,,N
18238.state,PsA,PA
13274.maritalstatus,M,S
9484.haschild,***,N
12213.city,CRELOA,CREOLA
7473.maritalstatus,M,S
15207.maritalstatus,***,S
5811.childexemp,1024,1000
15204.gender,,M
4497.singleexemp,99,87
13276.haschild,Y,N
17739.marriedexemp,66,0
4851.childexemp,91,0
16661.salary,30078,30000
19789.phone,,663-2243
18830.haschild,Y,N
6567.state,EM,ME
19375.phone,,653-7743
15362.salary,70009,70000
8264.singleexemp,2172,2100
12309.marriedexemp,58,0
5233.haschild,,N
17917.singleexemp,6,0
17927.phone,,858-7538
17657.haschild,,Y
768.phone,,461-8328
14788.city,WAE,WADE
815.singleexemp,73,0
2485.city,HAMMaOND,HAMMOND
2862.phone,222-8737,115-6076
155.marriedexemp,7,0
10944.gender,,F
6046.lname,Lonnng,Lonning
4592.maritalstatus,***,S
3485.childexemp,9,0
9286.marriedexemp,71,0
2032.state,NJ,WY
101.singleexemp,99,0
18831.haschild,mN,N
2132.lname,Iernardi,Ierardi
6020.state,EM,ME
1108.childexemp,1073,1040
12833.childexemp,92,0
4957.gender,qF,F
17571.childexemp,1442,1370
9400.childexemp,31,0
1917.state,NJ,WY
2381.phone,222-8737,521-4942
19525.maritalstatus,***,S
1762.gender,,F
680.state,NJ,WY
4503.salary,55057,55000
4767.state,TC,CT
12494.childexemp,39,0
6967.city,HoAGERSTOWN,HAGERSTOWN
1921.state,NJ,WY
3565.salary,95046,95000
4405.singleexemp,14,0
994.childexemp,117,110
12806.city,AUULA,HAUULA
12371.phone,,481-2650
3389.singleexemp,76,0
6344.phone,,950-9762
12492.haschild,,Y
13586.gender,,M
12993.haschild,Y,N
3527.salary,60091,60000
1018.marriedexemp,64,0
6314.haschild,,N
13125.haschild,***,N
11205.haschild,Y,N
4757.maritalstatus,,M
5097.rate,q9,9
5913.rate,4o.63,4.63
9881.haschild,***,N
15598.gender,yF,F
2795.state,HN,NH
7158.maritalstatus,aS,S
15396.maritalstatus,,S
5838.city,HAMTPON,HAMPTON
3628.salary,55029,55000
2815.city,HONOLLU,HONOLULU
15355.maritalstatus,,S
3946.gender,gF,F
11907.maritalstatus,M,S
6587.city,PHOEINX,PHOENIX
13135.haschild,Y,N
7710.childexemp,54,0
12400.haschild,Y,N
8061.state,A,IA
5822.maritalstatus,***,M
19948.marriedexemp,20,0
3188.childexemp,80,0
15516.haschild,Y,N
11814.gender,,M
2464.state,NJ,WY
3314.singleexemp,43,0
9782.maritalstatus,M,S
11877.singleexemp,3623,3575
2894.lname,Marwwedel,Marwedel
18126.lname,Bedlel,Bedell
14689.childexemp,19,0
12749.state,A,IA
3367.singleexemp,52,0
18314.state,A,IA
12692.maritalstatus,M,S
14058.lname,Dalu,Daul
10886.lname,eRblewski,Reblewski
692.haschild,***,N
18352.state,I,HI
18129.salary,10012,10000
11083.city,MONTEZUAM,MONTEZUMA
18675.rate,,0
3718.haschild,mN,N
1939.state,NJ,WY
1461.salary,5061,5000
16523.haschild,***,N
16081.gender,***,M
1325.city,HLLECK,HALLECK
17518.rate,2.188541c7,2.1885417
11735.haschild,kN,N
15981.singleexemp,2,0
15934.gender,,F
1596.childexemp,36,0
1931.state,NJ,WY
15210.state,NJ-*,NJ
4989.haschild,,N
11426.childexemp,3128,3100
14237.state,IH,HI
9333.rate,***,6
16955.city,COLTN,COLTON
9342.salary,20053,20000
61.state,CT,NJ
10246.haschild,,Y
3047.childexemp,18,0
18611.phone,,486-4425
11875.maritalstatus,lS,S
18397.lname,Theuretzacher,Theuretzbacher
866.lname,Samaney,Samtaney
12456.gender,sM,M
4721.gender,***,F
8458.rate,,6
3720.marriedexemp,2099,2000
16632.rate,69.,6.9
8983.state,KO,OK
15458.city,GREEWNOOD,GREENWOOD
13818.rate,***,0
895.rate,,9
7841.state,N,IN
4357.salary,90044,90000
12179.lname,Hammelre,Hammerle
3049.gender,oM,M
6159.childexemp,3317,3300
18737.haschild,,Y
469.phone,222-8737,207-7256
15101.marriedexemp,68,40
8321.maritalstatus,M,S
239.salary,10063,10000
520.haschild,N,Y
6465.lname,Capucciajti,Capucciati
12084.phone,,877-7273
10578.city,HOLLITON,HOLLISTON
8332.haschild,***,N
255.phone,222-8737,950-4713
4301.singleexemp,53,0
10482.lname,Meidtanis,Meidanis
9735.maritalstatus,***,M
18593.state,AI,IA
15937.singleexemp,27,0
4508.marriedexemp,1831,1800
16424.maritalstatus,M,S
16135.phone,233-4625,402-7625
13096.city,REYBULL,GREYBULL
4888.marriedexemp,6688,6600
2848.singleexemp,1067,1000
4024.city,GLENVILEL,GLENVILLE
7882.state,HaI,HI
3163.haschild,,Y
14676.rate,.34,3.4
18875.childexemp,4,0
1952.childexemp,25,0
4355.gender,jF,F
10781.salary,25075,25000
15746.city,GUIDL,GUILD
15432.city,BELMROE,BELMORE
17962.marriedexemp,6686,6600
12323.singleexemp,73,0
3966.marriedexemp,13,0
6997.gender,gM,M
18267.childexemp,63,0
10335.rate,,6
10660.singleexemp,69,0
11422.singleexemp,2078,2000
11389.city,HAIU-*,HAIKU-*
8394.gender,***,M
15040.phone,,397-3233
10380.state,I,HI
2979.childexemp,39,0
11248.singleexemp,60,0
16424.childexemp,65,0
13454.maritalstatus,M,S
12259.phone,,860-4175
2294.lname,Hotzle,Hotzel
8867.city,ACTANO,CATANO
2467.salary,40099,40000
16060.childexemp,1005,1000
684.lname,Wavrk,Wavrik
16409.state,A,IA
5799.singleexemp,12813,12750
6807.lname,Krackhardst,Krackhardt
8734.phone,,953-9339
11516.salary,90031,90000
17652.gender,,M
3013.marriedexemp,107,80
18707.phone,,674-9418
18882.childexemp,65,0
14915.state,NJ-*,NJ
6371.singleexemp,1373,1300
14182.maritalstatus,M,S
4742.rate,,0
7327.rate,***,0
5013.childexemp,93,0
1045.gender,vM,M
6799.state,AP,PA
9788.marriedexemp,21,0
19242.city,HAGERTOWN,HAGERSTOWN
14052.state,T,MT
19527.childexemp,3376,3300
18961.rate,j0,0
7718.state,WlV,WV
1511.salary,5071,5000
144.marriedexemp,67,0
19765.gender,***,M
9717.city,EVASVILLE,EVANSVILLE
5119.state,SK,KS
14220.singleexemp,42,0
15108.state,H,NH
14350.maritalstatus,sM,M
6994.state,O,CO
18097.haschild,Y,N
16710.maritalstatus,***,M
12415.city,HAxNALEI,HANALEI
9997.salary,30054,30000
5115.gender,***,F
2317.childexemp,68,0
12595.maritalstatus,M,S
12352.gender,***,M
14771.haschild,sN,N
16817.state,TM,MT
14046.salary,15095,15000
19075.state,OM,MO
3168.state,NJ,WY
6055.singleexemp,71,0
6441.rate,,5
15934.rate,k0,0
9932.marriedexemp,90,0
17798.state,A,IA
17260.haschild,***,N
4702.haschild,,Y
8787.childexemp,69,0
9656.childexemp,60,0
15414.childexemp,164,159
13349.haschild,iN,N
4665.phone,,262-9792
12401.haschild,***,Y
8356.city,ASLCHA,SALCHA
3877.childexemp,79,0
11972.childexemp,1282,1200
4939.city,GREENVILE,GREENVILLE
12403.maritalstatus,***,M
13837.salary,55041,55000
18571.maritalstatus,,S
6762.phone,,609-8910
11860.city,AILEY-*,HAILEY-*
7088.maritalstatus,M,S
13899.singleexemp,74,0
8460.phone,,781-3950
5726.singleexemp,24,0
11303.maritalstatus,M,S
14162.haschild,Y,N
7629.maritalstatus,,M
18847.state,NJ-*,NJ
2713.state,NJ,WY
1339.phone,222-8737,245-2943
10546.childexemp,66,0
8267.rate,l0,0
5699.salary,50094,50000
17171.city,HALLTaOWN,HALLTOWN
16354.phone,,858-6657
18380.city,JUANA IDAZ,JUANA DIAZ
9664.phone,,765-2109
5946.gender,***,F
1114.state,NJ,WY
14909.lname,Covyou,Coveyou
3497.state,NJ,WY
19757.salary,15037,15000
12239.salary,30054,30000
4743.city,FONATNA,FONTANA
16306.childexemp,64,0
10666.phone,,963-2055
10463.state,IH,HI
13213.rate,,0
1578.maritalstatus,aM,M
2125.gender,***,F
12949.marriedexemp,1,0
14803.childexemp,3367,3300
392.city,BELL CIThY,BELL CITY
4202.haschild,pY,Y
10324.rate,4.45,4.475
19498.city,OUMA,HOUMA
12551.singleexemp,45,0
10468.city,MAY,MACY
2437.singleexemp,73,0
5488.city,BUhIES CREEK,BUIES CREEK
13374.maritalstatus,M,S
1429.marriedexemp,6684,6600
7570.maritalstatus,M,S
18510.city,SEDGWIuCK,SEDGWICK
10753.phone,,996-3512
9351.rate,.5,6.5
10477.salary,80087,80000
338.maritalstatus,,S
18991.singleexemp,99,0
18338.state,Y,NY
15322.singleexemp,55,0
6518.rate,i7.8,7.8
17446.salary,70066,70000
19245.salary,10035,10000
2886.singleexemp,62,0
11414.childexemp,482,400
4569.phone,,172-6642
413.gender,,M
6002.city,WALAGRASS,WALLAGRASS
18660.haschild,Y,N
16801.childexemp,71,0
3987.childexemp,63,0
19959.lname,Ebankns,Ebanks
14070.haschild,,Y
6803.state,vAR,AR
15012.gender,***,F
1636.phone,,282-5748
7710.maritalstatus,M,S
17702.childexemp,74,0
6932.salary,60046,60000
18160.lname,Sandka,Sandak
18617.singleexemp,16,0
16697.state,LcA,LA
14329.phone,,813-6739
3073.state,IR,RI
18505.childexemp,19,0
15566.maritalstatus,M,S
11467.city,MEDFzORD,MEDFORD
6413.childexemp,21,0
13759.phone,,481-7347
10278.city,CONSTANTA,CONSTANTIA
1790.lname,Hawrsyzkiewycz,Hawryszkiewycz
983.phone,222-8737,868-7188
13975.state,IH,HI
16772.city,fHARTFORD,HARTFORD
18136.lname,Matroe,Matrone
5248.singleexemp,49,0
14141.city,HMAPTON,HAMPTON
6482.lname,Spinnevy,Spinney
11389.singleexemp,74,0
13863.childexemp,3312,3300
18488.lname,Plieggi,Pileggi
620.childexemp,7,0
4009.city,SPRINGpFIELD,SPRINGFIELD
16365.maritalstatus,M,S
15556.maritalstatus,M,S
6982.childexemp,42,0
19174.phone,,447-5572
19504.haschild,Y,N
3633.haschild,***,Y
5705.salary,10029,10000
5482.childexemp,2011,2000
7458.lname,Amadi,Amaldi
11441.haschild,lY,Y
4988.salary,65006,65000
17854.state,LA,AL
15155.phone,,778-6242
2166.state,NJ,WY
17898.childexemp,38,20
8186.singleexemp,47,0
2282.rate,o3.4,3.4
378.childexemp,1093,1040
11078.marriedexemp,66,0
12940.state,A,MA
6423.rate,,7
6068.phone,,442-3831
19156.city,AILEY,HAILEY
4513.lname,Rufof,Ruffo
16607.city,GUANYABO,GUAYNABO
7579.city,CORzA,CORA
16798.rate,53.,5.3
8280.marriedexemp,76,0
19491.rate,2.451c245,2.451245
16705.city,GUAYNAO,GUAYNABO
9923.marriedexemp,46,0
15242.marriedexemp,8,0
14486.marriedexemp,56,0
6116.childexemp,4,0
4617.singleexemp,145,110
16537.childexemp,47,0
3993.phone,,324-8174
10687.salary,55009,55000
12192.maritalstatus,rS,S
57.rate,.69,6.9
1372.haschild,***,Y
8693.lname,odoff,Bodoff
12021.state,NJ-*,NJ
15445.phone,494-5129,596-6068
8086.gender,,F
13971.maritalstatus,pS,S
19374.maritalstatus,***,M
7618.city,PHENIX,PHOENIX
13620.gender,,M
13405.phone,,890-2459
9927.singleexemp,3322,3300
1305.phone,222-8737,767-9194
19463.city,MNDEN,MINDEN
5009.rate,,0
17257.salary,20015,20000
12811.lname,Heljaynko,Heljanko
10315.marriedexemp,133,40
15758.city,ISAEBLLA,ISABELLA
8279.singleexemp,42,0
17284.salary,10071,10000
9347.gender,***,M
11594.salary,80016,80000
16481.marriedexemp,49,0
13199.gender,vM,M
11372.city,NAUTRITA,NATURITA
18915.childexemp,79,0
15968.marriedexemp,31,0
3304.rate,.3,5.3
3915.phone,222-8737,850-1985
15585.gender,***,M
4519.childexemp,300,272
1291.phone,222-8737,525-6454
9702.maritalstatus,,S
16902.phone,,106-4820
15088.haschild,iY,Y
5113.haschild,,Y
2865.haschild,***,N
8235.marriedexemp,16,0
6465.maritalstatus,M,S
7471.city,GUNNISON***,GUNNISON
11727.maritalstatus,M,S
14020.salary,50074,50000
4688.singleexemp,15,0
7190.haschild,wN,N
7268.marriedexemp,59,0
4872.childexemp,58,0
15798.salary,75082,75000
13936.singleexemp,22,20
5961.phone,,209-5090
2325.phone,222-8737,537-4644
12378.marriedexemp,4086,4000
7075.maritalstatus,rS,S
18471.marriedexemp,68,0
8440.city,WAHINGTON,WASHINGTON
15197.rate,.825,8.25
68.rate,,0
2684.state,NJ,WY
8919.marriedexemp,4025,4000
2731.haschild,,Y
5174.rate,***,3
16207.maritalstatus,***,M
17099.childexemp,14,0
11739.singleexemp,3342,3300
13761.singleexemp,19,0
13628.maritalstatus,M,S
1182.gender,,M
18475.rate,***,0
3489.marriedexemp,92,0
13015.state,I,HI
18351.lname,Aboutalb,Aboutabl
5403.state,MN,NM
10803.singleexemp,37,0
18365.childexemp,52,0
16750.state,SK,KS
15419.maritalstatus,iS,S
565.maritalstatus,,M
17774.childexemp,372,272
8157.gender,dF,F
7609.city,MORmONI,MORONI
8781.lname,Deekyser,Dekeyser
2225.salary,80046,80000
16603.haschild,***,N
18540.city,SNA JUAN,SAN JUAN
9513.singleexemp,88,0
6061.gender,sF,F
12964.lname,Hbagimont,Hagimont
8066.rate,***,0
11706.city,UGAYNABO,GUAYNABO
17265.state,lIA,IA
5246.singleexemp,47,0
10877.phone,,180-1448
4006.phone,222-8737,214-6984
6458.lname,rKoha,Kroha
8623.maritalstatus,M,S
10972.lname,Kestler,Kesler
1628.childexemp,24,0
1711.marriedexemp,4542,4500
8962.childexemp,52,0
1499.phone,222-8737,670-3290
9816.lname,Eycre,Eyre
15461.maritalstatus,***,M
19632.state,AI,IA
17277.state,IH,HI
12277.maritalstatus,cS,S
2114.phone,222-8737,846-6860
7983.rate,39,3.9
2139.lname,Clgeg,Clegg
9463.childexemp,2851,2850
19845.singleexemp,67,0
4644.childexemp,31,0
18016.phone,,876-1388
2156.phone,,575-6243
18342.state,HxI,HI
11671.maritalstatus,M,S
13823.marriedexemp,89,0
19511.lname,McCy,McCoy
3492.childexemp,4,0
16813.lname,Rosendsale,Rosendale
10607.city,IROeQUOIS,IROQUOIS
16302.gender,,M
6146.childexemp,29,0
15063.childexemp,33,0
7746.singleexemp,54,0
4082.salary,90096,90000
1478.city,EMETT,EMMETT
1014.singleexemp,14,0
13759.lname,Cornasrd,Cornard
16127.gender,,M
9055.lname,Behrehndt,Behrendt
13449.gender,aF,F
9451.haschild,oN,N
5219.gender,sF,F
4321.singleexemp,31,0
14385.singleexemp,90,0
12890.salary,25057,25000
12082.salary,40008,40000
2137.gender,eM,M
12800.rate,***,7
17383.haschild,tN,N
18307.maritalstatus,,M
13186.salary,65089,65000
18712.salary,45033,45000
16072.city,CASCdADE,CASCADE
6986.singleexemp,59,0
13718.state,ZA,AZ
9777.haschild,***,N
3353.state,NJ,WY
1426.lname,Hubnber,Hubbner
291.phone,222-8737,411-7553
18053.lname,Miilcic,Milicic
17116.lname,Saxtson,Saxton
17871.marriedexemp,88,0
12074.childexemp,442,400
13961.rate,f0,0
2610.singleexemp,49,0
5747.rate,2.8421504,2.8421054
9097.gender,sF,F
16765.salary,75029,75000
13679.childexemp,1097,1000
19250.state,AI,IA
7187.maritalstatus,M,S
13426.lname,nlauff,Anlauff
13069.city,YNN,LYNN
17034.singleexemp,46,0
12934.rate,.575,5.75
144.gender,sF,F
7542.singleexemp,43,0
11172.gender,,F
6164.childexemp,1090,1040
17757.singleexemp,35,0
17231.city,AqUGUSTA,AUGUSTA
2599.phone,222-8737,103-8790
16128.city,MC GrREGOR,MC GREGOR
6249.rate,n0,0
3999.phone,222-8737,572-1167
5218.singleexemp,81,0
10887.haschild,***,N
19359.haschild,aY,Y
19709.haschild,,N
14973.city,HAAPEPE,HANAPEPE
11390.maritalstatus,***,M
2977.rate,1.94u07895,1.9407895
5337.rate,4.i5,4.5
17421.marriedexemp,3869,3800
1371.rate,38.75,3.875
1908.childexemp,18,0
13855.city,CiOLFAX,COLFAX
11239.singleexemp,35,0
15978.phone,,769-1565
7049.singleexemp,101,20
8275.rate,78.,7.8
4543.gender,vM,M
11468.childexemp,1009,1000
18518.marriedexemp,36,0
3537.phone,222-8737,336-6135
11555.haschild,Y,N
1606.state,HO,OH
4019.maritalstatus,***,S
17047.haschild,lY,Y
15189.city,OIZA,LOIZA
10610.gender,rF,F
16791.gender,***,M
11099.gender,***,M
5494.childexemp,2,0
13087.rate,z6,6
12280.haschild,***,N
16683.state,SM,MS
230.state,MkS,MS
1850.singleexemp,97,0
2923.city,HAGERSTONW,HAGERSTOWN
13047.maritalstatus,***,M
9667.salary,55074,55000
6354.rate,1.3826k939,1.3826939
15976.singleexemp,2138,2100
12532.maritalstatus,iM,M
18105.state,HgI,HI
9636.singleexemp,12,0
12673.city,ALBUQUERUQE,ALBUQUERQUE
12985.haschild,***,Y
3549.gender,***,M
6751.gender,***,M
17616.rate,2.881s8183,2.8818183
8580.phone,,609-6883
18523.childexemp,39,0
8569.haschild,qY,Y
4474.lname,Spnk,Spink
8832.city,GUNLvOCK,GUNLOCK
9117.childexemp,69,0
2537.rate,***,7
19013.salary,85063,85000
15593.lname,Riis,Risi
10575.state,aRI,RI
12645.haschild,Y,N
10821.haschild,eN,N
13680.marriedexemp,4276,4200
5152.city,KEKAgHA,KEKAHA
299.maritalstatus,,S
4738.phone,,274-4994
17627.marriedexemp,6697,6600
12974.marriedexemp,1810,1800
5385.city,PICBAO,PICABO
10481.state,IiA,IA
18700.state,HzI,HI
852.salary,10006,10000
1652.childexemp,74,0
10215.state,H,OH
9110.marriedexemp,12092,12000
7338.maritalstatus,M,S
17785.maritalstatus,lM,M
11342.marriedexemp,2,0
18268.rate,,0
11810.salary,15034,15000
2517.phone,222-8737,162-3120
10227.maritalstatus,M,S
1107.haschild,***,N
15851.lname,oGan,Goan
5472.lname,Bellegem,Belleghem
11300.state,ME,NY
1943.singleexemp,91,0
13299.marriedexemp,24,0
4159.phone,,546-8474
15727.state,I,HI
1325.marriedexemp,53,0
7290.gender,qF,F
9303.maritalstatus,M,S
16389.phone,,621-3442
14200.maritalstatus,,S
12864.salary,10083,10000
5246.childexemp,46,0
11009.singleexemp,13,0
11839.lname,uAtin,Autin
16890.state,A,IA
78.rate,o5,5
14140.phone,,171-2034
7946.rate,1p.4,1.4
1170.marriedexemp,232,220
15565.state,D,MD
884.singleexemp,48,0
3307.gender,,F
15680.city,ALEIWA,HALEIWA
8076.singleexemp,96,0
15622.singleexemp,57,0
17913.childexemp,47,0
51.singleexemp,1995,1900
9433.city,CAMtPO,CAMPO
19382.lname,Pries,Paries
3668.singleexemp,98,0
4733.singleexemp,32,0
14797.salary,10020,10000
2289.phone,222-8737,479-1436
10881.maritalstatus,M,S
429.lname,Berqvits,Berqvist
19537.phone,233-4625,507-3755
15314.gender,,F
9605.maritalstatus,M,S
685.phone,222-8737,766-3360
8949.lname,Petterson,Pettersson
8225.childexemp,75,20
4198.lname,Gundrson,Gunderson
8259.phone,,703-9758
8224.state,AP,PA
5444.marriedexemp,52,0
18966.haschild,cY,Y
17024.state,IH,HI
18602.city,HLOMAN,HOLMAN
17507.gender,yM,M
14970.lname,Leinwad,Leinwand
4945.rate,j0,0
14412.haschild,kY,Y
19832.rate,46.3,4.63
19323.state,OM,MO
18127.state,NJ-*,NJ
17199.haschild,***,Y
10969.haschild,Y,N
19372.state,iTN,TN
8490.childexemp,68,0
19006.lname,Cn,Can
15669.marriedexemp,1859,1800
12290.salary,20047,20000
17504.phone,,722-2649
250.state,NJ,WY
7922.gender,***,F
17117.phone,233-4625,541-4225
16663.childexemp,83,0
5823.haschild,***,Y
14654.state,I,RI
19826.phone,,906-6373
11639.lname,Sekneviratne,Seneviratne
17455.salary,90077,90000
4596.childexemp,32,0
18398.phone,,211-1882
641.phone,222-8737,608-8576
1075.phone,,605-6252
11680.state,uWI,WI
16212.haschild,***,N
1993.city,EWSTPORT,WESTPORT
9521.salary,45043,45000
18005.childexemp,31,0
19323.marriedexemp,4239,4200
15342.marriedexemp,76,0
17286.maritalstatus,,S
8.gender,cM,M
394.haschild,,N
18784.childexemp,96,0
11335.childexemp,78,0
17952.gender,,F
4087.gender,,M
990.phone,222-8737,868-7188
116.rate,.8,5.8
15001.state,I,RI
4536.singleexemp,63,0
5728.gender,yF,F
10885.maritalstatus,M,S
8297.childexemp,58,0
8332.childexemp,7,0
15751.state,AI,IA
8978.lname,Juepneman,Jueneman
13815.rate,,6
10296.singleexemp,42,0
2873.marriedexemp,43,0
15472.singleexemp,91,0
9828.gender,xM,M
16500.marriedexemp,7249,7150
5366.city,OBY,ROBY
13608.childexemp,88,0
13645.lname,Reee,Reese
7263.city,DOUGLAfS,DOUGLAS
1671.phone,,965-7776
17734.childexemp,4,0
5563.lname,Reddxi,Reddi
2844.lname,Petrouias,Petrounias
7858.marriedexemp,5775,5700
17664.maritalstatus,dM,M
16178.haschild,Y,N
17921.haschild,,N
381.rate,39.,3.9
5634.city,REvWEY,REWEY
11387.marriedexemp,401,318
12508.singleexemp,35,0
5861.gender,,M
16899.marriedexemp,38,0
5980.childexemp,22,0
9821.city,jGUAYNABO,GUAYNABO
14251.lname,jKaye,Kaye
17601.city,DELIGvHT,DELIGHT
6826.salary,85097,85000
8900.salary,90037,90000
4563.gender,***,M
18922.haschild,Y,N
14608.state,AI,IA
12042.city,GREENVILE,GREENVILLE
16127.phone,,156-9231
15425.city,AdLBRIGHT,ALBRIGHT
17134.gender,,M
1187.phone,222-8737,663-9488
8712.city,PILOT RGOVE,PILOT GROVE
13148.salary,10072,10000
9289.city,GREENVIdLLE,GREENVILLE
1574.childexemp,27,0
14284.lname,Riine,Rine
13663.singleexemp,74,0
4690.marriedexemp,4297,4200
12575.gender,,F
2830.phone,222-8737,925-1228
12321.city,HARTFORiD,HARTFORD
11336.state,gIA,IA
9861.singleexemp,2009,2000
9514.rate,3.7777777***,3.7777777
7622.salary,65046,65000
13307.singleexemp,46,0
1804.city,ALBUUQERQUE,ALBUQUERQUE
14076.city,GRENVILLE,GREENVILLE
6499.rate,***,5
16498.haschild,***,N
17213.lname,Poupadr,Poupard
947.childexemp,1031,1000
18501.childexemp,23,0
16061.salary,75074,75000
16852.lname,Spackman,Sackman
3137.state,NJ,WY
4798.state,AI,IA
16342.state,CaO,CO
9398.maritalstatus,qS,S
10437.rate,.9004214,3.9004214
12331.rate,4.438333,4.483333
792.maritalstatus,***,S
17454.maritalstatus,,M
17843.singleexemp,1374,1370
18165.childexemp,57,20
2698.marriedexemp,70,40
10674.gender,,F
7212.singleexemp,46,0
17563.maritalstatus,,M
17062.haschild,Y,N
5077.singleexemp,88,0
12391.haschild,Y,N
10735.phone,,576-3324
16292.city,HILDAeLE,HILDALE
4168.haschild,,N
15364.haschild,Y,N
9165.phone,,689-2399
18850.lname,Hassne,Hassen
3575.phone,222-8737,254-4061
516.lname,Agot,Angot
7493.state,A,MA
1001.haschild,N,Y
17949.maritalstatus,aM,M
19591.gender,***,M
6886.childexemp,1256,1200
13059.haschild,Y,N
14915.phone,494-5129,311-4531
9787.rate,6.5,6.45
2010.rate,53,5.3
6677.maritalstatus,M,S
9155.childexemp,19,0
14126.city,WRANER,WARNER
5977.city,PITTSVILLE***,PITTSVILLE
13618.singleexemp,1426,1370
17773.rate,***,6
13439.haschild,rY,Y
641.gender,dM,M
5922.city,KOOTENpAI,KOOTENAI
4109.state,D,ND
17125.childexemp,69,0
5849.gender,,F
12625.lname,auceri,Mauceri
18922.city,HANCEVLLE,HANCEVILLE
2750.singleexemp,9,0
13397.state,hIA,IA
15455.city,NORTH SMIHTFIELD,NORTH SMITHFIELD
11090.childexemp,37,0
13288.childexemp,76,0
12612.salary,50014,50000
606.lname,Braoos,Broos
3015.childexemp,71,0
17585.gender,mF,F
18114.city,GREENVIjLLE,GREENVILLE
13619.rate,6.25993,6.256993
3098.childexemp,53,0
5640.gender,***,M
7232.maritalstatus,M,S
17091.maritalstatus,jS,S
13270.haschild,Y,N
13457.singleexemp,42,0
9296.haschild,***,Y
13413.haschild,Y,N
10079.gender,,M
4611.marriedexemp,79,0
6769.city,PUNOTEAGUE,PUNGOTEAGUE
19670.lname,Lmanneluc,Lanneluc
19503.haschild,iY,Y
5465.childexemp,6,0
2392.city,BRNGHURST,BRINGHURST
7618.maritalstatus,tS,S
12572.phone,,857-3585
3305.lname,Goodon,Goodson
15955.phone,233-4625,282-8374
8501.maritalstatus,,M
7933.haschild,gY,Y
18424.rate,l6.010166,6.010166
8975.marriedexemp,94,0
13836.state,NJ-*,NJ
12959.state,aIA,IA
2121.singleexemp,42,0
14912.haschild,,N
5231.haschild,sN,N
11202.lname,Verrxuijt,Verruijt
18207.salary,15100,15000
18949.phone,,551-3189
19838.childexemp,74,0
18310.salary,70070,70000
15388.lname,Sihab,Shihab
13990.marriedexemp,20,0
2349.childexemp,84,0
15716.singleexemp,77,0
5726.state,NJ*-,NJ-*
5818.childexemp,3306,3300
16879.city,MEQSUITE,MESQUITE
6419.state,IyA,IA
11620.singleexemp,75,0
6965.rate,4k.63,4.63
2564.phone,222-8737,814-9749
546.maritalstatus,lM,M
15827.city,HANAEPPE,HANAPEPE
5583.rate,t9,9
2601.state,NJ,WY
5514.singleexemp,2448,2400
1946.maritalstatus,***,M
1249.state,NJ,WY
19999.haschild,Y,N
4796.maritalstatus,***,S
5604.state,A,IA
12234.haschild,Y,N
4754.state,HvI,HI
14189.haschild,***,Y
3877.singleexemp,25,0
443.city,WASINGTON,WASHINGTON
2749.maritalstatus,iM,M
5339.childexemp,1034,1000
5244.singleexemp,45,0
2134.salary,35030,35000
7982.marriedexemp,16,0
10589.haschild,Y,N
8831.gender,lF,F
12983.phone,,523-8465
19271.childexemp,82,0
2939.phone,222-8737,847-9873
16070.marriedexemp,98,0
3568.gender,nF,F
13470.childexemp,2471,2400
1062.haschild,***,N
12232.city,GREENaVILLE,GREENVILLE
4678.singleexemp,75,0
8397.city,GUANIAC,GUANICA
19805.maritalstatus,aM,M
13638.childexemp,78,0
12320.gender,***,F
19332.lname,Ashfiled,Ashfield
556.state,NJ,WY
16380.gender,***,F
11007.singleexemp,86,0
3806.marriedexemp,3026,3000
4786.phone,,907-9585
18349.rate,.9,3.9
19160.maritalstatus,,S
12817.phone,,330-5833
15615.state,Y,NY
17117.state,NJ-*,NJ
14978.salary,15071,15000
19619.haschild,***,N
19545.salary,15056,15000
1526.state,IH,HI
14389.maritalstatus,M,S
8321.childexemp,25,0
15597.gender,,F
18059.salary,5054,5000
9055.singleexemp,10,0
16543.state,R,AR
15445.state,NJ-*,NJ
4735.marriedexemp,6700,6600
4871.city,HAPMTON,HAMPTON
897.marriedexemp,6684,6600
12663.maritalstatus,***,S
4925.maritalstatus,rM,M
15096.lname,Bodya,Boday
11870.singleexemp,82,0
2122.city,URNS,BURNS
14023.marriedexemp,62,0
14778.city,ROLA,ROLLA
149.childexemp,28,0
5787.lname,Nonnemacher,Nonnenmacher
12828.maritalstatus,***,M
1106.rate,8.w5,8.5
15048.haschild,Y,N
8474.lname,Rnaskhodnikova,Raskhodnikova
12267.gender,***,F
18530.singleexemp,22,0
13267.singleexemp,92,0
3335.lname,Pukrayastha,Purkayastha
9950.city,hHAIKU-*,HAIKU-*
8026.state,I,HI
7309.state,MqA,MA
5349.state,HfI,HI
13192.salary,80056,80000
6469.childexemp,43,0
11765.singleexemp,45,0
19584.state,AI,IA
17321.phone,,843-1203
4122.rate,,0
8642.phone,,155-3632
7588.state,D,ND
3670.gender,***,M
3047.phone,222-8737,521-7299
4298.singleexemp,26,0
7239.lname,Rvindranathan,Ravindranathan
925.rate,3.j9,3.9
9212.maritalstatus,M,S
8932.gender,***,M
202.gender,iM,M
11901.singleexemp,58,0
19412.gender,,M
17793.salary,95034,95000
19587.phone,,494-1289
13228.haschild,Y,N
6942.phone,,726-6496
18928.lname,Gauemeier,Gausemeier
14115.salary,50054,50000
13219.phone,,362-5286
3874.childexemp,15,0
13340.lname,orslund,Forslund
10453.rate,,0
10474.phone,,416-8870
7632.singleexemp,2003,2000
5021.maritalstatus,***,M
85.gender,oM,M
15359.lname,eedon,Weedon
10264.phone,,280-8027
2985.salary,5047,5000
15919.phone,,578-4064
4163.lname,Bersard,Berard
3467.childexemp,84,0
18181.phone,,729-6858
12410.city,REENVILLE,GREENVILLE
17414.city,HqALSEY,HALSEY
13753.city,PLAThTEVILLE,PLATTEVILLE
7662.childexemp,4,0
3090.rate,j5,5
2028.gender,rF,F
15815.lname,Drewnowrski,Drewnowski
18685.city,AMRTELL,MARTELL
19906.childexemp,44,0
9289.state,IwA,IA
17248.rate,34.,3.4
12075.haschild,Y,N
18800.state,KO,OK
18707.childexemp,11,0
6167.city,DES OMINES,DES MOINES
19375.childexemp,63,0
18545.haschild,Y,N
19195.haschild,Y,N
3346.singleexemp,2014,2000
583.haschild,N,Y
2246.childexemp,60,0
12276.city,CROSS PLAISN,CROSS PLAINS
1866.state,NJ,WY
6821.rate,64.5,6.45
2161.phone,222-8737,877-7999
14480.maritalstatus,M,S
15408.gender,cM,M
744.phone,222-8737,868-7188
13351.maritalstatus,,S
678.phone,,561-3383
15955.state,NJ-*,NJ
9385.city,ASBUeRY,ASBURY
19692.marriedexemp,100,0
8297.singleexemp,13,0
17886.lname,epage,Lepage
14551.rate,2.5a778654,2.5778654
10520.singleexemp,3305,3300
18099.city,MC ADMS,MC ADAMS
9902.marriedexemp,7,0
5515.maritalstatus,,S
7821.childexemp,2942,2850
5535.singleexemp,25,0
7746.lname,Kabka,Kabuka
12884.maritalstatus,M,S
1120.rate,m6,6
7993.phone,,656-9405
6825.phone,,466-6985
19907.lname,Vetze,Vietze
12515.state,VN,NV
15467.gender,lM,M
6080.state,LI,IL
7678.maritalstatus,,M
809.phone,,403-5554
7728.salary,70023,70000
12260.salary,100092,100000
4346.rate,,5
15943.singleexemp,3340,3300
5312.singleexemp,53,0
2395.phone,222-8737,556-6636
15353.rate,y5,5
15102.gender,,M
7855.childexemp,44,0
784.marriedexemp,67,0
12684.childexemp,33,0
8166.maritalstatus,M,S
11868.phone,,594-6953
19274.childexemp,17,0
12290.singleexemp,90,0
12158.haschild,***,N
768.marriedexemp,12,0
12230.state,HtI,HI
9073.gender,,F
6767.gender,mF,F
12091.maritalstatus,,M
16052.childexemp,27,0
11803.haschild,Y,N
470.state,JN,NJ
2837.phone,,944-8512
14804.city,ROEuBLING,ROEBLING
18100.singleexemp,79,0
1784.state,NI,IN
11676.lname,anne,Lanne
17611.childexemp,62,0
8096.maritalstatus,***,M
11852.city,GREEVNILLE,GREENVILLE
16153.gender,,F
14961.childexemp,54,0
2677.marriedexemp,65,0
14862.city,CHARLETSOWN,CHARLESTOWN
6804.phone,,218-1667
19066.state,AI,IA
12315.marriedexemp,2614,2600
6210.city,CLERMOcNT,CLERMONT
9720.childexemp,3387,3300
17336.maritalstatus,***,M
16393.childexemp,91,0
11932.salary,10004,10000
10921.lname,aPrmelee,Parmelee
1144.phone,,203-9858
2308.city,TONALA,TONALEA
7149.phone,,114-9360
11412.phone,,843-6323
13601.haschild,***,Y
2690.lname,Juvaln,Juvan
10128.rate,1.04b39488,1.0439488
8647.rate,.39,3.9
8610.maritalstatus,,M
16137.rate,***,5
16284.phone,,796-8482
17921.city,OSUTH HEIGHTS,SOUTH HEIGHTS
4497.rate,9r.3,9.3
612.state,NJ,WY
2833.state,NJ,WY
17728.haschild,Y,N
6050.city,HALScEY,HALSEY
3094.state,A,CA
13282.childexemp,1025,1000
2034.state,NJ,WY
14340.lname,Mqoharir,Moharir
8454.city,PICKREINGTON,PICKERINGTON
5523.gender,,F
8839.marriedexemp,334,318
6523.rate,28818183,2.8818183
17134.state,A,IA
13142.maritalstatus,***,M
8485.maritalstatus,,S
11206.phone,,356-2487
13101.city,HUNTNIGTON,HUNTINGTON
6982.maritalstatus,M,S
14711.gender,dM,M
2334.state,NJ,WY
10541.lname,sAcevedo,Acevedo
9858.salary,90031,90000
10022.maritalstatus,,S
5595.marriedexemp,121,40
3902.salary,5061,5000
7529.phone,,172-1935
10798.haschild,,N
7074.salary,90032,90000
10868.rate,.25,6.25
5794.singleexemp,29,0
19646.marriedexemp,96,0
4276.rate,.9,6.9
17473.singleexemp,19,0
2634.gender,,M
10928.rate,m3,3
15288.phone,494-5129,446-6477
13365.maritalstatus,***,M
17080.haschild,,Y
15575.phone,,601-3466
10707.singleexemp,3,0
10110.childexemp,37,0
6970.state,AI,IA
8097.phone,,737-6235
11332.city,HADDOKC,HADDOCK
18957.singleexemp,150,103
12586.marriedexemp,2016,2000
3609.state,I,RI
10056.singleexemp,706,700
8196.lname,Nboel,Nobel
722.childexemp,24,0
16727.city,BAUXIET,BAUXITE
8644.salary,20053,20000
8317.phone,,394-8785
211.maritalstatus,***,M
17371.phone,,990-1322
9885.lname,aHlkin,Halkin
17555.haschild,wY,Y
7657.lname,Zazansi,Zazanis
8723.marriedexemp,48,0
5714.phone,,725-7591
16603.gender,rM,M
18797.state,rPR,PR
3488.haschild,***,Y
11904.city,GREENWOOD SPRIGS,GREENWOOD SPRINGS
11885.gender,,M
4745.city,CROUSEVILEL,CROUSEVILLE
7145.state,kNV,NV
16626.marriedexemp,89,0
8511.lname,Giacbazzi,Giacobazzi
7736.state,TV,VT
14206.singleexemp,12,0
4555.rate,f0,0
7361.gender,,F
2891.haschild,,Y
13638.rate,,0
13728.state,NJ-*,NJ
7600.haschild,***,N
17284.childexemp,99,0
14181.maritalstatus,,S
13901.singleexemp,31,0
9338.lname,Hadot,Haudot
5176.state,NC,RI
16081.maritalstatus,M,S
11089.marriedexemp,69,0
6206.gender,yM,M
17961.haschild,,N
3570.gender,,F
10419.haschild,Y,N
1128.marriedexemp,24561,24500
7828.maritalstatus,M,S
12221.lname,Srkronn,Skronn
15523.state,XT,TX
16985.haschild,,Y
1000.city,FRANrKLIN,FRANKLIN
7308.state,IvN,IN
2508.haschild,iN,N
7310.haschild,,N
2965.singleexemp,2749,2700
17040.haschild,Y,N
13225.state,IdA,IA
5158.maritalstatus,aM,M
10844.childexemp,84,0
352.singleexemp,82,0
18758.singleexemp,6,0
15584.salary,30013,30000
18920.lname,Ppe,Pepe
5862.gender,***,F
781.state,AsR,AR
18017.lname,Tomassinni,Tomassini
13622.haschild,Y,N
17172.state,A,IA
19537.state,NJ-*,NJ
7050.city,GREENiVILLE,GREENVILLE
15702.city,HuOONAH,HOONAH
86.haschild,zN,N
16841.singleexemp,32,0
7134.childexemp,3026,3000
8153.city,WASILpLA,WASILLA
7523.city,SAN JUNA,SAN JUAN
8232.state,XT,TX
16497.state,NM,MN
10279.childexemp,95,0
15325.haschild,***,N
6395.childexemp,1538,1500
5042.haschild,gN,N
12857.childexemp,24,0
12566.childexemp,16,0
8490.singleexemp,87,0
10304.gender,,M
1195.salary,80038,80000
3784.haschild,,Y
7921.childexemp,10,0
10125.gender,eM,M
13391.singleexemp,33,0
15038.rate,7.457273,7.4572573
1481.haschild,cN,N
10362.lname,ance,Lance
13985.singleexemp,96,0
19473.city,DSINEY,DISNEY
6221.state,IH,HI
10064.childexemp,3303,3300
5918.city,WINTERILLE,WINTERVILLE
15722.state,T,CT
13619.lname,racia,Gracia
1743.singleexemp,3189,3100
1355.phone,,614-8658
9732.singleexemp,34,0
13935.lname,Dybjre,Dybjer
6382.salary,55005,55000
15808.phone,,850-3968
15658.marriedexemp,9014,9000
19543.haschild,Y,N
5870.maritalstatus,***,M
3416.phone,222-8737,638-6668
3000.state,K,OK
15496.lname,Mukstadt,Muckstadt
17185.haschild,Y,N
2378.phone,222-8737,303-2026
15891.gender,,M
19226.gender,,F
17035.salary,75076,75000
2211.phone,222-8737,939-4966
19084.childexemp,56,0
12847.maritalstatus,M,S
1299.haschild,aY,Y
15318.childexemp,1434,1370
17142.phone,,410-1639
6345.haschild,wN,N
13337.childexemp,97,0
17563.phone,,922-3441
397.haschild,N,Y
7971.gender,uM,M
6410.salary,15007,15000
18961.marriedexemp,47,0
15476.state,gHI,HI
624.phone,,219-1338
12698.rate,y5,5
3511.rate,645,6.45
17761.state,A,IA
7396.phone,,205-4984
10717.haschild,wN,N
13987.salary,30049,30000
8982.marriedexemp,2788,2740
12016.phone,,113-2529
14150.haschild,Y,N
2846.rate,u3.0217428,3.0217428
10948.lname,aLppalainen,Lappalainen
4000.phone,222-8737,497-4800
18204.haschild,gY,Y
13774.marriedexemp,24587,24500
3375.lname,usen,Musen
8871.city,HALLOWELL***,HALLOWELL
10677.marriedexemp,388,318
12798.maritalstatus,M,S
5887.childexemp,253,159
11451.gender,***,M
15520.lname,Kilfdall,Kildall
13991.rate,,6
19520.haschild,Y,N
11851.state,IH,HI
19509.city,HANAMAUU,HANAMAULU
15216.state,NvC,NC
14557.maritalstatus,M,S
8267.maritalstatus,M,S
15960.state,EN,NE
2319.singleexemp,11,0
3818.phone,222-8737,690-8817
4412.childexemp,1033,1000
17587.rate,6.595043,6.590543
14192.rate,d7,7
10474.gender,oF,F
16690.phone,,444-5021
17754.city,fACKERMAN,ACKERMAN
13470.rate,4.a75,4.75
6851.gender,lF,F
3536.childexemp,98,0
3210.haschild,***,Y
16274.gender,,F
2307.maritalstatus,***,M
15429.city,THOMASVILEL,THOMASVILLE
8024.childexemp,3384,3300
13435.gender,,F
1776.lname,himono,Shimono
11008.haschild,,N
17311.state,EM,ME
18992.maritalstatus,***,S
11444.lname,Keische,Kreische
3938.salary,20059,20000
3467.salary,5010,5000
16507.lname,Gabwlick,Gawlick
7212.state,IvA,IA
18159.haschild,Y,N
7855.maritalstatus,M,S
12632.marriedexemp,2083,2080
10415.childexemp,16,0
4454.gender,***,M
5552.haschild,xN,N
11501.haschild,Y,N
10498.marriedexemp,7,0
2171.childexemp,43,0
19334.salary,65088,65000
15988.city,LA GRfANDE,LA GRANDE
15140.singleexemp,12,0
2049.state,NJ,WY
8882.marriedexemp,76,0
8459.city,PLESTINE,PALESTINE
8460.gender,hM,M
11285.lname,Cassel,Cassell
9701.city,yGROVER,GROVER
16335.gender,dF,F
11594.phone,,182-8335
9959.city,MAPUIN,MAUPIN
8181.state,hVA,VA
8742.city,NdEW HAVEN,NEW HAVEN
16385.marriedexemp,1450,1400
96.state,E,NE
19792.city,ULFPORT,GULFPORT
1968.city,UCSON,TUCSON
12761.maritalstatus,,S
7279.rate,3.77777p77,3.7777777
18102.phone,,726-8207
17489.salary,30070,30000
19611.singleexemp,6,0
7837.haschild,mN,N
16734.state,nHI,HI
5162.marriedexemp,6628,6600
2959.state,NJ,WY
12052.haschild,Y,N
5283.salary,85056,85000
3231.phone,222-8737,603-7065
18873.state,CD,DC
691.phone,,349-5080
12740.lname,Uspha,Usha
16702.state,IH,HI
19521.haschild,Y,N
5091.phone,,229-1657
16153.phone,,347-9157
4128.marriedexemp,73,0
12579.rate,475,4.75
17278.phone,,804-6020
3377.salary,30097,30000
18287.singleexemp,26,0
16703.maritalstatus,,S
6794.salary,70055,70000
11011.gender,,F
17166.childexemp,84,0
18147.city,HOSKNIS,HOSKINS
5931.salary,90077,90000
14515.singleexemp,24,0
7668.maritalstatus,M,S
2335.phone,222-8737,452-7610
10911.marriedexemp,72,0
17539.childexemp,52,0
19084.singleexemp,70,0
12046.rate,,0
18460.maritalstatus,iM,M
6865.phone,,898-6340
16281.childexemp,21,0
8466.gender,eF,F
731.state,NJ,WY
16120.maritalstatus,M,S
6506.marriedexemp,7,0
9119.singleexemp,120,103
11891.haschild,Y,N
4836.salary,75065,75000
19714.city,GUABO,GURABO
19481.salary,10025,10000
910.haschild,N,Y
18140.state,N,MN
16408.childexemp,9,0
19680.haschild,Y,N
6067.childexemp,58,0
19335.haschild,Y,N
11062.rate,.9,3.9
12744.salary,30087,30000
13626.haschild,,Y
4177.maritalstatus,,M
8961.childexemp,53,0
8807.rate,4k.63,4.63
11099.childexemp,391,300
1138.salary,25095,25000
15203.salary,25082,25000
16727.maritalstatus,gS,S
4286.childexemp,39,0
4341.singleexemp,2,0
3668.childexemp,97,0
9954.singleexemp,3382,3300
16754.state,IbA,IA
5614.singleexemp,2073,2000
15484.childexemp,97,0
2627.phone,,640-4671
15062.salary,15048,15000
16204.state,IH,HI
13089.maritalstatus,sM,M
14251.maritalstatus,***,S
4431.singleexemp,50,0
17685.haschild,***,N
9043.state,E,NE
10432.rate,5.21o4286,5.214286
4710.singleexemp,66,0
107.gender,,F
17778.city,HAPLIN,CHAPLIN
16897.singleexemp,16,0
1932.phone,222-8737,995-3817
15495.state,InD,ID
8653.haschild,***,N
3947.phone,222-8737,455-4529
19591.childexemp,3117,3100
12578.singleexemp,77,0
2609.marriedexemp,85,0
2795.salary,10061,10000
17758.haschild,***,Y
18785.state,A,IA
6412.city,OKALAND,OAKLAND
16831.salary,65076,65000
19332.childexemp,61,0
2140.marriedexemp,2098,2000
5045.state,D,ND
4017.marriedexemp,4577,4500
36.marriedexemp,210,174
19054.singleexemp,43,0
6838.phone,,796-6048
17019.city,EDAR SPRINGS,EDGAR SPRINGS
10255.lname,Viverso,Viveros
5548.salary,25042,25000
7135.state,R,PR
10530.haschild,,N
11089.salary,40020,40000
1632.childexemp,83,0
7641.rate,,6
7154.childexemp,22,0
4062.childexemp,22,0
16435.childexemp,86,40
11609.gender,pM,M
18171.singleexemp,48,0
371.salary,60059,60000
711.city,GoULFPORT,GULFPORT
19563.maritalstatus,***,M
16017.singleexemp,66,0
8777.state,NT,TN
2088.phone,222-8737,916-8613
17140.city,SEgATTLE,SEATTLE
9066.maritalstatus,,M
5822.rate,.3,5.3
3030.city,TOLEiDO,TOLEDO
13707.gender,***,F
13232.city,ALLECK,HALLECK
19600.state,NJ-*,NJ
2524.rate,,0
12047.singleexemp,3381,3300
16263.maritalstatus,***,S
2062.phone,222-8737,901-9629
6066.city,GREENILLE,GREENVILLE
12088.haschild,Y,N
17698.childexemp,1017,1000
10560.gender,,M
1303.lname,Cullerns,Cullers
16332.state,I,MI
13647.salary,70028,70000
11810.maritalstatus,M,S
13045.rate,.07,3.07
1880.singleexemp,1122,1040
13807.maritalstatus,M,S
8576.marriedexemp,68,0
10355.salary,55032,55000
13757.lname,Panwra,Panwar
9198.maritalstatus,,S
5662.gender,,M
10984.state,AG,GA
12520.city,MOTCHANIN,MONTCHANIN
10832.state,rGA,GA
7500.childexemp,2492,2400
12386.singleexemp,62,0
16039.gender,,F
11847.maritalstatus,,M
15138.singleexemp,61,0
19450.haschild,Y,N
447.childexemp,11,0
10210.state,MvN,MN
14513.childexemp,74,0
5539.rate,,0
9.phone,222-8737,868-7188
2244.lname,Crals,Carls
17831.singleexemp,3355,3300
3625.lname,Leppanben,Leppanen
13343.gender,,M
19066.salary,35003,35000
7892.state,A,CA
7668.childexemp,27,0
10394.salary,20068,20000
11186.haschild,Y,N
2505.marriedexemp,2078,2000
9066.singleexemp,38,0
10553.haschild,,Y
7675.city,HAMPTNO,HAMPTON
15531.singleexemp,39,0
2307.gender,,F
2168.singleexemp,2758,2700
5693.marriedexemp,53,0
17835.rate,***,0
3854.phone,,638-9525
8195.childexemp,70,0
3923.state,MkS,MS
1532.state,NJ,WY
15540.haschild,Y,N
17577.state,rAZ,AZ
1732.state,NJ,WY
11318.gender,wM,M
8918.salary,100021,100000
17848.maritalstatus,,M
3039.rate,x3.645,3.645
107.lname,Anugster,Angster
4202.phone,222-8737,206-6719
19345.rate,,7
15699.childexemp,4,0
3767.salary,5046,5000
3715.salary,80048,80000
11491.maritalstatus,***,M
2398.city,LEONARTOWN,LEONARDTOWN
4492.phone,,103-8823
2617.state,NJ,WY
18293.gender,***,F
8576.gender,nF,F
4099.phone,222-8737,555-2567
14.salary,85009,85000
14625.childexemp,25,0
12027.maritalstatus,,M
14400.city,bHOLUALOA,HOLUALOA
17673.marriedexemp,33,0
1938.marriedexemp,63,0
9918.gender,***,F
17069.rate,6.54,6.45
510.haschild,***,N
16835.city,UGAYNABO,GUAYNABO
17394.singleexemp,122,103
4235.state,NmM,NM
10199.singleexemp,37,0
6357.rate,85,8.5
16258.singleexemp,45,0
4505.city,IRCHMOND,RICHMOND
1386.state,NJ,WY
8062.haschild,***,N
8521.city,GUFFEY***,GUFFEY
1213.state,AI,IA
3917.phone,222-8737,137-8225
16700.childexemp,1,0
2582.marriedexemp,65,0
11565.city,BOIWE,BOWIE
10739.gender,***,F
13965.gender,,F
1848.state,D,ND
514.lname,Lakshminarasimhain,Lakshminarasimhan
18706.childexemp,3391,3300
3744.phone,,737-1175
19845.rate,,0
5516.lname,Hoffetr,Hoffert
19049.gender,***,M
14447.maritalstatus,***,M
10478.marriedexemp,95,80
2748.childexemp,40,0
14341.maritalstatus,lS,S
17917.childexemp,7,0
5113.lname,Wmester,Wester
12283.maritalstatus,M,S
13895.salary,15094,15000
2327.phone,,421-2179
15857.city,HAILY-*,HAILEY-*
15509.haschild,Y,N
5492.maritalstatus,***,S
7458.haschild,bN,N
9641.haschild,eY,Y
19632.marriedexemp,43,0
9543.state,IyA,IA
12036.salary,25016,25000
15893.singleexemp,24,0
1924.state,N,IN
18844.salary,80012,80000
18847.phone,233-4625,326-7139
6805.city,HENSL,HENSEL
7482.state,K,OK
2536.marriedexemp,53,0
9292.marriedexemp,38,0
17990.childexemp,29,0
2095.maritalstatus,***,M
3258.rate,x0,0
5843.salary,45079,45000
16972.marriedexemp,5436,5400
17117.haschild,,N
14065.salary,80083,80000
14646.maritalstatus,rS,S
7232.childexemp,95,0
3011.maritalstatus,,S
19338.gender,,F
10167.maritalstatus,oS,S
1435.state,MbD,MD
13973.childexemp,5,0
10181.marriedexemp,6288,6200
10256.city,SALTILO,SALTILLO
12577.maritalstatus,***,M
6634.state,IW,WI
7507.rate,.880782,4.880782
6800.city,EGLEVILLE,EAGLEVILLE
2723.phone,222-8737,591-6590
17196.maritalstatus,,M
19465.singleexemp,82,0
15716.marriedexemp,54,0
982.haschild,N,Y
7864.maritalstatus,M,S
15163.haschild,Y,N
1793.phone,,247-7222
9680.rate,.85,8.5
18811.singleexemp,60,0
19237.gender,,M
12653.haschild,,N
6697.phone,,368-8439
14625.city,GORTON,GROTON
5776.rate,6.8o4,6.84
9013.singleexemp,96,0
1226.marriedexemp,40,0
5377.singleexemp,49,0
14667.rate,5.59,5.95
16757.city,REE HEGHTS,REE HEIGHTS
8670.maritalstatus,M,S
18573.state,sIA,IA
13415.state,NJ-*,NJ
12778.state,KO,OK
16015.phone,,951-6221
7817.state,CN,NC
8356.maritalstatus,M,S
6968.haschild,***,N
1713.state,NJ,WY
6220.phone,,537-7652
9441.childexemp,78,0
10848.marriedexemp,54,0
1577.phone,222-8737,857-1869
9919.state,TM,MT
7659.lname,Reinhrat,Reinhart
1892.childexemp,94,0
4551.city,LAIsE,LAIE
3836.phone,222-8737,343-2967
4479.phone,,495-4269
12550.haschild,Y,N
3451.city,HANxAHAN,HANAHAN
10723.state,DC,CT
13232.gender,vF,F
12853.singleexemp,11,0
7787.haschild,,N
8443.lname,Bettyeb,Bettayeb
2231.phone,222-8737,519-9893
12178.city,ROVES,GROVES
11103.state,TU,UT
14465.singleexemp,43,0
15086.state,A,IA
16950.state,D,MD
15618.phone,,951-3046
1868.childexemp,35,0
16090.singleexemp,21,0
17655.childexemp,98,0
18619.childexemp,52,0
3765.gender,bM,M
7063.city,HAMMND,HAMMOND
11105.salary,20005,20000
18572.gender,kF,F
8567.childexemp,1049,1000
18344.city,RNEO,RENO
1376.phone,222-8737,534-8320
12641.childexemp,34,0
10986.lname,oKntio,Kontio
15420.haschild,***,Y
7283.maritalstatus,,M
14722.state,AM,MA
10776.city,HALgL,HALL
4237.phone,,104-8609
8758.gender,***,M
11660.childexemp,1920,1900
7286.city,HAERSTOWN,HAGERSTOWN
19818.city,UNIYT,UNITY
5274.childexemp,40,0
4298.childexemp,100,0
12048.state,IH,HI
10634.singleexemp,55,0
9678.state,InA,IA
19064.phone,,741-7866
15718.maritalstatus,aS,S
1986.state,NJ,WY
5333.phone,,924-9382
3506.gender,nF,F
12897.maritalstatus,***,M
18110.marriedexemp,6644,6600
11582.lname,Bhaser,Bhasker
18195.singleexemp,33,0
11568.singleexemp,13,0
19945.state,H,OH
11681.gender,***,F
15306.rate,5.922907,5.9232907
9310.marriedexemp,65,0
17194.phone,,887-3597
7610.rate,,5
1964.state,NJ,WY
16823.marriedexemp,1831,1800
8543.marriedexemp,55,0
12834.haschild,,N
11263.state,AI,IA
17509.city,KANAWiHA HEAD,KANAWHA HEAD
17484.state,D,ND
12581.singleexemp,34,0
11045.gender,***,M
14485.state,I,WI
10583.singleexemp,1,0
17121.salary,60037,60000
433.city,RANGE CITY,ORANGE CITY
11640.gender,,F
16989.state,A,IA
10961.salary,35035,35000
8031.salary,50087,50000
2162.gender,rM,M
10702.maritalstatus,,S
12026.lname,Cheirief,Cherief
7570.childexemp,60,0
8355.singleexemp,30,0
3801.marriedexemp,6664,6600
6679.haschild,qY,Y
11747.singleexemp,30,0
17497.childexemp,18,0
7378.haschild,***,Y
17721.phone,233-4625,655-6489
15995.singleexemp,33,0
747.marriedexemp,81,0
5046.state,HhI,HI
16670.maritalstatus,rM,M
16981.childexemp,88,0
12819.lname,Sper,Speer
11876.rate,6.u25,6.25
14266.singleexemp,15,0
4760.gender,iF,F
10190.phone,,338-9329
12970.lname,Smmers,Summers
16662.phone,,498-6950
743.lname,iczo,Miczo
8340.gender,***,M
2403.phone,,531-6123
10191.phone,,602-3357
11417.rate,,7
5069.childexemp,17,0
17481.city,HCAHITA,HACHITA
7614.phone,,577-1312
19485.phone,,523-6641
10682.state,hIA,IA
17709.salary,55020,55000
18808.haschild,Y,N
362.marriedexemp,4546,4500
15852.haschild,Y,N
16400.singleexemp,80,0
10469.maritalstatus,yM,M
17026.gender,aF,F
7734.singleexemp,917,900
15867.phone,,151-9108
14915.city,PTIMAN,PITMAN
16215.marriedexemp,2069,2000
9002.state,DM,MD
10545.singleexemp,64,0
14309.lname,bOaidat,Obaidat
16016.singleexemp,100,0
3569.phone,222-8737,207-5041
5168.singleexemp,46,20
17336.city,YOzNKERS,YONKERS
18494.rate,w0,0
14684.marriedexemp,2040,2000
3286.state,NJ,WY
9990.marriedexemp,4562,4500
2807.marriedexemp,19,0
632.haschild,,N
16311.marriedexemp,3872,3800
13406.state,YW,WY
4678.phone,,938-3039
7338.childexemp,90,0
5015.childexemp,1336,1300
4257.phone,222-8737,632-9458
19422.state,TM,MT
16956.salary,70070,70000
15651.haschild,bY,Y
14562.state,NJ-*,NJ
895.phone,222-8737,868-7188
18977.singleexemp,10,0
18854.state,NJ-*,NJ
9671.rate,s6.9,6.9
7672.rate,2.16139,2.161439
3032.state,NJ,WY
4424.rate,625,6.25
3289.salary,30034,30000
15768.gender,,M
9008.singleexemp,4,0
11674.city,SALON,SALMON
3183.state,NJ,WY
8362.singleexemp,3,0
13980.singleexemp,56,0
15540.gender,***,F
16339.singleexemp,2,0
18306.marriedexemp,42,0
7622.phone,,677-4865
9826.lname,Diajavad,Daijavad
14099.state,A,IA
14925.lname,Weihssberg,Weissberg
6144.city,COUNCIL GROVkE,COUNCIL GROVE
4497.lname,Gerhon,Gershon
741.phone,,542-3378
19590.gender,,F
17301.singleexemp,6056,6000
549.state,D,SD
7087.gender,***,M
19826.gender,***,F
10433.singleexemp,58,0
3240.salary,75070,75000
14815.haschild,,N
1716.gender,,F
12711.rate,6.54,6.45
7166.phone,,675-7385
18263.gender,***,F
1124.phone,,645-3827
6680.childexemp,2000,1900
339.gender,kM,M
19961.lname,Gggi,Giggi
17721.state,NJ-*,NJ
18212.marriedexemp,81,0
8228.singleexemp,2010,2000
4303.phone,222-8737,809-4011
1934.salary,95098,95000
9868.maritalstatus,M,S
19154.haschild,mN,N
12570.phone,,474-7733
18884.gender,jF,F
10612.rate,f3.6,3.6
12188.state,NJ-*,NJ
8883.lname,rPomhouse,Promhouse
11066.singleexemp,94,0
10726.marriedexemp,3063,3000
7430.childexemp,3400,3300
10062.gender,***,F
12118.state,MsT,MT
18460.salary,75095,75000
17092.rate,8.c5,8.5
2194.state,IH,HI
17514.rate,4.975432,4.795432
4711.singleexemp,2291,2250
11742.rate,f9.3,9.3
16630.phone,233-4625,443-7792
13695.rate,4.00549,4.040549
18672.childexemp,7,0
598.state,MuD,MD
7676.childexemp,78,0
11199.maritalstatus,M,S
7920.phone,,230-5088
2598.city,FORT LAUERDALE,FORT LAUDERDALE
13943.salary,50097,50000
3204.salary,5072,5000
18259.haschild,rN,N
10537.lname,Balakrishnn,Balakrishnan
9429.phone,,996-3756
3620.marriedexemp,37,0
5218.childexemp,76,0
18162.rate,,0
6237.lname,Mwishkin,Mishkin
5519.maritalstatus,,M
19818.salary,100097,100000
1537.state,T,MT
13155.childexemp,65,0
445.phone,,941-3612
3688.lname,fDenna,Denna
396.haschild,,N
12994.phone,,831-9820
3876.phone,,609-2691
10120.salary,15058,15000
3564.state,NJ,WY
1196.phone,222-8737,476-9921
17313.childexemp,16,0
9166.phone,,613-5546
15939.haschild,,N
2254.phone,222-8737,353-9943
7676.maritalstatus,M,S
16463.state,NpE,NE
795.phone,222-8737,868-7188
15866.marriedexemp,3088,3000
18878.lname,Aerabi,Arabi
12362.maritalstatus,M,S
3479.phone,222-8737,989-8858
4550.gender,,F
7669.singleexemp,90,0
2571.childexemp,80,0
16283.marriedexemp,4059,4000
