11259.childexemp,***,0
18271.fname,Shin''iqchi,Shin''ichi
2323.lname,Pree,Prete
3399.areacode,243,423
1761.rate,4.57,4.75
19616.salary,55000***,55000
5072.city,REAN,REGAN
9531.childexemp,,0
1372.singleexemp,2805,2850
5366.lname,aclay,Saclay
10784.childexemp,l0,0
7049.rate,.0,7.0
15589.singleexemp,p0,0
11265.state,TC,CT
2213.salary,80000***,80000
6281.gender,***,F
19508.singleexemp,1004,1040
12318.marriedexemp,600,6600
12403.marriedexemp,660,6600
12946.state,DxC,DC
15850.fname,Corenll,Cornell
18312.city,GSOHEN,GOSHEN
1897.haschild,,N
10023.haschild,mN,N
11888.areacode,02,602
16211.childexemp,s0,0
10085.city,GgRAHAM,GRAHAM
18580.marriedexemp,6600***,6600
2212.rate,.0,0.0
11350.salary,5000,25000
12697.singleexemp,300,3300
16353.lname,Flaebo,Flatebo
3418.state,dWV,WV
18399.rate,39.,3.9
14136.fname,Mwangesh,Mangesh
5962.fname,Sooko,Sonoko
13423.state,CD,DC
18551.marriedexemp,6060,6600
17299.state,OC,CO
149.salary,10000***,10000
3602.gender,tM,M
18183.state,CaO,CO
18897.singleexemp,***,0
16260.lname,Amhein,Amrhein
19321.marriedexemp,660v0,6600
13746.childexemp,i0,0
8216.fname,Alrty,Alty
18328.salary,20000***,20000
3046.phone,91-62035,916-2035
9363.singleexemp,v0,0
19627.state,eOK,OK
15794.state,O,CO
14012.fname,Maoang,Maogang
6827.gender,,F
14371.marriedexemp,660,6600
10170.areacode,40d1,401
18749.fname,Rusfong,Rusong
1156.areacode,8x60,860
6743.state,I,WI
6498.marriedexemp,600,6200
7120.areacode,207,270
14733.gender,lF,F
15211.gender,***,F
15137.areacode,98,978
16313.marriedexemp,66h00,6600
11852.haschild,vY,Y
951.lname,tWesley,Wesley
14076.marriedexemp,6060,6600
16350.phone,224-1081,242-1081
12369.salary,650y00,65000
14428.city,RAND JUNCTION,GRAND JUNCTION
17414.city,HALSYE,HALSEY
15558.zip,6561,65661
19678.lname,Chrov,Cuhrov
14207.childexemp,***,0
19652.state,bID,ID
19082.rate,.39,3.9
13477.phone,196-1239,196-1293
844.city,GREcAT FALLS,GREAT FALLS
15906.singleexemp,***,0
1499.childexemp,***,0
5745.phone,q358-6751,358-6751
14327.gender,***,F
11084.state,iDC,DC
19526.marriedexemp,660u0,6600
19509.marriedexemp,6600***,6600
12225.childexemp,u1000,1000
1666.zip,4235,42035
14348.state,mCO,CO
7493.phone,250-6760,250-6706
18261.rate,5.8s36415,5.836415
17789.singleexemp,1000***,1000
16310.singleexemp,r0,0
2724.areacode,3h04,304
8069.lname,Baxer,Baxter
17722.singleexemp,13,103
19713.city,GURAOB,GURABO
15122.fname,Roseaen,Roseane
8125.childexemp,***,0
938.city,EMCOSTA,MECOSTA
4497.maritalstatus,,S
4004.zip,14f221,14221
15943.phone,l145-3949,145-3949
8876.maritalstatus,,M
9108.fname,Nina,Nia
19239.fname,Takafhiro,Takahiro
13284.state,L,FL
18423.marriedexemp,140f0,1400
5340.gender,,F
6079.singleexemp,1000***,1000
9949.singleexemp,x0,0
16601.gender,,M
10259.state,OC,CO
13428.state,C,DC
16410.zip,2408z6,24086
5727.marriedexemp,x6600,6600
15641.fname,Nobuij,Nobuji
10638.state,DeC,DC
17525.marriedexemp,h0,0
11342.phone,500-138,500-1238
5534.marriedexemp,600,6600
2953.phone,403-2c054,403-2054
18074.childexemp,,0
606.lname,Nuagamachi,Nagamachi
14675.fname,Cecyilia,Cecilia
5098.state,O,CO
4746.fname,Ragavan,Raghavan
16896.state,sCT,CT
7728.state,nCO,CO
12888.gender,***,M
7932.state,T,CT
199.zip,9z8009,98009
6110.rate,3.x4,3.4
13964.gender,,F
18433.lname,fEngelmann,Engelmann
12974.city,NOFOLK,NORFOLK
14049.marriedexemp,6600***,6600
16778.singleexemp,***,0
19038.marriedexemp,6600***,6600
3719.zip,0942,80942
9448.gender,kF,F
15238.state,O,CO
12897.gender,uF,F
10113.state,LF,FL
10972.maritalstatus,qM,M
619.gender,***,M
16526.city,GRAgY,GRAY
4492.singleexemp,r0,0
17916.marriedexemp,700,5700
7825.phone,443-5221,443-2521
17206.childexemp,***,0
11287.marriedexemp,66k00,6600
1298.singleexemp,,0
18909.childexemp,1000***,1000
6293.maritalstatus,***,S
788.phone,251-3406,215-3406
5447.childexemp,***,0
232.state,AL,LA
13252.marriedexemp,200w0,2000
6694.fname,ingyu,Jingyu
16687.rate,2.503982,2.5039582
4912.childexemp,330,3300
7985.rate,.30,3.0
10034.state,CD,DC
18604.childexemp,***,0
7704.city,GRAND RONED,GRAND RONDE
13954.gender,***,F
1229.fname,Micherl,Michel
4156.lname,Ableayv,Ablaeyv
19717.maritalstatus,vS,S
12140.phone,574-590,574-5970
2037.childexemp,000,1000
12631.marriedexemp,6h600,6600
16289.city,AUGUySTA,AUGUSTA
11342.state,IhA,IA
4545.singleexemp,***,0
14275.salary,d70000,70000
900.areacode,08,208
3451.city,HANAbHAN,HANAHAN
11610.state,T,CT
14386.zip,463,4623
18563.singleexemp,n0,0
8654.state,C,SC
3314.phone,413-l6875,413-6875
11361.childexemp,227,272
1028.state,T,CT
13016.marriedexemp,v0,0
7629.salary,4000,45000
16381.marriedexemp,660,6600
8495.fname,Chivang,Chiang
1884.lname,MDcermott,McDermott
12294.haschild,***,N
4251.haschild,gN,N
8742.childexemp,***,0
9242.haschild,***,N
1351.haschild,,N
8375.singleexemp,1400,1040
12505.haschild,xY,Y
1250.maritalstatus,,M
18092.city,COLORADO PRINGS,COLORADO SPRINGS
13781.lname,Clgouse,Clouse
5971.marriedexemp,,0
9905.haschild,,N
15434.city,SHRLEY,SHIRLEY
17171.city,HALLTOWmN,HALLTOWN
2257.singleexemp,***,0
3973.fname,Ykba,Yka
8754.rate,00.,0.0
4163.singleexemp,g0,0
1853.marriedexemp,600,6600
1466.marriedexemp,,0
17734.singleexemp,,0
7063.city,HAMMONtD,HAMMOND
19683.state,C,DC
7150.lname,Nassra,Nassar
19555.phone,26-3210,256-3210
8700.fname,Marlcene,Marlene
1854.marriedexemp,m0,0
5613.childexemp,,0
1325.city,AHLLECK,HALLECK
9719.maritalstatus,***,S
10651.state,IH,HI
7540.salary,6000,60000
10105.rate,9.w3,9.3
3280.maritalstatus,,M
10416.lname,uParmakson,Parmakson
8486.city,WST JEFFERSON,WEST JEFFERSON
2923.city,HAGERSTcOWN,HAGERSTOWN
17178.marriedexemp,660,6600
8471.singleexemp,t0,0
2870.salary,80000***,80000
2017.haschild,***,Y
11439.gender,,M
18137.singleexemp,1000***,1000
16954.zip,78941,87941
10770.singleexemp,013,103
9270.city,ODLTOWN,OLDTOWN
17231.phone,69o5-1209,695-1209
6036.salary,4000,45000
9782.singleexemp,,0
10423.phone,8786720,878-6720
7328.fname,Cyntha,Cynthia
15405.state,O,CO
13018.childexemp,,0
228.phone,585-978,585-9798
19601.phone,948-3x502,948-3502
17672.phone,38-64407,386-4407
16120.areacode,97,907
13071.fname,rystal,Crystal
7875.lname,Rottelre,Rotteler
18815.city,ALIP,ALSIP
7258.childexemp,,0
10264.state,DwC,DC
16570.state,YK,KY
17124.state,O,CO
11297.phone,293-p5204,293-5204
13645.fname,Iskendre,Iskender
15166.singleexemp,m1000,1000
16648.singleexemp,c0,0
8137.city,HAMInLTON,HAMILTON
11812.state,TC,CT
17145.childexemp,,0
11406.city,NORTH MIDDETOWN,NORTH MIDDLETOWN
13399.areacode,63,563
12955.marriedexemp,6o600,6600
11347.salary,5000***,5000
18379.salary,10500,15000
13924.fname,Kumukm,Kumkum
3104.rate,5y.3,5.3
2182.childexemp,000,2000
9197.childexemp,m0,0
19955.marriedexemp,h4500,4500
1393.singleexemp,p0,0
11483.state,O,CO
8645.state,ED,DE
11850.city,HAGEMRAN,HAGERMAN
18367.rate,4v.75,4.75
13856.childexemp,0300,3000
18789.haschild,xN,N
4685.salary,5000,55000
18276.marriedexemp,660x0,6600
18882.singleexemp,d0,0
16640.singleexemp,x1000,1000
14851.marriedexemp,2000***,2000
14055.gender,zF,F
12035.zip,21697,21679
17102.rate,1.783125,1.873125
13508.state,C,DC
16301.marriedexemp,48q00,4800
16168.state,CcT,CT
17098.singleexemp,***,0
11706.city,GUAYNlABO,GUAYNABO
12603.singleexemp,03,103
11961.singleexemp,2400***,2400
13829.state,CD,DC
19967.marriedexemp,6600***,6600
6737.salary,90l000,90000
19622.state,eUT,UT
10633.childexemp,n900,900
10158.salary,75000***,75000
14035.maritalstatus,,S
17689.childexemp,e0,0
8942.marriedexemp,,0
8169.areacode,071,701
3094.singleexemp,78,87
357.state,C,DC
1428.fname,Masahcihi,Masahichi
11775.lname,Desikna,Desikan
19771.zip,37r235,37235
15811.city,REENVILLE,GREENVILLE
12709.singleexemp,,0
12922.childexemp,00,300
3998.childexemp,12a00,1200
14980.state,aIL,IL
816.phone,2089868,208-9868
18920.fname,nisoara,Anisoara
12708.city,GANTS,GRANTS
10306.state,DjC,DC
17340.childexemp,***,0
13117.areacode,736,763
19033.areacode,28,208
1213.childexemp,b0,0
15887.singleexemp,100,1000
19329.state,rCT,CT
6604.state,TC,CT
14136.rate,5.141409b4,5.1414094
17240.city,ANCOCK,HANCOCK
19029.city,URABO,GURABO
8817.state,O,CO
17240.marriedexemp,500,5700
14061.zip,6938,61938
7329.haschild,***,Y
17682.fname,Tueru,Teru
6197.zip,6200,62050
10365.fname,Rumjaa,Rumjana
7752.haschild,***,N
8636.lname,Bekei,Bekesi
14605.singleexemp,100,1000
18592.rate,4.2c143292,4.2143292
18703.childexemp,m0,0
661.maritalstatus,eM,M
18176.areacode,60,360
1154.marriedexemp,,0
14266.state,RP,PR
9458.rate,.4,1.4
13268.city,LOLTEA,LOLETA
17602.singleexemp,l0,0
6525.fname,Jafaf,Jaffa
13792.state,OC,CO
18166.fname,Chiuyun,Chiuyuan
7906.rate,46.3,4.63
4457.city,KLESO,KELSO
13809.gender,kF,F
2298.gender,***,F
17802.lname,Aylbuquerque,Albuquerque
2301.marriedexemp,***,0
13661.marriedexemp,b0,0
8032.gender,yF,F
11969.singleexemp,1g03,103
14665.state,MpT,MT
19379.singleexemp,1000***,1000
15127.zip,50215,50251
932.childexemp,3030,3300
7285.haschild,nY,Y
14626.singleexemp,1000***,1000
18872.marriedexemp,m0,0
13425.childexemp,59,159
12337.areacode,08,808
16892.gender,fF,F
6691.gender,uF,F
14389.singleexemp,,0
12873.areacode,74,724
16648.childexemp,***,0
14458.city,GLIDkDEN,GLIDDEN
7466.state,fVA,VA
581.city,SUNFLOWsER,SUNFLOWER
17077.lname,Kaser,Kaiser
15194.state,TC,CT
19364.zip,93c720,93720
12410.marriedexemp,6600***,6600
16815.childexemp,***,0
3228.areacode,88,808
561.state,DS,SD
13049.state,CD,DC
1004.phone,206-8u121,206-8121
5754.phone,30-8981,302-8981
7265.state,CpT,CT
15284.marriedexemp,n0,0
4647.childexemp,,0
1901.zip,238,4238
12122.state,C,DC
14782.phone,869-9920,869-9902
8794.salary,4000,45000
11524.gender,lF,F
16084.state,CN,NC
2462.marriedexemp,0,40
532.childexemp,,0
7971.maritalstatus,xM,M
13682.marriedexemp,***,0
14059.singleexemp,,0
10029.salary,7000,70000
17597.lname,Gutmtan,Guttman
1079.maritalstatus,,M
9759.childexemp,k0,0
6222.state,OaR,OR
7500.phone,927-85u27,927-8527
14505.gender,***,M
1874.state,T,CT
1025.rate,3f.9,3.9
18709.fname,Natrzaj,Natraj
1794.zip,64783,64738
10547.city,ROSEUBRG,ROSEBURG
7466.maritalstatus,***,M
4179.maritalstatus,***,M
9881.singleexemp,10s3,103
14200.gender,***,F
3631.rate,5.7a5,5.75
10362.state,H,NH
16359.lname,Baciotti,Bacciotti
16154.city,GOEHER,GOEHNER
5750.salary,80000***,80000
19058.city,GATIOT,GRATIOT
19680.marriedexemp,6p600,6600
10548.city,EY,ELY
4460.gender,,F
3451.marriedexemp,600,6600
17521.lname,iVele,Viele
17555.phone,9162945,916-2945
5263.lname,fNota,Nota
12303.childexemp,00,300
7627.city,GOLD HILL***,GOLD HILL
7415.city,GREEVNILLE,GREENVILLE
9569.lname,Linrdis,Linardis
9964.state,CD,DC
6186.marriedexemp,38q00,3800
18372.areacode,71,971
11372.gender,,F
15321.fname,mane,Amane
19804.childexemp,h0,0
19430.marriedexemp,570p0,5700
13629.maritalstatus,bM,M
17187.haschild,,N
8265.marriedexemp,600,6600
9965.areacode,42,412
10591.city,AHLLSVILLE,HALLSVILLE
8133.maritalstatus,,M
11134.singleexemp,3030,3300
8327.state,OC,CO
18438.marriedexemp,,0
18829.fname,Gianulca,Gianluca
13055.childexemp,o0,0
9639.zip,2496k3,24963
2253.marriedexemp,400,4200
15405.city,tFORT COLLINS,FORT COLLINS
10757.zip,9672l7,96727
19508.city,HANAMAUUL,HANAMAULU
9113.marriedexemp,***,0
16968.marriedexemp,,0
14108.city,BIRMINHGAM,BIRMINGHAM
15818.state,V,NV
6993.rate,.0,0.0
10815.state,C,DC
6068.phone,44-23831,442-3831
18859.childexemp,***,0
9748.singleexemp,0100,1000
7659.lname,Menyhetr,Menyhert
4350.childexemp,w0,0
10823.singleexemp,***,0
19800.haschild,,Y
10953.state,O,CO
17376.haschild,jN,N
15383.zip,3d7214,37214
11322.state,OC,CO
7075.fname,Yae,Yale
14647.zip,81604,81640
11189.state,C,DC
13360.state,DoC,DC
15844.gender,,M
956.zip,8m0241,80241
3874.lname,uMntz,Muntz
17560.state,C,DC
17594.gender,***,F
6729.salary,25f000,25000
16922.city,GREEN BY,GREEN BAY
9856.singleexemp,1000***,1000
8285.singleexemp,1b000,1000
12024.rate,46.3,4.63
479.salary,800w00,80000
2741.zip,i84734,84734
14583.state,C,DC
17721.haschild,wY,Y
8419.singleexemp,100,2100
15682.lname,Siclair,Sinclair
9927.gender,qF,F
16241.zip,9351,97351
8574.gender,***,M
11164.gender,uF,F
7266.rate,.7495394,5.7495394
915.city,DOeUGLAS,DOUGLAS
9372.gender,***,M
19632.marriedexemp,6r600,6600
14209.childexemp,p0,0
6857.haschild,zY,Y
6127.city,GRANOTN,GRANTON
19670.state,CD,DC
19832.state,CtO,CO
8654.gender,***,F
6857.zip,70555***,70555
11213.marriedexemp,660,6600
14088.marriedexemp,w0,0
11102.phone,360-8927,360-9827
14908.areacode,453,435
16293.childexemp,l0,0
13006.marriedexemp,j6600,6600
19639.fname,na,Ana
14428.state,O,CO
10424.state,OC,CO
16584.marriedexemp,v0,0
12883.marriedexemp,***,0
19975.state,CD,DC
12610.maritalstatus,,M
1153.salary,0000,10000
17703.maritalstatus,***,S
9149.marriedexemp,5t700,5700
14733.maritalstatus,,M
17002.state,TV,VT
13316.city,BY,BAY
11057.salary,r5000,5000
13008.rate,3.0l7,3.07
12321.singleexemp,***,0
7919.singleexemp,w0,0
17297.state,jDC,DC
9602.childexemp,i0,0
19676.rate,5.3151u608,5.3151608
13311.gender,***,M
4742.maritalstatus,bS,S
538.state,H,OH
11020.state,OC,CO
14642.marriedexemp,660d0,6600
746.childexemp,***,0
67.zip,8575,8755
8964.fname,Bhuvpan,Bhuvan
5981.state,HN,NH
4552.childexemp,27i2,272
16113.lname,uLeth,Lueth
15318.state,C,DC
2510.haschild,***,Y
11955.areacode,50,520
8666.fname,Khaoa,Khoa
7093.salary,0500,5000
13487.state,TC,CT
11798.rate,.8,7.8
5763.gender,***,F
17591.marriedexemp,600,6600
2016.singleexemp,q0,0
2966.rate,2.5351744,2.5357144
3540.maritalstatus,,M
18983.city,GAUYAMA,GUAYAMA
9969.lname,Holovoet,Holvoet
3496.state,Y,NY
6783.zip,5528,50528
13065.haschild,hY,Y
2303.salary,95000***,95000
11759.marriedexemp,6600***,6600
19819.city,GREE FOREST,GREEN FOREST
10238.gender,fF,F
13016.salary,1s5000,15000
15012.maritalstatus,zM,M
12187.rate,7.f0,7.0
16001.state,C,DC
12248.city,STANEY,STANLEY
1811.gender,pM,M
9677.city,GOLD CREK,GOLD CREEK
19933.marriedexemp,620s0,6200
18655.rate,5.7w5,5.75
4702.areacode,30,830
6278.maritalstatus,nM,M
18973.marriedexemp,600,6600
10941.haschild,bY,Y
13730.state,DvC,DC
10556.areacode,p808,808
7940.state,NcH,NH
8105.marriedexemp,t0,0
5822.childexemp,1000***,1000
9323.salary,8000,85000
19115.phone,925-i9169,925-9169
1537.maritalstatus,fM,M
19980.marriedexemp,,0
11953.gender,uF,F
19660.singleexemp,10t00,1000
2157.state,E,NE
17458.marriedexemp,***,0
16015.maritalstatus,,M
18095.gender,kF,F
12159.state,fDC,DC
10240.state,DkC,DC
10157.state,VuT,VT
13945.childexemp,***,0
1621.lname,Masbamoto,Masamoto
12633.marriedexemp,d0,0
11990.marriedexemp,5c400,5400
16346.zip,1470,91470
19175.areacode,08,208
10033.haschild,***,Y
12668.state,T,CT
11180.state,eDC,DC
12640.maritalstatus,***,S
16682.childexemp,,0
7605.childexemp,***,0
11705.childexemp,m0,0
19254.marriedexemp,,0
19152.gender,***,F
5673.marriedexemp,p0,0
19854.state,OC,CO
1047.phone,112-417,112-4517
3278.fname,Masmitsu,Masamitsu
8964.areacode,7a12,712
14146.marriedexemp,***,0
18358.marriedexemp,2600,6200
2508.state,AV,VA
10227.singleexemp,,0
5545.haschild,***,N
9298.childexemp,***,0
8930.fname,Maahn,Mahan
4652.childexemp,q0,0
13688.childexemp,3030,3300
18249.salary,5000,45000
1644.fname,Takaihi,Takaichi
6292.salary,5500q0,55000
15874.haschild,,Y
8997.fname,Debahish,Debashish
14121.fname,Hosakqer,Hosaker
14725.gender,eF,F
18474.gender,***,F
6517.gender,***,F
11497.zip,82893,82839
5116.maritalstatus,dS,S
10907.marriedexemp,600,6600
8189.gender,,F
9650.marriedexemp,600,6600
14601.childexemp,***,0
9687.gender,cF,F
6034.city,FORTM EADE,FORT MEADE
3340.haschild,***,N
6010.city,REUBESN,REUBENS
4820.maritalstatus,cM,M
17188.singleexemp,10z3,103
9689.childexemp,***,0
19590.singleexemp,l0,0
11882.city,JOHNSONVLLE,JOHNSONVILLE
18600.state,CD,DC
16709.city,CLEAR BROOeK,CLEAR BROOK
15992.marriedexemp,200,6200
18353.state,C,DC
6517.state,JN,NJ
18668.lname,Ponihaus,Ponighaus
19919.gender,,F
11573.maritalstatus,nS,S
11476.marriedexemp,600,6600
159.maritalstatus,yS,S
11364.gender,***,F
3783.city,GUILFORyD,GUILFORD
19957.areacode,652,562
19002.haschild,zY,Y
6632.gender,***,M
18663.gender,,F
2455.haschild,qN,N
13546.gender,***,M
14207.state,aCT,CT
1612.salary,5o5000,55000
14898.lname,Trachtmna,Trachtman
4715.state,CaO,CO
5327.haschild,,Y
7724.marriedexemp,c0,0
553.areacode,99,909
10747.zip,2j562,2562
11715.childexemp,***,0
17772.lname,Georgatoks,Georgatos
12847.rate,0.f0,0.0
15687.singleexemp,100,1000
5545.childexemp,,0
18585.phone,154-420,154-4520
18115.salary,5500,55000
6713.childexemp,1300***,1300
18735.areacode,993,939
1230.gender,zF,F
7959.city,LORDSBRUG,LORDSBURG
12735.gender,***,F
16669.gender,,M
15928.childexemp,***,0
2609.zip,74415,74451
15146.lname,Craor,Cranor
5705.zip,5531b6,55316
19600.singleexemp,z0,0
12894.childexemp,***,0
2312.singleexemp,000,1000
18253.gender,,F
17882.lname,Ejtkin,Etkin
13173.maritalstatus,eS,S
6172.childexemp,g0,0
7853.childexemp,2805,2850
7401.childexemp,02,20
8349.childexemp,w0,0
321.haschild,***,N
2383.childexemp,130,103
18620.singleexemp,c0,0
17446.city,EGHT MILE,EIGHT MILE
1454.salary,2500y0,25000
17970.city,HANAAULU,HANAMAULU
2643.singleexemp,000,1000
17866.marriedexemp,,0
13779.childexemp,***,0
16079.marriedexemp,6600***,6600
6066.city,GRENVILLE,GREENVILLE
11420.singleexemp,1000***,1000
12073.state,IxL,IL
13573.rate,i0.0,0.0
12547.singleexemp,l0,0
2537.marriedexemp,450,4950
4951.childexemp,c0,0
11463.salary,8q0000,80000
18267.gender,,F
15686.singleexemp,10m00,1000
9626.city,BIRMIGNHAM,BIRMINGHAM
7555.zip,t72757,72757
4445.areacode,63,603
6101.rate,50.,5.0
17388.city,GdRENADA,GRENADA
14202.singleexemp,03,103
4625.fname,Ardaamn,Ardaman
19772.childexemp,***,0
16448.state,AC,CA
18741.city,BOIVLL,BOVILL
16559.childexemp,***,0
11768.state,CD,DC
8898.childexemp,h0,0
5263.city,GRvEEN HARBOR,GREEN HARBOR
8171.city,GREENVILLvE,GREENVILLE
19360.maritalstatus,***,M
19633.fname,oug,Doug
19625.singleexemp,100,1040
7819.state,ED,DE
3919.childexemp,245,2475
12670.city,HUDSNO,HUDSON
18092.haschild,,N
11107.childexemp,e0,0
1482.areacode,965,956
10937.marriedexemp,600,6600
4971.city,ORHAM,GORHAM
7736.singleexemp,3i300,3300
4785.state,AV,VA
14770.state,CD,DC
12192.state,CqO,CO
3801.marriedexemp,600,6600
18324.singleexemp,13,103
5280.areacode,9s31,931
18718.phone,839-7u584,839-7584
2215.childexemp,c0,0
6412.state,mCA,CA
5904.areacode,55,505
5564.singleexemp,r0,0
7000.state,IH,HI
13124.childexemp,900***,900
4513.singleexemp,u103,103
5162.marriedexemp,66l00,6600
12845.maritalstatus,***,M
17010.rate,.0,7.0
2061.marriedexemp,600,6600
14009.singleexemp,,0
10289.city,KANSASC ITY,KANSAS CITY
5968.maritalstatus,***,M
9617.state,O,CO
18013.phone,294-9796,924-9796
10024.city,GOLD HILL***,GOLD HILL
8849.state,TC,CT
5378.state,LI,IL
4579.maritalstatus,,M
7373.areacode,4h43,443
9644.lname,Key,Keay
17026.state,DrC,DC
11512.childexemp,***,0
7038.city,WYNOAN,WYNONA
6079.state,OuK,OK
19763.salary,30000***,30000
12949.state,C,DC
16892.state,CD,DC
12506.childexemp,r1000,1000
14763.childexemp,,0
10071.city,FREEPOT,FREEPORT
2485.city,HAMMcOND,HAMMOND
11993.areacode,180,810
1287.salary,01000,10000
6612.singleexemp,r3300,3300
5725.areacode,85,785
15129.rate,00,0.0
16368.fname,Dlenis,Denis
5649.singleexemp,330y0,3300
10185.phone,184-3842,184-8342
11423.zip,20672,20627
9088.city,GLNWOOD,GLENWOOD
442.state,DkC,DC
11463.areacode,s928,928
15193.childexemp,1300***,1300
7581.state,O,CO
13370.marriedexemp,660,6600
3193.gender,kF,F
7207.zip,27689,27869
11176.salary,3j0000,30000
4710.phone,46b8-6701,468-6701
4118.marriedexemp,600,6600
16034.state,C,DC
13042.marriedexemp,660r0,6600
19702.state,oDC,DC
10464.childexemp,g0,0
3348.fname,Taeko,Takeo
7437.fname,Jerresll,Jerrell
16835.childexemp,p0,0
6252.areacode,6j18,618
12341.rate,3.7,3.07
16282.city,nSTOCKBRIDGE,STOCKBRIDGE
11322.city,GRAD JUNCTION,GRAND JUNCTION
14383.rate,0.f0,0.0
16446.rate,6.k5,6.5
17965.state,C,DC
16138.gender,,F
10347.salary,70000***,70000
12875.state,CD,DC
10815.city,WASHINGTOdN,WASHINGTON
7130.state,gNE,NE
4417.marriedexemp,6060,6600
4025.gender,***,F
12784.state,uPR,PR
8679.childexemp,l0,0
7802.lname,Souftyrina,Soutyrina
8203.zip,873,5873
15890.marriedexemp,,0
12069.lname,Roizn,Roizen
7768.state,VbA,VA
17753.state,O,CO
4447.city,GRAND sVIEW,GRAND VIEW
9135.singleexemp,013,103
8468.gender,***,F
13754.marriedexemp,,0
10625.phone,14-89572,148-9572
1804.salary,u10000,10000
1582.marriedexemp,h0,0
15608.zip,53h744,53744
8174.childexemp,,0
19701.haschild,,Y
19786.city,OLD BAR,GOLD BAR
16772.city,AHRTFORD,HARTFORD
13034.haschild,bY,Y
10508.childexemp,j0,0
4452.fname,Kapzimierz,Kazimierz
12116.zip,2778,12778
7561.state,Y,WY
19843.gender,***,F
13206.state,CD,DC
7286.city,HrAGERSTOWN,HAGERSTOWN
14406.state,TC,CT
19145.areacode,g802,802
16485.fname,Vernno,Vernon
9607.marriedexemp,l6600,6600
16480.state,CrO,CO
9701.gender,kF,F
6488.lname,Forsy,Forys
12710.haschild,***,N
14577.marriedexemp,600,6600
8566.fname,Jseas,Jesas
162.haschild,***,N
15973.singleexemp,100q0,1000
4150.childexemp,f0,0
4816.salary,0000,50000
3205.childexemp,e0,0
13402.state,TC,CT
14366.city,BOUNTIFaUL,BOUNTIFUL
16781.fname,Graydno,Graydon
8023.rate,6.4,6.84
11923.salary,5a0000,50000
3991.maritalstatus,,M
13082.salary,95000***,95000
19670.gender,***,F
19513.haschild,***,Y
388.phone,829-7292,829-7922
3139.salary,40000***,40000
17774.zip,9213,92173
2548.lname,Boerale,Boreale
1584.singleexemp,***,0
9586.gender,,F
19459.lname,Sadowqski,Sadowski
5190.marriedexemp,600,6600
15659.zip,7248,37248
19264.fname,Kwangyone,Kwangyoen
4691.areacode,70,970
9841.rate,32.016153,3.2016153
13206.zip,2003,20003
11028.gender,jF,F
6403.phone,297-5456,297-5465
9157.state,TC,CT
7613.areacode,807,870
7700.zip,35l253,35253
16737.childexemp,q0,0
3126.rate,2.696666,2.8696666
9304.haschild,,Y
3034.city,GREENVILvLE,GREENVILLE
19812.marriedexemp,6600***,6600
4403.singleexemp,200,2700
4083.state,DI,ID
12671.zip,1t059,1059
11042.singleexemp,***,0
19726.marriedexemp,600,6600
10203.city,GRtEENE,GREENE
10520.lname,Leia,Leiba
19407.phone,265-537,265-5317
16265.salary,60000***,60000
2471.gender,***,M
14480.singleexemp,***,0
18098.singleexemp,03,103
12207.state,A,WA
19059.childexemp,w0,0
16355.city,CONWYA,CONWAY
6799.singleexemp,s0,0
18539.singleexemp,10x3,103
14465.gender,uM,M
5788.state,RA,AR
6201.zip,0871,8071
15323.state,CD,DC
10502.fname,Hirlal,Hiralal
1491.childexemp,i0,0
15226.marriedexemp,6p600,6600
14622.salary,08000,80000
3698.areacode,60,620
17404.state,nNY,NY
12433.lname,Mkukund,Mukund
15354.salary,05000,50000
10396.state,T,CT
19874.childexemp,i0,0
1771.marriedexemp,***,0
14986.areacode,07,307
9288.gender,,F
3299.haschild,vY,Y
19310.maritalstatus,,M
11492.maritalstatus,,S
17707.childexemp,,0
9476.rate,5.166667***,5.166667
17088.zip,2p1043,21043
346.childexemp,2c72,272
12765.childexemp,***,0
9534.areacode,72,772
3988.haschild,***,N
17133.state,DoC,DC
11106.haschild,wN,N
916.zip,35672,36572
7095.marriedexemp,3000***,3000
8681.singleexemp,b1000,1000
12432.lname,Stekcler,Steckler
10677.phone,5972-096,597-2096
2111.rate,.0,5.0
17845.gender,dF,F
15136.state,rNC,NC
18562.gender,***,M
8184.haschild,uN,N
17020.marriedexemp,g0,0
18553.phone,5881-040,588-1040
15857.city,HALEY-*,HAILEY-*
15331.marriedexemp,***,0
12675.lname,Uyr,Uyar
9966.haschild,,Y
15121.marriedexemp,6k600,6600
3547.areacode,6u03,603
12239.city,MOLENwA,MOLENA
9053.state,LF,FL
16251.singleexemp,0100,1000
14015.state,NeY,NY
10823.childexemp,1000***,1000
15048.zip,3664l0,36640
16921.marriedexemp,k0,0
10974.zip,30263,30623
14460.marriedexemp,,0
4637.maritalstatus,lM,M
18356.childexemp,***,0
16390.state,O,CO
8694.zip,57596,55796
11705.lname,Praascandalo,Parascandalo
730.city,A CROSSE,LA CROSSE
11296.singleexemp,1h000,1000
11799.state,C,DC
3920.city,WEELER,WHEELER
17516.salary,85000***,85000
11594.marriedexemp,600,6600
16758.zip,6u6958,66958
13858.state,C,DC
10740.childexemp,***,0
11608.marriedexemp,600,6600
14903.state,C,DC
11133.haschild,,Y
5613.city,GREAT FALS,GREAT FALLS
13262.gender,***,M
17241.singleexemp,,0
6168.phone,14y9-1091,149-1091
19222.marriedexemp,660e0,6600
18123.gender,***,M
7826.gender,rF,F
15848.zip,7075,57075
10421.haschild,***,N
8940.gender,vF,F
13618.haschild,qY,Y
9780.maritalstatus,vS,S
6269.gender,yF,F
7674.haschild,dY,Y
9018.singleexemp,000,1000
799.lname,Hogtedt,Hogstedt
4380.areacode,02,802
13303.childexemp,,0
14757.rate,.3,5.3
8903.gender,***,M
8303.fname,Goaisi,Gaisi
9372.fname,Sibsankra,Sibsankar
10588.fname,Thng,Thang
14321.state,pCT,CT
6346.marriedexemp,a0,0
13737.marriedexemp,t0,0
18509.marriedexemp,660,6600
7609.zip,3231,35231
17632.lname,Giovaqnetti,Giovanetti
17935.maritalstatus,dS,S
18690.maritalstatus,aM,M
12196.maritalstatus,rM,M
12486.lname,Winogrnad,Winograd
10464.gender,,F
7157.city,OSKHOSH,OSHKOSH
14053.phone,08-8044,208-8044
492.marriedexemp,2000***,2000
17331.areacode,6w03,603
17980.singleexemp,090,900
12691.childexemp,,0
6899.salary,7u0000,70000
2850.salary,0000,50000
16544.childexemp,72,272
12059.singleexemp,1004,1040
4623.city,ROCESTER,ROCHESTER
7509.state,jIN,IN
18404.areacode,280,208
3083.areacode,023,203
16013.childexemp,***,0
5401.city,SA NJOSE,SAN JOSE
5711.state,HO,OH
1699.gender,***,F
17869.gender,cF,F
15682.haschild,***,N
4669.haschild,***,N
15826.city,HAAPEPE,HANAPEPE
18943.singleexemp,***,0
3585.gender,,F
14076.city,GREENwVILLE,GREENVILLE
18360.maritalstatus,,M
1392.maritalstatus,aM,M
7502.marriedexemp,,0
3745.phone,55-5715,545-5715
3865.marriedexemp,f0,0
15990.singleexemp,v1000,1000
19483.areacode,43,443
5978.gender,***,F
16263.singleexemp,03,103
19603.salary,90000***,90000
10819.rate,2.q5778654,2.5778654
5911.city,WOODSOCK,WOODSTOCK
19857.singleexemp,7,87
17655.singleexemp,***,0
11441.gender,xF,F
17021.zip,7016,17016
4297.rate,.95,5.95
10377.maritalstatus,***,S
18933.gender,kF,F
2567.areacode,7a01,701
7659.city,GOLzDEN VALLEY,GOLDEN VALLEY
18598.city,RAPAHOE,ARAPAHOE
7923.lname,arrett,Garrett
330.city,PARKER mFORD,PARKER FORD
16997.gender,sM,M
3328.gender,***,F
14846.haschild,***,N
15356.gender,zM,M
4340.gender,nM,M
7641.lname,oRizen,Roizen
10585.phone,34-09925,340-9925
9104.marriedexemp,g6600,6600
8338.marriedexemp,660,6600
6433.zip,5973,59873
14041.singleexemp,0200,2000
3047.fname,Susanfta,Susanta
11094.state,TM,MT
13980.maritalstatus,,M
16576.zip,0742,30742
15657.gender,,F
9623.singleexemp,***,0
8215.areacode,y708,708
17829.childexemp,k0,0
8541.state,T,CT
10284.fname,Akrdian,Ardian
12044.state,yDC,DC
12434.childexemp,,0
8241.zip,9954,19954
17668.childexemp,,0
10458.haschild,***,Y
17423.fname,erhard,Gerhard
2528.singleexemp,000,1000
15298.singleexemp,***,0
8253.gender,***,F
8921.singleexemp,,0
741.state,C,DC
16535.marriedexemp,74,174
13274.singleexemp,***,0
13112.areacode,60k2,602
11823.state,OC,CO
6806.childexemp,***,0
2402.rate,.3,5.3
18584.childexemp,,0
13480.city,LNCOLN,LINCOLN
10868.maritalstatus,***,M
9301.marriedexemp,,0
15890.areacode,70n2,702
8261.salary,6000,60000
15008.state,T,CT
5246.childexemp,,0
10160.gender,,F
10384.lname,Meks,Merks
7050.city,GREENVIgLLE,GREENVILLE
5002.state,qCT,CT
13858.gender,,F
5293.childexemp,t0,0
13143.areacode,520,502
16929.marriedexemp,600,6600
1578.singleexemp,***,0
9438.salary,9000,90000
5057.singleexemp,,0
2409.fname,Mparkus,Markus
12496.maritalstatus,***,M
7433.gender,gF,F
5186.haschild,,N
12178.city,RGOVES,GROVES
10193.state,C,DC
8452.fname,Valentian,Valentina
6554.maritalstatus,kS,S
13678.state,T,CT
18801.city,DIGHTN,DIGHTON
565.city,HAMLITON,HAMILTON
14653.zip,7j3042,73042
16364.singleexemp,,0
15019.rate,2d.914935,2.914935
6280.marriedexemp,900t0,9000
19228.childexemp,q0,0
14981.city,EmNDICOTT,ENDICOTT
5768.haschild,***,N
15330.haschild,,N
14994.marriedexemp,660v0,6600
2907.gender,vM,M
6154.marriedexemp,6q600,6600
5221.salary,2000,20000
11748.zip,33717,37317
8462.maritalstatus,***,M
18576.state,CD,DC
18727.city,SAEM,SALEM
12935.marriedexemp,6600***,6600
12065.childexemp,y0,0
8750.childexemp,h0,0
8203.lname,Greenebrger,Greenberger
16049.gender,***,F
11436.city,GOODSiPRING,GOODSPRING
3448.salary,5000,45000
17352.state,C,DC
5745.marriedexemp,600,6600
16284.marriedexemp,6060,6600
10629.lname,Antonimsse,Antonisse
4852.childexemp,d0,0
9449.singleexemp,v2475,2475
3312.haschild,nY,Y
6717.singleexemp,w0,0
15458.marriedexemp,q6600,6600
6023.marriedexemp,***,0
19072.childexemp,***,0
11215.singleexemp,,0
7014.lname,Weuten,Weusten
3352.city,GRAND JUNCTIN,GRAND JUNCTION
14140.singleexemp,1q000,1000
13073.gender,tF,F
10795.marriedexemp,66z00,6600
10168.marriedexemp,6600***,6600
18942.childexemp,,0
15754.singleexemp,013,103
1964.fname,Rhna,Rhan
10130.marriedexemp,6600***,6600
8286.childexemp,***,0
11527.rate,.90,9.0
12284.marriedexemp,l6600,6600
3501.marriedexemp,f0,0
19166.state,C,DC
15883.maritalstatus,,M
9063.phone,5m01-4659,501-4659
10692.gender,***,F
14420.rate,34,3.4
9278.city,PjROVO,PROVO
5570.lname,Flqowers,Flowers
13955.phone,880-6448,880-6484
6084.state,qCT,CT
10003.gender,cF,F
19922.city,ALBUUQERQUE,ALBUQUERQUE
4889.childexemp,,0
3184.gender,,F
19605.state,CD,DC
13938.state,R,OR
13649.state,C,DC
2385.rate,00.,0.0
2759.salary,35000***,35000
10014.haschild,,N
7050.marriedexemp,f6600,6600
2778.fname,pFredy,Fredy
10932.state,eID,ID
9177.fname,Antnoino,Antonino
14523.salary,60000***,60000
9062.city,REELEY,GREELEY
11926.marriedexemp,6600***,6600
17452.gender,,F
14082.state,CD,DC
1082.childexemp,g0,0
14092.fname,Chiaar,Chiara
12296.childexemp,,0
3394.childexemp,9i00,900
12944.state,CD,DC
7628.city,SAINT ATHONY,SAINT ANTHONY
13125.state,C,DC
10034.singleexemp,d1370,1370
3244.areacode,73,763
18868.maritalstatus,rS,S
15061.state,DtC,DC
15300.salary,3h0000,30000
6323.singleexemp,***,0
10903.state,TC,CT
4767.state,T,CT
10716.phone,207-p1862,207-1862
18586.singleexemp,0,20
11604.state,TC,CT
8306.state,TC,CT
18447.marriedexemp,***,0
13035.salary,1500y0,15000
17772.singleexemp,***,0
17604.state,TC,CT
18099.gender,wF,F
14608.phone,463-500,463-5090
14146.childexemp,n0,0
8521.state,OC,CO
9947.state,S,KS
17418.gender,,F
7623.state,Z,AZ
1880.salary,100000***,100000
5792.maritalstatus,iM,M
18316.haschild,***,N
15423.state,FrL,FL
17579.lname,aSenouci,Senouci
15199.marriedexemp,6600***,6600
13618.state,C,DC
2680.state,A,VA
4108.state,SK,KS
5095.areacode,9d85,985
17482.childexemp,,0
1848.fname,Cumki,Chumki
9127.childexemp,b0,0
10469.marriedexemp,5n700,5700
10265.marriedexemp,4200***,4200
18363.phone,63-9158,653-9158
17484.childexemp,m0,0
6141.childexemp,***,0
19837.areacode,496,469
5028.rate,.825,8.25
3428.marriedexemp,***,0
18523.singleexemp,,0
8985.city,bEVENSVILLE,EVENSVILLE
325.marriedexemp,***,0
17731.gender,dF,F
14535.marriedexemp,h0,0
11600.singleexemp,100,1040
13855.singleexemp,l0,0
8635.city,ANNA,HANNA
3622.maritalstatus,,M
13958.childexemp,***,0
6591.fname,Snja,Sonja
15386.state,T,CT
9139.city,GROVRE,GROVER
11673.state,C,DC
5880.maritalstatus,,M
15134.marriedexemp,6v600,6600
1758.phone,31k4-4455,314-4455
18529.singleexemp,r0,0
6765.rate,.0,3.0
17794.state,OC,CO
12700.city,GOSEHN,GOSHEN
9427.childexemp,310e0,3100
3159.areacode,20,240
16612.gender,***,F
18623.childexemp,013,103
7170.rate,53,5.3
13895.marriedexemp,180e0,1800
7991.rate,6.r0,6.0
9197.state,T,CT
17576.childexemp,,0
14975.maritalstatus,,M
10005.rate,7y.0,7.0
14484.singleexemp,3x100,3100
4741.state,T,CT
7548.maritalstatus,aS,S
456.haschild,***,N
18997.childexemp,***,0
3064.haschild,,N
18023.marriedexemp,6600***,6600
14973.city,HANAPPEE,HANAPEPE
8598.salary,9500,95000
15806.childexemp,***,0
18017.zip,374u3,3743
2012.city,CUMBEbRLAND,CUMBERLAND
11106.singleexemp,***,0
14955.haschild,zY,Y
1455.maritalstatus,,S
8330.marriedexemp,n0,0
13553.areacode,41,401
4119.lname,Yloen,Ylonen
18862.gender,yM,M
2506.state,T,CT
10295.phone,587-1327,587-1372
949.phone,p913-7860,913-7860
16364.childexemp,,0
7569.singleexemp,,0
8773.singleexemp,***,0
13026.state,TC,CT
14135.maritalstatus,,M
18738.state,T,CT
7589.fname,dHichum,Hichum
3074.city,CANOuGA PARK,CANOGA PARK
10509.singleexemp,100,1000
12758.singleexemp,***,0
9786.areacode,937,973
9944.singleexemp,,0
9187.areacode,193,913
1063.lname,Formella***,Formella
4881.childexemp,2s400,2400
2170.haschild,,N
782.city,BROOHAVEN,BROOKHAVEN
8552.areacode,07,207
19242.phone,898-718,898-7918
5987.singleexemp,2j0,20
261.state,CD,DC
16737.state,T,CT
8112.state,D,SD
16218.state,CD,DC
16459.state,TC,CT
93.gender,,M
17266.zip,768k20,76820
8129.gender,,F
8470.singleexemp,03,103
7711.childexemp,,0
7405.salary,85000***,85000
15727.childexemp,***,0
16004.childexemp,,0
2353.lname,omov,Tomov
8487.marriedexemp,6600***,6600
18063.salary,5000,25000
19065.fname,Liijng,Lijing
9178.fname,Miic,Mic
9196.lname,Wehsung,Wechsung
1672.salary,1500,15000
6957.state,N,IN
13211.marriedexemp,660,6600
8782.childexemp,y0,0
12325.state,CD,DC
15242.state,DxC,DC
2291.zip,5a152,5152
1436.salary,e85000,85000
1921.areacode,037,307
18373.state,OC,CO
9674.salary,58000,85000
9033.singleexemp,w0,0
79.fname,Martny,Martyn
17557.city,FERNWOOsD,FERNWOOD
10780.singleexemp,1k000,1000
17425.state,D,ID
11448.zip,57615,56715
10350.city,SALIANS,SALINAS
14141.city,HAMPTNO,HAMPTON
18148.marriedexemp,,0
13947.state,O,CO
6628.fname,eimo,Heimo
14729.state,T,CT
17819.fname,Bozhiadr,Bozhidar
1254.city,PHOENXI,PHOENIX
10531.city,LASPIEDRAS,LAS PIEDRAS
10200.singleexemp,130,103
11988.haschild,eY,Y
19690.state,mDC,DC
1560.maritalstatus,,M
12228.childexemp,m0,0
11584.gender,,F
13389.state,C,DC
2286.marriedexemp,180b0,1800
10396.salary,5000,85000
5380.maritalstatus,***,S
269.state,O,CO
12470.gender,wF,F
10826.gender,eF,F
19796.haschild,sN,N
2277.city,SAINT GEOGES,SAINT GEORGES
16214.rate,.3,9.3
11688.childexemp,***,0
15473.zip,7214,37214
12463.state,uCT,CT
15851.state,O,CO
11223.salary,8000t0,80000
4159.lname,mpratwum,Ampratwum
17646.lname,Anqetil,Anquetil
18613.lname,Kadoa,Kadoda
3894.state,O,CO
16705.city,GUAYNABeO,GUAYNABO
12740.haschild,,Y
8883.haschild,,N
2805.gender,***,F
13122.childexemp,***,0
7511.fname,Hirohilsa,Hirohisa
18164.rate,c0.0,0.0
10857.maritalstatus,***,M
14459.salary,000,5000
12341.marriedexemp,q0,0
4267.city,GRAND SLE,GRAND ISLE
7479.haschild,,N
8406.city,GUAYNBAO,GUAYNABO
16126.rate,2w.5828125,2.5828125
5163.childexemp,***,0
17083.gender,vF,F
12638.gender,***,F
19393.fname,Ettoer,Ettore
7132.gender,,F
7855.singleexemp,d0,0
11398.gender,jM,M
4568.city,GREEVILLE,GREENVILLE
13303.marriedexemp,66a00,6600
6485.state,WhI,WI
11526.phone,450l-8618,450-8618
11350.marriedexemp,,0
8296.fname,Whya,Whay
14346.singleexemp,000,1000
8521.city,GUFFY,GUFFEY
10115.city,PYEN,POYEN
10198.fname,Liangwexi,Liangwei
6379.city,GREN BAY,GREEN BAY
15254.fname,Lurel,Laurel
2850.phone,7129-163,712-9163
12744.state,yDC,DC
14423.childexemp,,0
14040.state,T,CT
9764.marriedexemp,,0
4096.fname,Oalaf,Olaf
1208.fname,Doohun***,Doohun
16597.rate,.0,0.0
9882.lname,Oelmainn,Oelmann
1224.state,T,CT
2342.state,A,VA
7755.singleexemp,000,6000
17267.gender,,F
8583.areacode,315,351
1244.salary,25000***,25000
2976.salary,58000,85000
14906.gender,,F
18774.areacode,60,860
19010.phone,279-372,279-5372
18943.state,jWA,WA
7959.marriedexemp,660,6600
16477.salary,10000,100000
19333.areacode,70,270
2174.haschild,,Y
6970.marriedexemp,h0,0
8615.zip,2941,2914
5814.haschild,,Y
16340.singleexemp,,0
16213.phone,983-89a68,983-8968
11882.gender,,F
19004.childexemp,,0
19199.maritalstatus,iM,M
9158.childexemp,***,0
12424.singleexemp,10g00,1000
19936.maritalstatus,pM,M
12914.areacode,41t7,417
19899.singleexemp,000,1000
599.city,GRND FORKS,GRAND FORKS
6635.singleexemp,,0
7720.fname,aMmata,Mamata
17625.salary,95000***,95000
14429.gender,,M
641.gender,,M
19935.childexemp,***,0
15358.haschild,***,Y
8052.childexemp,***,0
13926.state,CD,DC
13366.salary,65000***,65000
5671.salary,l70000,70000
15225.marriedexemp,4000***,4000
12098.maritalstatus,***,M
14547.gender,wF,F
9846.singleexemp,d0,0
714.phone,70-84444,708-4444
15210.state,rNJ,NJ
77.zip,9006,89006
7840.singleexemp,d0,0
443.rate,50,5.0
15602.state,CD,DC
5059.haschild,***,N
1484.lname,Briziz,Brizzi
6214.city,GRAE,GRACE
5812.state,T,CT
8365.phone,183-602,183-9602
15191.gender,***,M
10414.marriedexemp,7500,5700
703.state,OM,MO
15859.singleexemp,,0
5710.singleexemp,***,0
3704.singleexemp,250,2250
14228.singleexemp,,0
19103.marriedexemp,6k600,6600
10288.state,T,CT
4323.maritalstatus,***,S
9419.singleexemp,1000***,1000
7094.singleexemp,3300***,3300
19228.gender,lF,F
12781.lname,Gusky,Gubsky
17221.singleexemp,o1000,1000
8488.haschild,cY,Y
14753.rate,.9,6.9
8266.childexemp,,0
16894.gender,***,F
5708.childexemp,,0
14804.lname,Varhgese,Varghese
11147.childexemp,r0,0
10122.haschild,***,Y
4180.gender,***,M
15826.singleexemp,0140,1040
12735.childexemp,,0
16609.phone,268-6z604,268-6604
12477.haschild,rN,N
11245.gender,***,F
11615.state,C,DC
16704.state,C,DC
19809.marriedexemp,6020,6200
6687.lname,lamen,Clamen
18714.rate,00,0.0
6632.phone,526n-5131,526-5131
19207.city,GODWIN,GOODWIN
4330.gender,,F
8633.marriedexemp,***,0
17961.childexemp,***,0
15175.rate,.0,0.0
14865.state,C,DC
14428.fname,Dipayn,Dipayan
12958.childexemp,,0
1739.lname,Paltkar,Patkar
6953.singleexemp,,0
6798.gender,,F
11422.areacode,r309,309
11537.marriedexemp,x0,0
531.state,I,WI
9758.singleexemp,210r0,2100
6310.rate,t6.0,6.0
7469.childexemp,,0
16083.state,TC,CT
9089.phone,286-80c40,286-8040
8707.fname,Ablio,Abilio
11375.singleexemp,2700***,2700
17140.singleexemp,v0,0
6845.singleexemp,p1000,1000
2875.phone,397-210,397-3210
17786.lname,Hintermaire,Hintermaier
8397.fname,aRbah,Rabah
18016.state,T,CT
10429.fname,Norivla,Norival
9099.rate,2.945,2.9475
19450.state,eRI,RI
3800.childexemp,n0,0
3346.areacode,340,304
2780.lname,Bporeddy,Boreddy
2186.haschild,***,N
19825.fname,Heiqki,Heiki
5083.state,YK,KY
7337.lname,oO''Callaghan,O''Callaghan
17515.state,CkA,CA
10459.fname,akher,Fakher
19473.childexemp,***,0
18130.city,EaLIZABETHTON,ELIZABETHTON
13720.fname,cYik,Yik
340.fname,Vqinot,Vinot
12970.areacode,059,509
9291.city,REELEY,GREELEY
9968.city,GOLDENRrOD,GOLDENROD
16133.childexemp,g0,0
14156.state,xDC,DC
15145.fname,Dai,Davi
17139.state,CnT,CT
3128.marriedexemp,***,0
12683.areacode,3z02,302
4002.maritalstatus,tM,M
2713.marriedexemp,,0
5385.rate,.8,7.8
10305.fname,Fzuyau,Fuyau
5313.salary,30000***,30000
16512.childexemp,p0,0
18554.state,CD,DC
7289.state,I,MI
19412.childexemp,,0
13309.marriedexemp,66r00,6600
3770.rate,.4,3.4
11488.salary,2000,20000
6362.fname,Tnio,Tino
19421.childexemp,,0
11088.salary,4000t0,40000
18019.haschild,***,N
14116.zip,457m66,45766
16437.areacode,73n1,731
17495.childexemp,m0,0
11116.rate,.75,4.75
8197.zip,6059,60559
17600.city,HANALIE,HANALEI
8967.marriedexemp,6600***,6600
12372.singleexemp,10f3,103
3464.fname,aina,Haina
10476.childexemp,***,0
6215.lname,Philpison,Philipson
18116.childexemp,t0,0
16487.fname,Gigory,Grigory
10687.phone,k291-5171,291-5171
9637.singleexemp,,0
10391.lname,Zolelr,Zoller
15521.gender,,F
11686.singleexemp,0100,1000
5725.fname,Gwopal,Gopal
18714.gender,cF,F
8698.fname,otomichi,Motomichi
16382.zip,h65023,65023
1145.gender,iM,M
5973.state,MN,NM
9364.zip,301q13,30113
11262.state,O,MO
4889.lname,Sindni,Sindoni
16471.haschild,***,Y
9298.rate,.50,5.0
4419.marriedexemp,20j80,2080
18876.zip,73h569,73569
7606.gender,,F
12262.maritalstatus,***,S
3996.fname,Odvar,Oddvar
9868.lname,Hinnfebusch,Hinnebusch
14293.childexemp,c0,0
4138.singleexemp,1000***,1000
4018.salary,1000,10000
8049.lname,Chetalji,Chetali
10317.salary,70000***,70000
17354.haschild,,Y
18683.gender,***,F
8772.haschild,,Y
4741.childexemp,***,0
13496.state,TC,CT
1914.salary,0000,50000
9593.rate,00,0.0
19341.marriedexemp,***,0
19149.state,OC,CO
11509.maritalstatus,***,S
12711.maritalstatus,***,S
17316.maritalstatus,***,M
5544.gender,,F
19553.areacode,052,502
2618.maritalstatus,,M
14411.rate,3.1052,3.1025
16851.state,hDC,DC
16060.phone,650e-1029,650-1029
7389.singleexemp,,0
2398.lname,Biergere,Bergere
7397.state,qCT,CT
1506.salary,9500,95000
13674.marriedexemp,600,6600
10055.city,GREENSBROO BEND,GREENSBORO BEND
18831.gender,***,F
7559.haschild,***,Y
16910.haschild,xN,N
19570.state,DrC,DC
9824.zip,5416,5461
8803.rate,4.229c7716,4.2297716
16523.salary,6d0000,60000
2378.fname,Pngfeng,Pangfeng
13155.childexemp,***,0
15507.childexemp,b0,0
5151.gender,,F
11477.gender,***,F
8843.zip,83144,83414
18668.city,qGREEN BAY,GREEN BAY
9232.state,TrN,TN
7732.areacode,887,878
16060.gender,kF,F
10224.state,zNC,NC
14002.state,CuT,CT
11976.gender,,F
15276.state,A,VA
9585.singleexemp,***,0
12284.childexemp,,0
13019.zip,81p527,81527
7128.salary,20000***,20000
17567.maritalstatus,pS,S
2625.singleexemp,,0
18073.lname,Hgegernes,Heggernes
9062.singleexemp,013,103
9756.gender,,F
12701.singleexemp,***,0
15257.marriedexemp,600,6600
18372.gender,,F
15174.marriedexemp,2400,4200
19775.maritalstatus,,M
8275.fname,Arnn,Arnon
10299.city,GREENSiBORO,GREENSBORO
7904.maritalstatus,***,M
16889.haschild,,N
3377.zip,53797,53779
13170.state,E,DE
2307.marriedexemp,0280,2080
1625.maritalstatus,***,M
4786.state,H,OH
14302.singleexemp,***,0
1017.state,K,OK
18453.gender,,F
9676.state,DbC,DC
2752.rate,00.,0.0
16835.city,UAYNABO,GUAYNABO
2506.childexemp,***,0
6735.lname,srael,Israel
10152.rate,00.,0.0
9684.singleexemp,1g03,103
17085.marriedexemp,500,5700
7261.salary,1000,15000
19573.marriedexemp,2800,2080
7372.areacode,280,208
13071.phone,v343-3180,343-3180
6627.haschild,,N
692.gender,mF,F
239.gender,***,M
6054.haschild,***,N
7536.gender,,F
19468.singleexemp,200,2400
16531.state,bDC,DC
19804.state,CqO,CO
1850.haschild,,N
17193.singleexemp,000,1000
18829.childexemp,q0,0
13140.state,CD,DC
9840.maritalstatus,***,M
8485.city,MOFFyIT,MOFFIT
14225.childexemp,***,0
7923.areacode,40p1,401
10099.city,GREAT FALSL,GREAT FALLS
12977.city,GRANITE ACNON,GRANITE CANON
5705.lname,usinski,Musinski
2582.areacode,65,605
1978.phone,677-490,677-4950
10787.gender,,M
5901.areacode,60,360
12228.state,T,CT
8103.lname,Assaf***,Assaf
6254.gender,,F
14539.city,POMPTON PALINS,POMPTON PLAINS
13384.fname,Inusp,Insup
11881.haschild,,Y
11068.state,wDC,DC
2810.childexemp,130z0,1300
12563.childexemp,300,3300
17914.state,DpC,DC
13579.gender,***,F
19998.fname,Lmuong,Luong
18067.marriedexemp,1040,1400
15790.phone,75-41044,754-1044
14247.state,CD,DC
10214.state,C,DC
16337.haschild,rY,Y
5310.maritalstatus,,M
1147.city,CLAYON,CLAYTON
18682.city,CILA,COILA
6801.haschild,lY,Y
5205.city,GhROTON,GROTON
18023.childexemp,,0
1931.state,Y,WY
5446.salary,2500r0,25000
6422.childexemp,t0,0
15051.gender,***,F
14016.areacode,80,980
5117.areacode,8r50,850
16702.maritalstatus,***,S
12971.zip,85044***,85044
2038.gender,tF,F
14360.singleexemp,100,1000
13330.state,CD,DC
16006.gender,zM,M
1048.zip,n19736,19736
9444.lname,Pirtschke,Pitschke
15820.singleexemp,1000***,1000
17722.fname,Dyeryle,Deryle
15500.city,GOOD THUNDjER,GOOD THUNDER
1163.phone,39-9708,339-9708
15376.lname,Scharer,Schairer
7592.gender,***,F
9003.gender,***,F
15708.state,wKY,KY
545.state,CeA,CA
13851.fname,Guur,Guru
7016.childexemp,,0
3171.maritalstatus,***,M
5635.phone,2277741,227-7741
11919.gender,***,F
16168.gender,,M
10384.state,nDE,DE
13185.state,C,DC
3147.childexemp,r0,0
5815.singleexemp,195,159
6961.city,BROKTON,BROOKTON
14388.zip,1969,19969
5443.zip,8852,38852
17892.marriedexemp,600,6600
19846.childexemp,***,0
19656.gender,,M
17927.areacode,70c1,701
8100.zip,5t9313,59313
18262.fname,Ludke,Ludek
2850.zip,80718,87018
2495.singleexemp,h0,0
5504.zip,4464,4644
18356.marriedexemp,260,206
4689.fname,Inbgert,Ingbert
7431.singleexemp,,0
2462.gender,***,F
13330.gender,***,F
15429.singleexemp,7200,2700
19919.city,HAMPTN,HAMPTON
7294.haschild,***,N
18509.city,GRAVILLE,GRANVILLE
10765.phone,48-5628,148-5628
10195.marriedexemp,h0,0
4700.salary,d95000,95000
9446.haschild,nY,Y
15197.city,PpAHOA,PAHOA
7715.areacode,60,260
18290.state,O,CO
10805.state,TC,CT
3777.marriedexemp,***,0
1698.areacode,547,574
7680.singleexemp,3300***,3300
8062.city,WASAIC,WASSAIC
4258.zip,61809,61089
13854.childexemp,2t72,272
4720.childexemp,2000***,2000
16392.marriedexemp,200,2080
14030.areacode,08,208
15499.marriedexemp,6600***,6600
13836.gender,***,M
17932.city,MODEL CITzY,MODEL CITY
12410.city,RGEENVILLE,GREENVILLE
18974.state,CD,DC
19431.state,OC,CO
18433.childexemp,,0
19115.rate,00,0.0
15286.gender,,F
19366.marriedexemp,6060,6600
8970.state,K,AK
13707.phone,895-12i61,895-1261
11219.singleexemp,0100,1000
9236.childexemp,***,0
17058.state,CD,DC
2845.gender,***,F
18980.areacode,02,302
15105.childexemp,***,0
15313.gender,***,F
19428.singleexemp,***,0
5331.salary,75000***,75000
18531.state,O,CO
8823.marriedexemp,,0
15860.areacode,53,253
16281.state,sOR,OR
10329.gender,,F
17078.fname,Zhel,Zohel
5386.city,MINNEAPOILS,MINNEAPOLIS
14274.singleexemp,000,1000
7471.city,GUNNION,GUNNISON
11218.phone,779-36q21,779-3621
9438.maritalstatus,,M
12264.singleexemp,500,1500
10921.haschild,sN,N
13663.fname,immie,Jimmie
11741.city,JAESTOWN,JAMESTOWN
13547.gender,vM,M
13383.marriedexemp,600,6600
4975.salary,5000,25000
11789.state,mCT,CT
514.state,AG,GA
11564.gender,jF,F
17401.gender,xF,F
3128.haschild,cN,N
5420.haschild,***,N
8031.city,GnRANT,GRANT
11805.areacode,260,206
6918.marriedexemp,600,6600
15582.rate,3.6109895,3.6019895
287.marriedexemp,,0
5410.singleexemp,,0
10055.marriedexemp,6060,6600
16246.marriedexemp,660,6600
17854.maritalstatus,,M
18039.zip,4u1559,41559
13650.rate,60.,6.0
6550.maritalstatus,,M
10197.singleexemp,100,1000
12713.phone,2w45-3942,245-3942
1649.rate,2.53h57144,2.5357144
10468.state,aDC,DC
2553.childexemp,275,2475
15824.lname,oGlichowski,Golichowski
16830.gender,,F
11147.state,uCT,CT
1560.areacode,340,430
11539.maritalstatus,,M
14675.salary,3000,35000
3155.fname,Gugjno,Gugjon
19496.phone,10-8081,120-8081
11685.singleexemp,1000***,1000
4878.marriedexemp,42u00,4200
5374.singleexemp,r1500,1500
17375.singleexemp,***,0
19926.maritalstatus,dM,M
14693.childexemp,110***,110
14821.state,C,DC
7342.state,D,MD
2400.childexemp,150,1500
10260.state,CD,DC
15478.state,aCO,CO
5965.singleexemp,1000***,1000
7275.childexemp,***,0
5945.haschild,***,Y
6698.zip,8660,6860
3819.maritalstatus,***,S
4668.areacode,991,919
15187.maritalstatus,tM,M
8983.areacode,198,918
16367.singleexemp,000,1000
15776.maritalstatus,,S
17163.marriedexemp,6b600,6600
17843.state,C,DC
15893.phone,514-442,514-4472
16033.singleexemp,k0,0
18673.singleexemp,***,0
665.childexemp,03,103
17037.city,GREENLANzD,GREENLAND
12569.childexemp,***,0
14004.marriedexemp,6f600,6600
8772.salary,80500,85000
5802.childexemp,***,0
14002.childexemp,***,0
8741.phone,412-546,412-5546
9701.city,GROER,GROVER
19420.childexemp,***,0
19197.state,OC,CO
15830.gender,,F
15195.childexemp,,0
17346.state,CD,DC
18675.fname,Giacintlo,Giacinto
7469.singleexemp,n0,0
9694.rate,.0,0.0
7659.state,D,ND
779.gender,,M
9942.phone,763-3m751,763-3751
17607.state,C,DC
4514.marriedexemp,***,0
12133.zip,30850,30805
8732.areacode,08,608
7826.areacode,798,978
7983.marriedexemp,62l00,6200
18107.gender,***,M
17076.singleexemp,000,1000
11239.fname,orry,Morry
17116.gender,,F
12383.fname,agi,Hagi
1432.marriedexemp,k0,0
18735.city,GURAO,GURABO
10506.singleexemp,,0
9023.gender,,F
7777.phone,74-1667,274-1667
1454.marriedexemp,6600***,6600
16558.city,GREAtT CACAPON,GREAT CACAPON
8336.phone,869-y1301,869-1301
15249.areacode,20u7,207
2710.city,PIMENoTO,PIMENTO
15922.singleexemp,19,159
4989.state,TC,CT
18344.maritalstatus,iS,S
18595.childexemp,2e000,2000
10795.singleexemp,,0
7674.city,hHAMPTON,HAMPTON
12270.salary,000,5000
2700.haschild,***,N
6308.areacode,3h60,360
17907.salary,50000***,50000
11216.fname,Bashicr,Bashir
17325.state,C,DC
16114.zip,1197p1,11971
3231.childexemp,137c0,1370
16784.state,T,CT
10710.state,T,CT
5943.singleexemp,137x0,1370
12266.state,CD,DC
8323.city,GROE SPRINGS,GORE SPRINGS
18415.gender,,F
14807.childexemp,***,0
11132.rate,.60,6.0
11909.gender,,F
4640.lname,Zaumne,Zaumen
16299.fname,Satyankarayana,Satyanarayana
4647.state,T,CT
16040.state,CmT,CT
1541.rate,00,0.0
18672.singleexemp,y0,0
6325.lname,Iagcovou,Iacovou
5764.childexemp,***,0
8094.state,O,CO
8825.lname,Lun,Lunn
15609.singleexemp,140,1040
14451.state,CD,DC
16843.childexemp,h0,0
12833.state,O,MO
10106.zip,720,2720
8444.marriedexemp,660g0,6600
10500.haschild,***,N
2835.maritalstatus,***,M
6013.state,TC,CT
17434.gender,***,F
13051.singleexemp,2d0,20
3012.city,PRMIROSE,PRIMROSE
8539.gender,,F
12675.phone,38n0-3625,380-3625
17112.city,GREENxWOOD,GREENWOOD
7876.areacode,37,307
11982.lname,Mooscato,Moscato
6088.maritalstatus,***,M
6038.fname,Lafi,Laif
2171.lname,Presttjun,Presttun
5990.childexemp,h0,0
16276.state,CD,DC
14200.state,CD,DC
29.gender,***,F
8204.phone,355h-8725,355-8725
17795.childexemp,***,0
2162.city,HARTON,WHARTON
13542.childexemp,g0,0
18980.salary,01000,10000
18830.city,HANCEVILE,HANCEVILLE
19409.state,T,CT
11704.maritalstatus,***,M
2261.gender,aF,F
10875.gender,hM,M
6894.city,GREENILLE,GREENVILLE
1272.zip,4133,74133
13076.marriedexemp,600,6600
9795.state,TC,CT
10337.marriedexemp,600,6600
16700.singleexemp,***,0
19065.state,C,DC
11769.zip,8030,8003
6087.gender,,M
16428.gender,***,F
11907.singleexemp,,0
9501.maritalstatus,,S
16260.state,DjC,DC
17844.marriedexemp,d0,0
16723.salary,2500,25000
14315.singleexemp,000,1000
797.state,EN,NE
19234.haschild,,N
11904.city,GREENWOOD SqPRINGS,GREENWOOD SPRINGS
4667.marriedexemp,p0,0
7717.zip,9y5927,95927
17353.fname,Hovva,Hovav
3695.areacode,806,860
17557.lname,Nahapteian,Nahapetian
16379.singleexemp,10c00,1000
10056.haschild,xY,Y
13318.city,MONTGOMEYR,MONTGOMERY
11554.gender,,F
19879.state,C,DC
10721.state,T,CT
16334.city,OLF,GOLF
10364.zip,60604,60640
3817.rate,34.,3.4
8319.rate,00,0.0
10361.state,sVT,VT
710.maritalstatus,lM,M
3718.salary,50a00,5000
12117.childexemp,***,0
18049.marriedexemp,200,6200
11960.phone,392-34s59,392-3459
19421.city,HALxL,HALL
17539.childexemp,,0
17493.marriedexemp,6600***,6600
11791.haschild,,Y
13178.lname,Reinhitzer,Reinitzer
13680.childexemp,,0
13178.zip,8050n3,80503
13066.gender,,F
5126.areacode,25,205
1547.haschild,jY,Y
4863.phone,51f2-3395,512-3395
7258.haschild,,N
3357.haschild,wN,N
1007.areacode,970,907
12509.childexemp,,0
18114.city,GREENVILE,GREENVILLE
14483.state,T,CT
11424.salary,55000***,55000
15972.lname,Banaree,Banare
14727.gender,gF,F
12032.marriedexemp,2p06,206
13963.lname,Hondasch,Horndasch
18595.state,IyL,IL
7530.phone,716-84g15,716-8415
14362.childexemp,,0
13536.singleexemp,000,1000
3806.city,VADIVER,VANDIVER
6789.phone,20-1803,206-1803
12055.gender,,F
12606.singleexemp,1s03,103
14751.state,T,CT
10959.lname,Skaptulla,Skatulla
4767.childexemp,,0
6694.lname,Turkejiev,Turkedjiev
9829.marriedexemp,400,4000
4253.city,GRAPEVNE,GRAPEVINE
16492.city,QUEEN CREEK***,QUEEN CREEK
867.singleexemp,013,103
13515.gender,,F
1699.areacode,33s7,337
16171.childexemp,w0,0
14533.phone,859-8715,859-8751
12710.areacode,4y19,419
14563.state,qDC,DC
3827.phone,48-3203,948-3203
11789.childexemp,s0,0
7280.singleexemp,100n0,1000
12290.marriedexemp,,0
468.gender,,M
2584.gender,iF,F
10034.gender,***,F
89.maritalstatus,dS,S
8179.marriedexemp,660,6600
16369.phone,937-719,937-7719
19914.singleexemp,,0
5193.singleexemp,q87,87
6978.fname,yeong,Byeong
8515.marriedexemp,600,6600
3831.city,NEW ORLAENS,NEW ORLEANS
1569.state,AI,IA
4099.state,DqC,DC
4082.state,DN,ND
142.zip,9672d1,96721
15147.singleexemp,300,3300
16365.maritalstatus,***,S
3783.singleexemp,000,1000
13480.singleexemp,900,1900
9922.haschild,***,Y
18652.marriedexemp,6600***,6600
2892.phone,6911-252,691-1252
3413.childexemp,000,1000
14977.city,NAHSVILLE,NASHVILLE
345.city,AFAYETTE,LAFAYETTE
6056.gender,qF,F
19065.marriedexemp,740,2740
15464.city,GhOLDEN VALLEY,GOLDEN VALLEY
12283.gender,iF,F
8238.marriedexemp,***,0
13213.gender,***,F
13915.zip,92576,92567
15363.state,DxC,DC
2909.childexemp,***,0
9660.gender,aM,M
3966.singleexemp,1x000,1000
17492.childexemp,r0,0
18605.salary,7000,70000
3301.singleexemp,***,0
1678.childexemp,300,3300
16672.gender,qF,F
9335.marriedexemp,***,0
614.phone,648-1369,468-1369
9737.areacode,08,308
8956.rate,4.36,4.63
7712.fname,Debbe,Debbie
8965.singleexemp,7200,2700
5610.areacode,08,208
12554.haschild,***,N
15563.lname,aWgle,Wagle
13439.city,WHITE HAL,WHITE HALL
15904.rate,00.,0.0
15500.marriedexemp,600,6600
13797.state,C,DC
12362.singleexemp,l0,0
13788.phone,170-6248,170-2648
8492.areacode,391,931
11343.haschild,,N
16838.state,sMN,MN
16781.marriedexemp,e6600,6600
5130.state,CD,DC
7692.singleexemp,,0
18841.state,DjC,DC
17105.singleexemp,***,0
9415.gender,***,M
2897.phone,801-201,801-2401
7177.areacode,52,952
10692.singleexemp,,0
17326.marriedexemp,l6600,6600
15207.childexemp,***,0
3488.city,MONREO,MONROE
13792.marriedexemp,***,0
15394.salary,5000***,5000
10805.childexemp,,0
19156.city,HIALEY,HAILEY
12289.fname,jKesavan,Kesavan
14660.state,CD,DC
6962.phone,x156-5567,156-5567
16496.gender,sF,F
693.maritalstatus,eM,M
12872.state,bCT,CT
18978.childexemp,,0
19563.state,OC,CO
4757.rate,30.,3.0
9749.marriedexemp,***,0
18285.city,BARDSOTWN,BARDSTOWN
14800.rate,0u.0,0.0
15126.state,CoO,CO
1440.gender,,M
10923.singleexemp,r0,0
5715.state,kNY,NY
13007.singleexemp,13,103
8153.marriedexemp,,0
5171.salary,5000,15000
19579.state,I,WI
13549.phone,458-973,458-9783
2683.salary,2000,20000
13134.haschild,qN,N
18945.childexemp,,0
6897.childexemp,2400***,2400
17083.city,EWTON HIGHLANDS,NEWTON HIGHLANDS
17694.gender,***,M
12283.singleexemp,***,0
8553.state,T,CT
4368.rate,4.z63,4.63
12130.singleexemp,100z0,1000
12753.city,GIULD,GUILD
18922.city,HANCEVILEL,HANCEVILLE
8779.salary,0000,60000
13734.fname,Kavzuo,Kazuo
6817.lname,Kafats,Kafatos
2561.childexemp,l0,0
6637.marriedexemp,,0
4740.maritalstatus,sM,M
14500.state,gDC,DC
4329.areacode,530,503
2097.rate,x7.0,7.0
11472.haschild,,N
11652.singleexemp,1000***,1000
8742.lname,Gwuojun,Guojun
16612.haschild,,Y
14688.state,CD,DC
13973.state,VaA,VA
18220.state,nDC,DC
8557.fname,Jonha,Jonah
13430.maritalstatus,iM,M
10896.maritalstatus,jM,M
10313.singleexemp,q103,103
14782.state,hCT,CT
14810.zip,2k6386,26386
19400.haschild,,Y
5946.marriedexemp,o6600,6600
14310.gender,yF,F
19081.state,C,DC
2403.gender,sF,F
4495.phone,01-4434,101-4434
8753.haschild,lY,Y
4211.city,SANISH FORT,SPANISH FORT
17566.state,O,CO
17982.gender,,F
7791.haschild,***,Y
13191.areacode,325,352
13104.childexemp,***,0
15647.state,C,DC
18961.singleexemp,***,0
17478.singleexemp,,0
10477.areacode,r712,712
18265.marriedexemp,600,6600
6645.gender,***,F
19734.singleexemp,,0
4206.singleexemp,***,0
10931.city,WARNqER ROBINS,WARNER ROBINS
12695.childexemp,,0
11539.haschild,rN,N
8174.marriedexemp,***,0
5294.marriedexemp,6600***,6600
15679.city,HALEIAW,HALEIWA
17741.phone,114-793,114-7963
2396.childexemp,a0,0
9281.fname,aTrmo,Tarmo
11733.salary,000,5000
8397.childexemp,,0
6644.marriedexemp,6600***,6600
9156.salary,7500,75000
1949.state,L,IL
11058.salary,8k5000,85000
10857.marriedexemp,000,2000
16946.phone,89-3377,879-3377
18101.gender,***,F
9766.salary,56000,65000
13392.rate,m0.0,0.0
9986.state,V,WV
976.zip,4205,24205
18586.city,GREENlBRIER,GREENBRIER
12244.rate,t4.707031,4.707031
9972.city,GRANITECANON,GRANITE CANON
10831.zip,0188,30188
5903.lname,Nlol,Noll
15524.state,JN,NJ
4811.haschild,,Y
15214.childexemp,,0
3297.marriedexemp,000,4000
796.gender,cF,F
19194.state,C,DC
19211.city,GAND FORKS,GRAND FORKS
4331.phone,6263044,626-3044
7409.salary,25g000,25000
18454.singleexemp,300,1300
7885.childexemp,,0
10124.fname,Vreonika,Veronika
7961.maritalstatus,,S
5487.areacode,e574,574
15065.marriedexemp,600,6600
536.fname,Wats,Watts
8349.lname,Pioela,Piola
5944.gender,pF,F
8489.maritalstatus,,M
13453.zip,99659,99695
12578.state,cCO,CO
17989.singleexemp,1000***,1000
13527.marriedexemp,***,0
17170.marriedexemp,1400***,1400
13993.city,RACEY,GRACEY
16408.gender,***,M
16860.singleexemp,130,103
15482.singleexemp,1000***,1000
10896.salary,60500,65000
16318.rate,.4,3.4
7671.city,GRAND FORSK,GRAND FORKS
15458.city,GRENEWOOD,GREENWOOD
467.state,CD,DC
682.state,C,DC
17855.gender,,F
10453.city,LEXINGOTN,LEXINGTON
4662.phone,931-8k680,931-8680
7607.rate,2.68039,2.68309
17693.state,C,DC
19412.fname,Zsuza,Zsuzsa
6176.maritalstatus,,M
12705.city,PAPAALAO,PAPAALOA
15050.state,O,CO
11118.lname,armelee,Parmelee
7427.state,TC,CT
4649.gender,zF,F
6324.state,CeO,CO
5906.state,rOK,OK
8391.haschild,,Y
12856.city,GREEwR,GREER
6313.areacode,055,505
9946.singleexemp,h2700,2700
6347.gender,aF,F
15558.marriedexemp,4r200,4200
15631.state,DS,SD
6996.singleexemp,,0
2690.city,COEUR Dh ALENE,COEUR D ALENE
9970.salary,30000***,30000
16998.zip,37744***,37744
13096.fname,Darwny,Darwyn
4156.areacode,310,301
16663.singleexemp,***,0
8510.state,AW,WA
10970.childexemp,,0
17102.salary,0000,50000
16666.childexemp,3300***,3300
16168.childexemp,***,0
9543.maritalstatus,,S
2961.childexemp,***,0
812.rate,50.,5.0
12415.city,HANALIE,HANALEI
15981.state,wDC,DC
5363.state,RA,AR
13870.marriedexemp,***,0
19425.gender,mF,F
8630.maritalstatus,***,M
829.gender,***,M
18931.gender,qM,M
16094.singleexemp,000,1000
1462.maritalstatus,,M
18221.state,jDC,DC
11887.gender,,F
9237.singleexemp,***,0
5598.gender,***,M
2557.phone,41-56798,415-6798
13294.singleexemp,k0,0
290.state,DlC,DC
16495.marriedexemp,5700***,5700
8956.state,CgO,CO
11941.gender,,M
11964.phone,387-572,387-5752
11811.singleexemp,1000***,1000
11155.gender,sF,F
16108.fname,Ishaqntha,Ishantha
988.marriedexemp,,0
12958.haschild,vN,N
5411.haschild,,Y
4029.gender,fM,M
3455.rate,4.3881079,4.3881097
14631.childexemp,100,1900
429.zip,2570,25670
19697.childexemp,o0,0
2947.gender,***,F
6894.singleexemp,,0
216.childexemp,1730,1370
11624.gender,vM,M
8871.city,HALLOELL,HALLOWELL
18610.haschild,kY,Y
7948.phone,10-36004,103-6004
10852.rate,.00,0.0
5420.marriedexemp,660,6600
11313.phone,45-4072,445-4072
15416.childexemp,***,0
639.state,DnC,DC
2699.phone,309-753l8,309-7538
7259.haschild,***,Y
14588.fname,tNoushin,Noushin
12254.gender,***,F
10299.rate,60,6.0
19414.salary,k90000,90000
14752.rate,0c.0,0.0
7655.fname,Zhaohuoi,Zhaohui
11866.state,zCT,CT
8422.singleexemp,o0,0
1346.gender,,M
8619.state,VbA,VA
18527.maritalstatus,,S
1907.phone,85m7-6506,857-6506
11874.singleexemp,h0,0
5461.singleexemp,***,0
11236.zip,7z1447,71447
5148.salary,5000,35000
19527.childexemp,,0
19033.childexemp,***,0
1780.areacode,028,208
1988.haschild,***,Y
19447.state,TC,CT
15635.maritalstatus,***,M
1702.salary,5e000,5000
6228.state,ED,DE
11024.singleexemp,,0
6976.fname,Susaanta,Susanta
14327.state,TC,CT
19217.maritalstatus,lM,M
13092.gender,eM,M
12974.gender,,M
5863.salary,51000,15000
9055.state,N,IN
13333.singleexemp,***,0
2980.fname,Snoal,Sonal
11748.fname,Orni,Orin
16484.state,CD,DC
3166.state,V,WV
2418.state,O,CO
15717.singleexemp,0200,2000
10589.city,RANITE CANON,GRANITE CANON
19064.maritalstatus,***,S
4879.marriedexemp,,0
19872.gender,,F
13369.phone,a363-7700,363-7700
1072.haschild,mN,N
18325.marriedexemp,,0
11045.state,C,DC
19105.city,nLAIE,LAIE
910.salary,20500,25000
7930.marriedexemp,6600***,6600
8134.phone,57-3389,527-3389
5913.state,OC,CO
18780.state,C,DC
7822.lname,Jessu,Jesus
16351.state,CD,DC
10013.rate,39,3.9
15436.city,RAND ISLAND,GRAND ISLAND
4619.zip,4326,47326
12428.gender,gF,F
12690.childexemp,285f0,2850
18283.gender,,F
16996.singleexemp,,0
11198.areacode,i712,712
15825.rate,.6,3.6
17088.state,MjD,MD
18138.haschild,,N
10621.state,DwC,DC
4865.phone,448-5924,448-5294
4932.zip,955***,955
14422.marriedexemp,6600***,6600
3349.state,TC,CT
15975.childexemp,d0,0
15107.areacode,70z2,702
18950.singleexemp,10i00,1000
9684.salary,15000***,15000
3608.childexemp,1000***,1000
352.areacode,503,530
2038.state,CeT,CT
12157.city,DAVENORT,DAVENPORT
10633.marriedexemp,180k0,1800
16911.city,FRNACONIA,FRANCONIA
9158.state,TC,CT
17462.maritalstatus,bS,S
12809.maritalstatus,***,M
13740.haschild,,N
6963.maritalstatus,kM,M
959.rate,70.,7.0
6050.city,ALSEY,HALSEY
7981.city,GRANINS,GRANNIS
10070.haschild,lN,N
8201.salary,5u5000,55000
16395.lname,aUngar,Ungar
8043.singleexemp,p0,0
16087.marriedexemp,6600***,6600
5659.childexemp,***,0
6192.gender,uF,F
3178.phone,55-9017,505-9017
1049.haschild,***,N
5234.rate,6.1223123,6.1232123
4423.zip,49009***,49009
10607.state,CD,DC
18869.city,HNANA,HANNA
13041.marriedexemp,e6600,6600
8710.salary,30000***,30000
19642.city,HANCOKC,HANCOCK
13510.salary,6500,65000
4753.city,HAMPOTN,HAMPTON
576.singleexemp,m2250,2250
1085.areacode,63,603
3303.haschild,rY,Y
9467.childexemp,***,0
12644.marriedexemp,i0,0
11179.city,GRAFfTON,GRAFTON
7757.lname,Giflhooly,Gilhooly
10237.rate,x7.8,7.8
10961.gender,***,F
14566.areacode,576,567
2121.state,S,KS
13253.zip,813l31,81331
15446.singleexemp,13,103
4171.areacode,06,406
2862.childexemp,g1370,1370
18582.singleexemp,z1000,1000
19232.gender,***,F
10337.areacode,v802,802
537.singleexemp,3300***,3300
6483.marriedexemp,600,6600
11719.maritalstatus,***,S
5268.lname,Heienga,Heijenga
13774.state,TC,CT
15049.areacode,320,302
12139.phone,83-5733,873-5733
5643.marriedexemp,6u600,6600
118.city,MILLINGOTN,MILLINGTON
17806.marriedexemp,600,6600
18522.zip,8515,87515
11991.marriedexemp,200,4200
10904.rate,.85,7.85
10028.state,OC,CO
4939.city,GRENVILLE,GREENVILLE
4489.state,sCO,CO
18701.singleexemp,***,0
4291.maritalstatus,***,M
17215.areacode,4j02,402
3186.gender,,F
3127.phone,92-71044,927-1044
11866.childexemp,***,0
12042.city,GREENVILnLE,GREENVILLE
10546.state,TC,CT
14490.state,C,DC
9893.gender,***,F
15936.singleexemp,,0
11279.fname,Huifne,Huifen
11105.state,DM,MD
19156.marriedexemp,660,6600
17989.lname,Indiresna,Indiresan
11417.marriedexemp,6060,6600
18986.childexemp,,0
10086.marriedexemp,6060,6600
8895.phone,579-661,579-6611
11558.state,C,DC
6958.state,T,CT
15889.singleexemp,03,103
16295.lname,hickermane,Chickermane
10793.city,GREENSUBRG,GREENSBURG
14141.marriedexemp,600,6600
6159.fname,Satnos,Santos
2917.childexemp,***,0
15494.city,HALLOWEL,HALLOWELL
11214.lname,Masinmi,Masini
250.fname,Rde,Rade
19408.city,GREATFALLS,GREAT FALLS
11854.gender,zM,M
11480.state,pCO,CO
11334.state,CmT,CT
3150.marriedexemp,***,0
898.fname,Javmshed,Jamshed
16177.salary,0000,90000
16768.rate,.0,9.0
15132.gender,,F
4065.lname,Shcilier,Schilier
14344.city,WILMINpGTON,WILMINGTON
8864.gender,***,F
4490.state,YN,NY
7691.gender,eF,F
16763.state,O,CO
15410.marriedexemp,,0
19220.childexemp,,0
19758.gender,hM,M
1058.salary,10000,100000
8367.state,CzT,CT
15217.marriedexemp,600,6600
549.gender,tF,F
3261.marriedexemp,660c0,6600
13837.state,C,DC
6227.rate,50.,5.0
7509.gender,eF,F
2083.fname,Kazuxhito,Kazuhito
3616.singleexemp,,0
19320.state,CS,SC
1187.salary,90n000,90000
6696.gender,oF,F
1465.maritalstatus,***,M
7922.zip,7079,7709
19329.childexemp,***,0
16026.fname,Inerpal,Inderpal
19844.gender,tF,F
9701.state,OC,CO
16154.salary,450m00,45000
1157.fname,Doothy,Dorothy
18648.lname,rVygen,Vygen
11539.gender,,M
10983.fname,Ananhta,Anantha
19118.marriedexemp,,0
12383.maritalstatus,,M
5789.city,GERENWOOD,GREENWOOD
1010.haschild,,Y
1325.state,V,NV
18989.childexemp,***,0
7554.marriedexemp,,0
9130.city,KAlNAB,KANAB
16399.city,MLIWAUKEE,MILWAUKEE
18213.phone,j409-8111,409-8111
15024.zip,2784,27804
12598.gender,,M
17406.marriedexemp,6060,6600
6514.marriedexemp,6600***,6600
9311.fname,Hyunchelo,Hyuncheol
3124.city,GOSHEhN,GOSHEN
17562.state,DkC,DC
19080.haschild,cN,N
9402.gender,,F
19083.lname,Lllana,Llana
8194.gender,***,F
18214.lname,Saadoui,Sadaoui
16471.state,C,DC
14447.state,C,DC
940.fname,Swmay,Swamy
16948.state,xDC,DC
7152.rate,5.6266635,5.6626635
9626.state,LA,AL
7528.childexemp,,0
6809.city,RIDGLEY,RIDGELY
17036.rate,.0,0.0
18124.areacode,r623,623
11985.phone,313-9289,313-9298
12829.salary,500s0,5000
12458.singleexemp,1000***,1000
2565.lname,Weldcome,Welcome
11870.singleexemp,t0,0
18891.city,GREENSBOOR,GREENSBORO
1297.childexemp,,0
8635.singleexemp,i0,0
8524.singleexemp,***,0
4785.zip,23114,23141
16314.gender,,F
19682.areacode,032,302
5806.city,GRAT,GRANT
726.singleexemp,j0,0
14927.areacode,6u61,661
5683.state,CrO,CO
8399.childexemp,,0
18383.state,C,DC
10178.marriedexemp,200,6200
16095.city,BUCKNjER,BUCKNER
17830.state,I,RI
12901.areacode,993,939
11366.state,xPA,PA
11860.city,HAILEYy-*,HAILEY-*
17901.state,OC,CO
7618.maritalstatus,nM,M
10743.areacode,20y7,207
10909.marriedexemp,p0,0
9885.maritalstatus,,S
16503.salary,50000***,50000
13128.childexemp,,0
7772.state,T,CT
15886.areacode,2u67,267
4632.maritalstatus,***,S
18710.lname,McDermimd,McDermid
8359.singleexemp,o0,0
16470.phone,702-1144***,702-1144
15547.state,DzC,DC
14627.city,GOODIGN,GOODING
5390.singleexemp,,0
12686.lname,Cuswortph,Cusworth
8079.childexemp,e0,0
15684.marriedexemp,600,6600
10923.areacode,91c0,910
10464.phone,590-a2007,590-2007
1209.haschild,***,Y
8300.city,LILuESVILLE,LILESVILLE
6994.zip,0026,80026
17960.state,sDC,DC
8642.city,CUT OFF***,CUT OFF
8022.zip,467,6467
8816.rate,6x.5,6.5
13905.haschild,***,Y
16353.childexemp,,0
2647.state,CxT,CT
17868.rate,n6.9,6.9
7227.singleexemp,,0
18488.childexemp,h0,0
1942.phone,358-f3293,358-3293
4773.state,yRI,RI
4900.fname,Eliaa,Eliana
671.haschild,,N
18125.state,C,DC
9082.city,PEERLEaSS,PEERLESS
16893.childexemp,q0,0
5482.marriedexemp,40m00,4000
12107.city,GIULD,GUILD
11566.gender,,F
16138.state,TC,CT
16170.gender,sF,F
15825.marriedexemp,600,6600
8765.childexemp,k0,0
12232.city,GREENVILE,GREENVILLE
16659.marriedexemp,66k00,6600
19467.haschild,fY,Y
2551.fname,Cafra,Cara
10526.salary,40000***,40000
13509.singleexemp,1000***,1000
12026.fname,Avly,Alvy
8681.state,K,OK
7636.city,DAGSBORkO,DAGSBORO
14535.rate,.0,0.0
15836.city,GOFFSTOlWN,GOFFSTOWN
4993.gender,zM,M
10544.maritalstatus,,M
16678.singleexemp,10r00,1000
16730.fname,iroko,Hiroko
16607.city,GUANABO,GUAYNABO
10677.salary,8500n0,85000
4264.gender,,M
17599.state,CD,DC
10133.state,CD,DC
12138.maritalstatus,kS,S
10774.city,HALL***,HALL
15133.haschild,jY,Y
8660.fname,Dazle,Dale
18729.marriedexemp,200,6200
10648.gender,tF,F
14711.singleexemp,1f000,1000
11206.childexemp,,0
6592.areacode,20,270
9561.maritalstatus,pM,M
5125.salary,5000,50000
14418.state,VN,NV
13186.phone,488-9q112,488-9112
17523.state,SM,MS
19969.state,O,CO
18755.lname,Krisdhnan,Krishnan
7198.gender,pF,F
7537.gender,,F
27.zip,73916,37916
16656.gender,***,F
14772.singleexemp,200,2000
16828.marriedexemp,6600***,6600
9725.phone,828-x9588,828-9588
1188.areacode,80u8,808
1850.areacode,574,754
11020.maritalstatus,cM,M
18591.haschild,,Y
5140.zip,7236,72326
15493.childexemp,***,0
17771.childexemp,x2250,2250
16684.state,CD,DC
8932.areacode,3k14,314
18813.city,RED ALLEY,RED VALLEY
4907.salary,2000,20000
12600.gender,tF,F
15869.city,UDLUTH,DULUTH
11238.salary,5000,15000
19612.city,DIXfON,DIXON
12955.childexemp,,0
15695.phone,399-962,399-9362
17944.marriedexemp,200,6200
11270.lname,ohlhase,Kohlhase
2715.state,jWI,WI
19298.singleexemp,***,0
1081.city,GOUcLDSBORO,GOULDSBORO
14121.state,TC,CT
85.maritalstatus,zS,S
13180.city,AOKDALE,OAKDALE
19646.marriedexemp,c0,0
8356.state,KA,AK
13661.areacode,40,240
643.gender,,F
17642.childexemp,,0
13045.city,FAIuRHOPE,FAIRHOPE
12575.state,TC,CT
1215.childexemp,,0
10817.marriedexemp,***,0
13303.city,GRND FORKS,GRAND FORKS
12913.zip,8360,83660
16602.fname,Ehirc,Ehric
9819.maritalstatus,bS,S
1992.state,LA,AL
2238.city,AOKFIELD,OAKFIELD
10349.singleexemp,1a03,103
11671.singleexemp,,0
17454.fname,Jamsphed,Jamshed
18712.maritalstatus,,M
3226.marriedexemp,x0,0
9578.state,CrT,CT
7415.phone,960-9195,960-1995
7923.gender,***,F
7717.rate,93.,9.3
16318.childexemp,i0,0
8344.areacode,550,505
11503.childexemp,***,0
11886.singleexemp,10e00,1000
13828.salary,1000,10000
17962.marriedexemp,6600***,6600
9246.childexemp,13m70,1370
3055.gender,yF,F
13794.rate,.75,5.75
17250.lname,Aciloy,Acioly
9744.haschild,,Y
17867.state,xDC,DC
2210.state,fME,ME
17704.state,TC,CT
13856.singleexemp,27z00,2700
14454.state,N,MN
13994.salary,15000***,15000
15645.lname,Antonacci***,Antonacci
6043.gender,,F
10531.rate,0.w0,0.0
10361.childexemp,300,3300
19421.fname,Yuanyuna,Yuanyuan
4715.city,GUNNISaON,GUNNISON
11871.marriedexemp,r6600,6600
6260.maritalstatus,,S
7065.childexemp,03,103
11655.state,nNH,NH
4069.marriedexemp,u0,0
19657.childexemp,t0,0
12068.state,RO,OR
9532.gender,yF,F
13598.haschild,uY,Y
231.maritalstatus,eS,S
17700.haschild,***,Y
10429.marriedexemp,6f600,6600
3137.lname,Bedrichevsky,Berdichevsky
18293.city,GOSHgEN,GOSHEN
6468.areacode,420,402
9442.state,I,HI
14375.state,CD,DC
18007.marriedexemp,6600***,6600
12384.gender,iM,M
8031.state,OvK,OK
12363.maritalstatus,,M
15378.gender,hM,M
4863.haschild,***,N
2377.zip,67534,67543
10103.state,T,CT
767.childexemp,300,3300
10512.areacode,558,585
9745.rate,.0,0.0
15843.state,fDC,DC
8581.zip,5446,54246
7162.salary,4000,45000
6460.singleexemp,,0
3826.haschild,,Y
17601.areacode,70,870
3512.singleexemp,1000***,1000
13102.phone,58-9147,528-9147
13232.city,HALgLECK,HALLECK
19825.maritalstatus,***,M
16603.lname,Frolnd,Frolund
17851.fname,Lwow,Low
2605.gender,***,F
10454.singleexemp,000,1000
5319.rate,0.8797744,0.8779744
6127.phone,310-7205,310-7025
13055.state,T,CT
3992.singleexemp,7,87
7075.childexemp,n272,272
3440.maritalstatus,,S
14788.state,C,NC
3233.salary,50000***,50000
16060.marriedexemp,660,6600
15536.gender,xF,F
17764.salary,90500,95000
7967.city,GUYANABO,GUAYNABO
2785.city,MOUNTAIN VEW,MOUNTAIN VIEW
8832.city,GUNLOK,GUNLOCK
19533.haschild,,Y
12041.zip,2663,22663
8241.gender,,F
6219.fname,Eta,Etta
1002.areacode,749,479
16161.state,DwC,DC
86.state,M,NM
16431.fname,Thogn,Thong
9913.childexemp,***,0
17577.singleexemp,***,0
9720.gender,pF,F
14945.childexemp,n0,0
14231.state,CD,DC
17078.marriedexemp,600,6600
6713.state,HO,OH
2589.gender,iM,M
10972.state,KO,OK
12029.haschild,,N
4002.childexemp,z0,0
18765.city,GADY,GRADY
19307.state,CD,DC
8066.marriedexemp,***,0
18970.fname,Weuimin,Weimin
13047.state,O,CO
10072.state,vDC,DC
4789.city,FtOX,FOX
17196.lname,Cousisn,Cousins
19676.singleexemp,***,0
13242.areacode,23,203
3961.maritalstatus,,M
13597.marriedexemp,***,0
10801.childexemp,h0,0
16628.childexemp,***,0
5009.childexemp,,0
5333.haschild,eY,Y
3303.gender,qM,M
7315.city,SACRAMENOT,SACRAMENTO
14696.childexemp,w0,0
8117.childexemp,s0,0
16310.gender,,M
6281.marriedexemp,66f00,6600
14322.salary,5000,55000
10624.salary,52000,25000
9940.marriedexemp,k0,0
10889.lname,iCmikowski,Cimikowski
208.fname,enkatraman,Venkatraman
5275.lname,wKocur,Kocur
13977.phone,864-379,864-3379
6493.childexemp,,0
12646.childexemp,300,3300
13457.phone,8685028,868-5028
218.phone,901-4699***,901-4699
2673.childexemp,***,0
10010.phone,467-39i60,467-3960
15461.rate,4.d63,4.63
8878.gender,,F
13495.gender,,F
4964.areacode,51g7,517
7557.areacode,04,304
5975.city,GRAeHAM,GRAHAM
12091.state,C,SC
1089.areacode,05,605
10547.maritalstatus,cS,S
6123.gender,,F
730.areacode,291,219
7770.city,BRN,BERN
19250.areacode,s563,563
15523.zip,7573,75703
7164.lname,Justsu,Justus
13020.areacode,40x6,406
5123.city,FAMOUTH,FALMOUTH
16284.childexemp,,0
7439.state,TC,CT
2012.rate,4.t620155,4.620155
5029.areacode,90,910
15181.state,O,CO
18064.phone,496-9y961,496-9961
18021.childexemp,z0,0
18981.childexemp,w0,0
7262.rate,2.8569u736,2.8569736
9651.phone,3a80-1915,380-1915
5330.areacode,07,607
11157.singleexemp,13i00,1300
1469.singleexemp,2o850,2850
14306.gender,,F
8833.maritalstatus,,S
6893.haschild,,Y
8084.areacode,8m08,808
13721.phone,604-23p47,604-2347
13833.salary,9000,90000
9262.fname,azim,Hazim
19990.city,GRANTSVILLfE,GRANTSVILLE
1453.lname,Fuergati,Furegati
7225.state,E,ME
17966.state,hDC,DC
15764.childexemp,,0
14758.city,MERITT,MERRITT
669.marriedexemp,***,0
8668.singleexemp,000,1000
5926.singleexemp,03,103
4800.rate,8.z65488,8.65488
563.fname,Suraynarayana,Suryanarayana
15157.city,yGRAETTINGER,GRAETTINGER
16265.gender,bF,F
5344.gender,***,M
12045.phone,825-6283,852-6283
13122.areacode,993,939
11055.areacode,3z07,307
9721.childexemp,u0,0
14912.salary,58000,85000
6863.city,GOLDBORO,GOLDSBORO
4196.lname,Battaglwin,Battaglin
19708.gender,jF,F
19298.gender,mF,F
2538.haschild,***,N
17768.zip,7829,78279
16764.state,zID,ID
8248.rate,.0,5.0
13610.singleexemp,100,1000
18322.state,lCT,CT
14855.childexemp,***,0
17145.state,TC,CT
14827.marriedexemp,600,6600
12827.state,bDC,DC
19386.childexemp,c0,0
16279.lname,Dsah,Dash
57.phone,496-158p8,496-1588
2349.rate,.0,7.0
4629.phone,76-45668,764-5668
12784.zip,28,728
3557.phone,11-1318,211-1318
16350.rate,00,0.0
16439.fname,Cyhuan,Chyuan
10413.gender,***,F
5736.state,OC,CO
5039.marriedexemp,42o00,4200
9.fname,ossella,Rossella
2358.childexemp,0100,1000
6477.singleexemp,270,2700
7111.fname,Yftach,Yiftach
18116.state,oCT,CT
18977.city,GOODNEWS BYA,GOODNEWS BAY
1596.rate,4.887082,4.880782
5465.singleexemp,***,0
2091.fname,Monih,Monish
15486.childexemp,n0,0
9320.zip,83617,83671
369.haschild,iN,N
3686.rate,.3,5.3
11962.areacode,560,650
6693.singleexemp,,0
7610.maritalstatus,lS,S
10711.childexemp,y0,0
18210.childexemp,k0,0
12814.city,BERRIEN SPRINSG,BERRIEN SPRINGS
11624.city,GREEWOOD,GREENWOOD
15680.lname,mMarcken,Marcken
16909.fname,Takeoim,Takeomi
3760.zip,s647,647
1802.marriedexemp,400c0,4000
2902.zip,97q910,97910
4534.salary,4v5000,45000
11389.city,HAIKU*-,HAIKU-*
18204.areacode,3s07,307
19898.marriedexemp,,0
9999.city,HIOC,HICO
8742.state,T,CT
11429.maritalstatus,fM,M
14593.salary,9000,90000
17737.singleexemp,,0
11552.gender,iF,F
13866.haschild,,Y
12607.areacode,61j5,615
16267.areacode,50m1,501
19397.singleexemp,000,1000
15755.maritalstatus,,M
7601.haschild,,N
12378.singleexemp,z0,0
4953.city,ENWTOWN,NEWTOWN
16743.state,DpC,DC
6039.fname,Keazuhito,Kazuhito
14443.haschild,,Y
5762.phone,409-1779,409-1797
12020.rate,.63,4.63
462.childexemp,10e3,103
13371.state,E,ME
12875.gender,,F
5326.haschild,,N
14920.singleexemp,1n000,1000
345.fname,Heshma,Hesham
15899.state,CD,DC
1904.childexemp,***,0
13159.gender,,F
12353.lname,rKablin,Krablin
4290.maritalstatus,***,S
18958.state,CD,DC
18500.city,ESTIL,ESTILL
10668.phone,3577-261,357-7261
13423.childexemp,170,1370
950.zip,5009,25009
7407.zip,57935,59735
12093.gender,rM,M
14254.areacode,31j7,317
8821.zip,7192,57192
8367.childexemp,g0,0
8383.city,VELARE,VELARDE
7669.gender,kF,F
8198.city,RANT,GRANT
3665.city,SALT LAKEC ITY,SALT LAKE CITY
17158.marriedexemp,6600***,6600
16380.city,SPARANBURG,SPARTANBURG
15981.marriedexemp,240,2740
19706.zip,4376p2,43762
14014.haschild,,N
18913.singleexemp,***,0
19366.lname,iBan,Bian
19868.childexemp,t0,0
4115.marriedexemp,,0
3115.lname,Hreman,Herman
17719.haschild,rN,N
9169.marriedexemp,6600***,6600
18665.state,CaT,CT
10985.marriedexemp,6600***,6600
17678.rate,3.0945453,3.9045453
4682.childexemp,2457,2475
2738.rate,3.7b224998,3.7224998
14974.state,xDC,DC
7832.fname,jYexuan,Yexuan
8577.gender,nF,F
18036.marriedexemp,600,6600
9061.lname,ignat,Vignat
5010.salary,80000***,80000
3921.maritalstatus,***,S
9098.childexemp,s0,0
5958.singleexemp,0100,1000
19173.gender,***,F
15682.childexemp,***,0
18858.marriedexemp,600,6600
19640.salary,010000,100000
17332.phone,30-56362,305-6362
17959.childexemp,k0,0
1363.state,T,CT
254.state,dDC,DC
12106.state,C,DC
9404.state,J,NJ
8898.state,T,CT
16441.state,RO,OR
11460.singleexemp,***,0
632.fname,Lelsie,Leslie
1415.childexemp,1q59,159
3539.phone,339-3917,339-3971
19792.city,GUFLPORT,GULFPORT
11882.marriedexemp,6600***,6600
14633.state,OC,CO
6438.zip,19743,19734
3813.salary,59000,95000
12628.childexemp,,0
13865.gender,,F
893.childexemp,100,1200
18756.childexemp,w0,0
16817.phone,6742-878,674-2878
19890.state,rKY,KY
4300.city,NAPLOEON,NAPOLEON
8866.marriedexemp,w0,0
12062.haschild,,Y
1761.lname,oMacrosson,Macrosson
13293.singleexemp,h0,0
2783.singleexemp,7,87
1194.maritalstatus,dM,M
10791.marriedexemp,6s600,6600
14127.rate,00.,0.0
15743.childexemp,,0
13629.gender,,F
7034.rate,.5,8.5
14625.city,RGOTON,GROTON
12864.maritalstatus,eS,S
16463.marriedexemp,6600***,6600
16571.marriedexemp,6q600,6600
17355.marriedexemp,6600***,6600
2231.maritalstatus,,S
1091.childexemp,31c00,3100
1440.city,BERIN,BERLIN
86.marriedexemp,66f00,6600
15311.gender,oM,M
13932.haschild,***,Y
750.city,MORsA,MORA
10126.childexemp,c0,0
17117.maritalstatus,,S
18111.rate,.590543,6.590543
10037.state,E,DE
10273.gender,dF,F
18074.city,MdORROW,MORROW
8978.marriedexemp,3800***,3800
6751.areacode,028,208
14824.childexemp,,0
6124.gender,pF,F
12646.marriedexemp,k6600,6600
17913.haschild,iN,N
19979.city,CAVOgUR,CAVOUR
12076.marriedexemp,q6600,6600
6844.childexemp,b0,0
10834.zip,6337,86337
6214.lname,eitsch,Leitsch
18299.gender,,M
9646.state,L,AL
5131.maritalstatus,,M
11415.rate,3.k9097095,3.9097095
2784.salary,10000,100000
6088.areacode,62,662
16579.state,hUT,UT
13672.state,C,DC
10103.childexemp,,0
13121.city,HARRIuSON,HARRISON
9328.maritalstatus,tM,M
11388.zip,55349,55394
10012.phone,84-64524,846-4524
9842.city,ZEPHYRHLILS,ZEPHYRHILLS
17667.gender,,F
11839.singleexemp,33e00,3300
12902.haschild,,Y
19988.marriedexemp,600,6600
8125.state,TC,CT
15958.areacode,06,406
3534.areacode,08,308
14089.city,COOER,COOTER
3097.areacode,282,228
17005.rate,5e.0,5.0
15412.marriedexemp,,0
9602.rate,.40984755,4.0984755
13993.childexemp,,0
15341.zip,6403,66403
19022.rate,.25,8.25
19516.gender,***,M
7352.haschild,,N
9289.city,GEENVILLE,GREENVILLE
17000.salary,4500n0,45000
16216.state,TC,CT
16483.childexemp,300,3000
2240.gender,yM,M
6393.gender,jF,F
15428.rate,d7.0,7.0
8397.city,GUjANICA,GUANICA
12293.zip,5396,85396
13330.singleexemp,1u370,1370
14872.lname,eMrges,Merges
647.maritalstatus,,M
11276.marriedexemp,62q00,6200
18537.state,UvT,UT
18358.lname,Atola,Artola
5606.maritalstatus,***,S
18726.state,wDC,DC
2416.haschild,,N
19242.city,HAGERSThOWN,HAGERSTOWN
8168.haschild,***,N
15858.gender,rM,M
16092.gender,lF,F
7663.marriedexemp,,0
17529.marriedexemp,2600***,2600
17534.lname,Miarnker,Miranker
17416.zip,94u503,94503
3922.singleexemp,w0,0
9641.phone,467-3431,467-4331
13424.salary,52000,25000
14883.state,NgE,NE
9080.childexemp,,0
13444.state,CD,DC
10675.salary,45000***,45000
10842.singleexemp,1h000,1000
10545.city,APACHE sJUNCTION,APACHE JUNCTION
5088.gender,,F
18182.marriedexemp,,0
4154.fname,Tayehb,Tayeb
12689.maritalstatus,,S
4339.city,DSE LACS,DES LACS
4531.singleexemp,00,700
7237.state,eCT,CT
4978.rate,3.567499,3.5674999
18132.singleexemp,1a03,103
13537.phone,723-7943,723-7934
15033.childexemp,***,0
11868.childexemp,,0
11751.gender,***,F
12084.haschild,,Y
19740.singleexemp,1t000,1000
13455.singleexemp,1d000,1000
7876.lname,Heousler,Heusler
11482.marriedexemp,400,4200
18287.gender,uM,M
11824.singleexemp,10m3,103
9816.lname,yEre,Eyre
18912.state,O,CO
11771.state,AV,VA
11251.fname,Salma,Salam
11672.childexemp,j0,0
5186.city,NANTUKCET,NANTUCKET
13937.areacode,8f18,818
9521.lname,jCoover,Coover
19220.marriedexemp,180,1800
7077.gender,***,M
5874.lname,Rezede,Rezende
388.rate,6b.0,6.0
4462.phone,761-2a076,761-2076
9477.childexemp,,0
2773.state,vNY,NY
9950.city,HAIKUh-*,HAIKU-*
9529.fname,Lindsen,Linden
17551.childexemp,***,0
16078.maritalstatus,kM,M
15328.singleexemp,100,1000
13353.fname,Vetikko,Veikko
1350.city,FARO,FARGO
17913.singleexemp,u0,0
5898.singleexemp,***,0
19412.state,TV,VT
4197.state,hCO,CO
18750.haschild,,N
10460.areacode,85,985
3550.gender,***,F
15888.singleexemp,013,103
17019.state,DpC,DC
15818.marriedexemp,***,0
6652.marriedexemp,***,0
13609.childexemp,,0
708.city,GULFPOlRT,GULFPORT
9362.city,GRASSY BTUTE,GRASSY BUTTE
5659.city,GLOtVER,GLOVER
11616.gender,,F
15727.marriedexemp,a0,0
11677.state,nCT,CT
5205.gender,,M
10129.singleexemp,l0,0
11056.lname,eibl,Leibl
10436.singleexemp,o0,0
16636.fname,Ted,Tedd
7720.salary,5000,95000
15745.city,UGILD,GUILD
4245.lname,Dss,Dass
2882.fname,ikuo,Kikuo
8305.lname,Haipern,Hailpern
2939.salary,25y000,25000
4573.lname,Kzaushal,Kaushal
17137.singleexemp,3300***,3300
4919.childexemp,***,0
13316.gender,***,M
11462.childexemp,,0
4368.zip,81224,81242
17345.state,O,CO
105.childexemp,***,0
14729.childexemp,,0
14801.state,C,DC
7729.lname,Rce,Rice
10465.maritalstatus,***,M
1400.marriedexemp,a0,0
7307.fname,Hazma,Hamza
8591.childexemp,x0,0
13721.fname,Tzee***,Tzee
15711.city,GRENVILLE,GREENVILLE
19435.lname,Gzong,Gong
14684.haschild,rY,Y
15318.rate,.0,9.0
7225.singleexemp,y0,0
3352.state,O,CO
1471.gender,,M
1712.rate,7.i0,7.0
15248.state,C,DC
4708.zip,124k89,12489
18770.salary,45000***,45000
3778.maritalstatus,iS,S
12480.marriedexemp,6600***,6600
12548.state,xCT,CT
17299.singleexemp,u0,0
14027.state,CrT,CT
17466.singleexemp,f0,0
19537.gender,***,F
15162.fname,Mwun,Mun
9795.childexemp,***,0
3378.gender,vF,F
16120.singleexemp,***,0
5866.singleexemp,0100,1000
9700.fname,ayeb,Tayeb
8815.haschild,***,N
3820.phone,2952290,295-2290
10285.marriedexemp,,0
11569.lname,eLena,Leena
17537.lname,Zingamretti,Zingaretti
15549.fname,Dushynath,Dushyanth
2347.marriedexemp,***,0
7079.childexemp,***,0
15675.fname,Lied,Lide
6142.marriedexemp,200,6200
19368.childexemp,b0,0
5987.marriedexemp,***,0
16991.rate,b0.0,0.0
3784.areacode,m954,954
8717.gender,xF,F
18873.state,pDC,DC
19310.state,Y,NY
4870.rate,0.d0,0.0
18365.state,OC,CO
12094.state,L,FL
13463.childexemp,i0,0
7845.zip,4340,4430
2252.fname,Leopodl,Leopold
18648.zip,z31309,31309
12479.city,EL PSO,EL PASO
10100.areacode,j208,208
6604.childexemp,***,0
14918.city,GREENBcRIER,GREENBRIER
18039.phone,92-6277,492-6277
14457.childexemp,,0
18339.singleexemp,w87,87
6436.childexemp,***,0
1183.city,UNDERHILL CENTRE,UNDERHILL CENTER
11856.phone,901-8507,901-5807
17848.marriedexemp,t0,0
17201.gender,,F
12904.state,jCO,CO
12825.fname,Marzgrit,Margrit
6310.fname,Alonso,Alfonso
2269.lname,Engbetrs,Engberts
6044.state,X,TX
5256.fname,Orilando,Orlando
17380.maritalstatus,eS,S
13594.gender,,F
10183.rate,7t.0,7.0
18898.city,GzRACE,GRACE
17192.state,AI,IA
16342.rate,4.t63,4.63
10766.state,OC,CO
2816.zip,8349,3849
10454.childexemp,100l0,1000
17718.gender,,F
17114.singleexemp,1v000,1000
15953.marriedexemp,u0,0
6273.areacode,64,864
15111.salary,20000***,20000
10107.city,KLAHOMA CITY,OKLAHOMA CITY
2746.state,KpS,KS
8504.gender,***,F
15885.marriedexemp,66i00,6600
11837.state,CD,DC
3127.singleexemp,c0,0
17669.state,NjJ,NJ
15947.marriedexemp,200,6200
19904.state,OC,CO
5838.city,HAMPOTN,HAMPTON
7151.phone,501-v7187,501-7187
18774.state,T,CT
18643.gender,***,M
5575.singleexemp,j0,0
5714.marriedexemp,c0,0
15159.city,GRAFTNO,GRAFTON
8306.childexemp,***,0
18062.state,fCT,CT
11540.haschild,uN,N
7081.lname,Toqfte,Tofte
8068.areacode,453,435
8769.maritalstatus,***,M
5631.gender,bF,F
5060.city,RUSSEzLL,RUSSELL
10495.childexemp,***,0
18783.haschild,uN,N
9192.gender,oM,M
17363.childexemp,33x00,3300
7991.state,A,LA
8017.state,dKY,KY
13661.childexemp,***,0
5508.gender,oF,F
14246.marriedexemp,6600***,6600
18804.childexemp,h0,0
9724.childexemp,000,1000
8376.singleexemp,1g000,1000
12538.lname,Vigire,Vigier
16129.gender,***,F
6260.lname,Phna,Phan
17195.fname,Luo,Lou
15182.marriedexemp,660,6600
19138.gender,sM,M
17717.childexemp,***,0
14154.city,MdIAMI,MIAMI
3586.zip,41n528,41528
7670.zip,5433,50433
3518.areacode,31,831
16143.fname,Slijm,Slim
4602.gender,qF,F
17206.state,TC,CT
11586.marriedexemp,***,0
10640.phone,1m51-1680,151-1680
847.marriedexemp,e0,0
6944.phone,53-3798,530-3798
4322.gender,,F
8682.haschild,vY,Y
13224.haschild,***,Y
19913.maritalstatus,***,S
18510.state,O,CO
19247.phone,187-4207,187-2407
18264.childexemp,,0
6002.city,WALLGARASS,WALLAGRASS
15303.singleexemp,***,0
19761.gender,vF,F
12919.childexemp,***,0
6625.phone,824f-3077,824-3077
13513.fname,Guentre,Guenter
11340.state,CiO,CO
14357.rate,5.055335,5.0545335
3359.haschild,,Y
14265.city,GREENFIED,GREENFIELD
12435.gender,***,F
2956.marriedexemp,,0
13895.singleexemp,***,0
10656.childexemp,p0,0
17003.fname,Yurdaier,Yurdaer
4216.zip,8665,38665
301.state,IyD,ID
10664.areacode,40,540
7611.marriedexemp,600,6600
5600.fname,Ythea,Ytha
14770.city,WASIHNGTON,WASHINGTON
3094.rate,9f.3,9.3
12720.haschild,pN,N
14074.city,GOeODYEAR,GOODYEAR
9106.gender,,F
9430.gender,***,F
9873.lname,Stlolcke,Stolcke
8089.gender,,F
5231.gender,,F
10536.singleexemp,3030,3300
16261.singleexemp,z0,0
10570.singleexemp,1w000,1000
15051.phone,629-5668,629-5686
7330.haschild,,N
8487.gender,,F
11619.lname,Wolrum,Wolfrum
1040.salary,58000,85000
17702.gender,***,F
14555.fname,Mamotun,Mamoun
7696.zip,3g887,3887
4148.state,D,ID
17903.haschild,qN,N
8004.gender,***,F
17371.fname,Piywadee,Piyawadee
9840.lname,Heznseler,Henseler
216.state,C,DC
9179.lname,Cawlay,Calway
3205.state,DS,SD
13958.state,pCT,CT
18959.phone,o753-1789,753-1789
14812.state,C,DC
10642.state,CD,DC
18514.marriedexemp,600,6600
14870.rate,.0,0.0
18410.haschild,iN,N
8183.state,L,IL
2450.marriedexemp,660,6600
19617.maritalstatus,,S
14108.marriedexemp,***,0
12770.zip,2740,20740
10740.marriedexemp,6k600,6600
16171.state,CyT,CT
18197.singleexemp,r0,0
18713.gender,***,M
18850.state,H,NH
11192.state,Z,AZ
11635.gender,jF,F
15806.state,T,CT
11134.city,HAiILEY-*,HAILEY-*
18659.childexemp,n0,0
6137.singleexemp,r0,0
10008.state,bDC,DC
11714.singleexemp,***,0
19630.haschild,***,Y
19426.phone,545u-5987,545-5987
10668.rate,.5,8.5
15273.state,O,CO
15929.childexemp,15y00,1500
2054.singleexemp,,0
9018.gender,fF,F
7871.gender,***,F
4181.gender,***,F
6886.salary,80500,85000
12697.rate,6.57f1678,6.571678
7743.salary,8500b0,85000
5237.fname,Ksripasindhu,Kripasindhu
1108.lname,hSimura,Shimura
2158.fname,Hnaspeter,Hanspeter
12831.city,UYSVILLE,GUYSVILLE
14635.salary,4500,45000
13046.maritalstatus,***,M
1892.areacode,94,914
18301.fname,mer,Amer
13412.maritalstatus,***,M
5669.areacode,53,563
7852.zip,2d864,2864
6382.city,GREEN BYA,GREEN BAY
2630.marriedexemp,202,220
2144.zip,70010,70001
19637.state,CwT,CT
17377.state,DxC,DC
7876.phone,557-5807,557-5870
14761.state,C,DC
10189.areacode,41e0,410
12540.state,DzC,DC
2940.childexemp,,0
7967.childexemp,b0,0
5944.phone,104-59f79,104-5979
17919.fname,atk,Matk
13598.singleexemp,33a00,3300
11470.haschild,***,Y
16348.areacode,70j2,702
16815.marriedexemp,600,6600
6290.gender,***,F
18091.state,WiY,WY
12874.state,zDC,DC
9274.singleexemp,***,0
15553.city,HAMOMND,HAMMOND
7135.state,RP,PR
4259.areacode,485,845
2932.fname,Jogeg,Jogg
14117.gender,***,M
19714.singleexemp,519,159
8281.city,GOLD HLIL,GOLD HILL
9628.maritalstatus,***,S
12877.haschild,,Y
3850.phone,452-993f7,452-9937
10676.haschild,dN,N
16033.areacode,63,603
7160.areacode,t252,252
16011.haschild,vY,Y
1098.state,VN,NV
15105.marriedexemp,600,6600
15079.gender,,M
4967.singleexemp,s0,0
5490.rate,70.,7.0
16552.childexemp,,0
10223.childexemp,,0
17197.rate,.50,5.0
10190.state,Y,NY
2683.marriedexemp,***,0
5030.phone,244-7341***,244-7341
569.gender,***,M
12070.zip,558,2558
19347.marriedexemp,o5700,5700
19994.city,GiOTEBO,GOTEBO
649.city,SOUTH BRITkAIN,SOUTH BRITAIN
14086.marriedexemp,600,6600
9950.singleexemp,0140,1040
11538.salary,60000***,60000
13581.marriedexemp,600,6600
1751.fname,Joghyun,Jonghyun
14612.gender,hF,F
17575.maritalstatus,***,S
3847.gender,***,F
8667.haschild,,N
14156.phone,399-766v1,399-7661
14846.singleexemp,3a300,3300
15888.city,AHMPTON,HAMPTON
13059.gender,,F
13020.lname,Middlmeburg,Middleburg
18232.fname,Soeazig,Soazig
19076.rate,475,4.75
4639.lname,Etl,Ertl
16967.lname,Puppqe,Puppe
16157.haschild,***,Y
1487.marriedexemp,800,1800
8668.gender,jF,F
1440.marriedexemp,600,6600
14973.singleexemp,0140,1040
17353.marriedexemp,***,0
11656.marriedexemp,6600***,6600
11418.areacode,54,254
13748.city,LITTLE COMPTOwN,LITTLE COMPTON
9978.gender,,M
17620.state,OC,CO
12305.singleexemp,***,0
15596.city,LESIE,LESLIE
13167.state,lDC,DC
3401.state,T,CT
3950.fname,umio,Fumio
14754.state,gDC,DC
3220.haschild,***,N
19356.phone,92-4226,922-4226
10225.fname,Wenohng,Wenhong
6448.lname,chiex,Schiex
7511.state,OC,CO
3149.singleexemp,900***,900
10322.gender,,F
18129.marriedexemp,9450,4950
18305.state,CD,DC
14904.state,iMO,MO
12552.zip,35563,35653
16219.gender,wF,F
18501.singleexemp,***,0
5704.state,MN,NM
13104.state,oCT,CT
17120.singleexemp,03,103
11017.salary,6000,65000
18982.salary,57000,75000
19283.city,GREENBUlSH,GREENBUSH
552.zip,594e68,59468
15065.childexemp,330b0,3300
19616.marriedexemp,,0
19538.state,cCO,CO
11675.gender,gF,F
18952.singleexemp,,0
10615.state,zDC,DC
13668.fname,Fleix,Felix
19152.state,gDC,DC
1372.lname,Pinkecrton,Pinkerton
9716.lname,rGam,Gram
608.salary,70000***,70000
14539.singleexemp,10c00,1000
10187.areacode,65,865
4565.maritalstatus,xM,M
10752.haschild,,N
10408.state,dDC,DC
19293.state,cCO,CO
5537.state,gCO,CO
14854.childexemp,200,1200
7794.gender,,M
18331.marriedexemp,,0
10652.lname,Abdlguerfi,Abdelguerfi
15353.maritalstatus,***,S
4519.haschild,wY,Y
1219.state,lMT,MT
17604.childexemp,j0,0
16885.marriedexemp,6600***,6600
14517.gender,,F
4963.areacode,865,856
3118.gender,oF,F
9529.lname,Urpnai,Urpani
8151.childexemp,900***,900
3823.salary,6500y0,65000
1903.state,OC,CO
10508.state,C,DC
6318.rate,.0,7.0
3029.lname,Khamrae,Khamare
9010.rate,.3,5.3
7931.rate,.9,3.9
12959.lname,Wadlschmidt,Waldschmidt
18899.childexemp,n0,0
14432.state,C,DC
13850.haschild,zN,N
6381.phone,95-1638,695-1638
2096.phone,44-54511,445-4511
12146.marriedexemp,,0
5983.lname,Journle,Journel
9610.rate,90.,9.0
16464.lname,Perno,Peron
10622.phone,741-2220,741-2202
5814.gender,,F
5231.childexemp,,0
7824.areacode,2t08,208
9816.singleexemp,1000***,1000
11165.lname,Theimezr,Theimer
18234.zip,2154e2,21542
15156.phone,31-37302,313-7302
3150.city,NWETON HAMILTON,NEWTON HAMILTON
10166.haschild,***,N
12909.marriedexemp,6200***,6200
14248.state,CD,DC
17742.state,CD,DC
5566.phone,146-2974,146-2947
2676.marriedexemp,,0
5197.rate,1.5418781,1.5418718
11619.areacode,2f07,207
11547.childexemp,w0,0
13850.state,sDC,DC
18011.salary,95v000,95000
18535.areacode,660,606
16340.areacode,07,907
16344.city,HAMDEgN,HAMDEN
13643.zip,2877g8,28778
4338.salary,5000,45000
12921.zip,381z9,3819
16724.city,GOVA,GOLVA
19348.fname,Irman,Imran
10156.city,ASHMORlE,ASHMORE
4871.city,HAMTPON,HAMPTON
12906.singleexemp,b0,0
10856.salary,70000***,70000
13534.phone,83-9768,183-9768
13388.lname,eKhrer,Kehrer
13873.childexemp,100,1200
19235.state,rDC,DC
13746.marriedexemp,6060,6600
12858.salary,500m00,50000
19201.singleexemp,100,1000
19319.rate,.307,3.07
10987.haschild,uY,Y
16447.gender,,F
755.lname,Takai,Takaki
12376.gender,wF,F
5150.salary,10000,100000
18012.childexemp,***,0
14223.state,C,DC
12263.phone,745-4465,754-4465
3757.maritalstatus,,S
6970.gender,***,F
520.phone,726-9140,726-9410
13090.rate,.00,0.0
8841.salary,7500,75000
13084.gender,,F
14343.marriedexemp,,0
19301.rate,93.,9.3
12588.state,DwC,DC
13533.marriedexemp,06,206
17236.childexemp,,0
13734.haschild,,N
5994.singleexemp,330o0,3300
4514.state,qIL,IL
18895.state,H,NH
7401.state,KnY,KY
17571.state,CD,DC
18875.singleexemp,,0
19015.singleexemp,250,2250
17895.city,GROVELANqD,GROVELAND
14429.state,CD,DC
12797.state,C,DC
2828.haschild,pY,Y
6066.marriedexemp,660c0,6600
5377.marriedexemp,j0,0
4103.marriedexemp,6h600,6600
5638.singleexemp,000,1000
5842.fname,Gotam,Goutam
17003.lname,Takiawa,Takizawa
9362.childexemp,,0
7518.rate,70961537,7.0961537
9388.marriedexemp,6060,6600
5021.childexemp,100,1300
551.state,qFL,FL
12657.salary,j85000,85000
16162.city,ANNA,HANNA
11970.lname,Freudre,Freuder
6095.singleexemp,03,103
7785.rate,.50,5.0
16105.singleexemp,000,1000
18751.maritalstatus,rM,M
12795.city,UFFOLK,SUFFOLK
15154.singleexemp,,0
11960.areacode,450,405
8725.marriedexemp,***,0
2614.fname,Melaunie,Melanie
8913.singleexemp,1000***,1000
3970.haschild,,Y
18943.gender,,F
13046.city,GRNAD COTEAU,GRAND COTEAU
11159.city,GEENFIELD,GREENFIELD
12359.singleexemp,3k575,3575
12622.haschild,,N
172.state,CD,DC
12890.gender,***,M
13250.lname,Watanaeb,Watanabe
15902.marriedexemp,660x0,6600
208.phone,385-3803,385-3083
8698.singleexemp,1000***,1000
12993.areacode,521,251
19728.state,C,DC
956.state,CpO,CO
5607.marriedexemp,p0,0
11514.gender,***,F
2566.haschild,***,N
3476.city,DEFROD,DEFORD
19032.lname,Scattregood,Scattergood
16213.marriedexemp,660,6600
9821.city,GUYNABO,GUAYNABO
16660.lname,Clemnecon,Clemencon
9421.singleexemp,***,0
11785.salary,60500,65000
3147.state,TC,CT
16908.gender,,M
17566.city,COLORkADO SPRINGS,COLORADO SPRINGS
3467.singleexemp,,0
14095.rate,9b.3,9.3
1856.marriedexemp,200,2000
17072.childexemp,,0
11332.city,ADDOCK,HADDOCK
8490.childexemp,,0
10977.city,AROLINA,CAROLINA
17563.marriedexemp,6h600,6600
3627.gender,***,M
15005.gender,,M
5433.haschild,fY,Y
17934.city,GOHENBURG,GOTHENBURG
9640.childexemp,,0
57.salary,60500,65000
119.lname,Cu,Chu
1949.gender,wF,F
1105.maritalstatus,,M
8901.salary,100000***,100000
17949.singleexemp,m0,0
4032.childexemp,***,0
14625.state,T,CT
12918.lname,eth,Beth
18670.singleexemp,,0
18493.rate,.0,0.0
1545.fname,Xaiobo,Xiaobo
10644.marriedexemp,6600***,6600
5564.fname,Garmella,Garimella
2460.state,E,ME
12756.gender,,F
16454.state,O,CO
19247.childexemp,z0,0
14070.rate,5.2i28285,5.228285
4939.lname,Fexlici,Felici
4912.city,MINEOTA,MINNEOTA
14598.haschild,***,N
5501.salary,75g000,75000
14189.areacode,04,304
13152.fname,Moua,Mohua
12054.state,AI,IA
17228.phone,828-2135,828-2153
15983.phone,200-8a619,200-8619
12151.areacode,590,509
878.maritalstatus,***,M
19983.gender,,M
4998.fname,Vwain,Vwani
19420.lname,Caery,Carey
8804.zip,8802,88002
1081.haschild,wY,Y
5838.state,TC,CT
12188.singleexemp,i1000,1000
5809.zip,5323,85323
17078.childexemp,***,0
15975.city,GRANEGR,GRANGER
5006.gender,***,M
12275.singleexemp,040,1040
19494.maritalstatus,fM,M
16421.fname,Gri,Geri
8999.marriedexemp,6060,6600
4714.rate,30.,3.0
19578.singleexemp,,0
352.salary,5c0000,50000
6326.singleexemp,000,1000
6289.gender,,F
8309.zip,5362,58362
4150.marriedexemp,450,4950
2320.state,A,GA
11722.gender,***,F
4392.phone,365-3z094,365-3094
1972.gender,,F
13352.zip,6a9351,69351
10149.state,yCT,CT
14847.singleexemp,100v0,1000
15887.areacode,98,908
3812.singleexemp,2070,2700
12368.singleexemp,,0
9576.gender,,F
18824.state,CD,DC
8552.fname,Cohangjung,Changjung
8763.childexemp,p0,0
2688.marriedexemp,600,6600
13764.singleexemp,p0,0
15988.rate,34.,3.4
11084.gender,,F
16431.haschild,dN,N
6646.city,INiCHELIUM,INCHELIUM
3093.city,GRNATSBURG,GRANTSBURG
8776.childexemp,,0
16563.state,eDC,DC
2684.maritalstatus,,M
19871.state,TC,CT
3247.rate,4.92723,4.927273
4827.lname,Gvopi,Gopi
13024.city,GREENrWICH,GREENWICH
3982.gender,***,F
16856.maritalstatus,***,S
3504.phone,i673-5874,673-5874
3610.gender,***,F
17064.fname,ongwon,Yongwon
2224.salary,10000***,10000
14419.city,EL PAOS,EL PASO
18805.lname,jAnnaratone,Annaratone
11781.gender,xF,F
17964.gender,,F
4831.singleexemp,000,1000
13474.gender,,F
4664.areacode,3u04,304
15862.marriedexemp,6600***,6600
8711.singleexemp,100,1300
9219.lname,Bianardi,Biancardi
19393.state,pDC,DC
18323.gender,uF,F
928.salary,90500,95000
4028.state,NmJ,NJ
18203.childexemp,***,0
15906.haschild,,N
14703.state,C,DC
10583.phone,597-3485,597-3458
15346.lname,avallo,Cavallo
17609.state,KA,AK
2737.rate,.90,9.0
4570.haschild,,Y
8026.rate,3s.743421,3.743421
15449.marriedexemp,6600***,6600
3269.salary,35000***,35000
3262.city,mNOGALES,NOGALES
18496.city,ORESTDALE,FORESTDALE
5279.fname,Keehagn,Keehang
10750.lname,rooks,Crooks
17920.singleexemp,4275,2475
14077.gender,lF,F
16014.singleexemp,***,0
16989.state,T,CT
9034.city,MALINTON,MARLINTON
6178.gender,cM,M
1927.phone,041-1438,401-1438
19436.marriedexemp,6060,6600
19911.marriedexemp,600,6600
5659.state,mVT,VT
12915.state,C,DC
10027.fname,Lijig,Lijing
13204.state,jNM,NM
8271.state,T,CT
6596.singleexemp,,0
19448.marriedexemp,a0,0
16740.city,SNSET,SUNSET
9107.marriedexemp,6600***,6600
11734.singleexemp,1000***,1000
14610.state,D,MD
17481.city,HACHmITA,HACHITA
10165.zip,6339,65339
73.singleexemp,a0,0
3785.maritalstatus,,S
10950.marriedexemp,6600***,6600
13088.areacode,60m5,605
11228.salary,95000***,95000
19471.gender,***,M
5562.marriedexemp,6060,6600
13046.fname,aisa,Kaisa
6759.childexemp,***,0
15734.childexemp,***,0
10582.childexemp,,0
16781.childexemp,h0,0
15581.city,GOFFkSTOWN,GOFFSTOWN
12155.marriedexemp,***,0
8446.city,GUAYzAMA,GUAYAMA
6655.gender,***,M
15520.marriedexemp,660k0,6600
4307.singleexemp,q0,0
14547.haschild,,Y
6061.singleexemp,***,0
3901.areacode,31,931
17389.singleexemp,000,1000
5356.fname,Sandepe,Sandeep
302.phone,07-8008,707-8008
6453.fname,Kieon,Kien
17668.rate,2.277614,2.2773614
11495.salary,4000k0,40000
8023.singleexemp,13,103
18405.singleexemp,1000***,1000
12176.childexemp,k0,0
16772.state,TC,CT
15164.state,C,DC
15386.marriedexemp,42500,24500
5425.rate,.00,0.0
11317.city,NARANJIOT,NARANJITO
16469.marriedexemp,18p00,1800
11357.state,C,DC
11145.singleexemp,330i0,3300
1513.haschild,gY,Y
12986.zip,29650,29605
16053.state,DbC,DC
5210.childexemp,850,2850
5654.haschild,tY,Y
5389.childexemp,00,300
11125.marriedexemp,2400,4200
13276.salary,350z00,35000
7683.marriedexemp,***,0
7627.phone,o606-8553,606-8553
7446.gender,,F
10317.phone,228-8863***,228-8863
16638.phone,458-8229,458-8292
5893.gender,sF,F
8922.singleexemp,g2000,2000
6833.haschild,mY,Y
7875.zip,2053,28053
13203.salary,15000***,15000
7283.marriedexemp,8o0,80
12377.areacode,320,302
3569.salary,4000,40000
16498.haschild,gN,N
16800.childexemp,1r500,1500
8781.childexemp,v0,0
11272.maritalstatus,lS,S
604.state,DbC,DC
8288.state,DS,SD
11294.marriedexemp,x0,0
15673.gender,***,M
5011.singleexemp,1004,1040
12153.phone,895-4553,859-4553
14121.childexemp,p0,0
3203.areacode,70,770
14671.singleexemp,0100,1000
19968.salary,500,5000
3502.singleexemp,900***,900
16202.singleexemp,w103,103
1254.salary,100000***,100000
3423.gender,***,F
9778.haschild,,N
13473.childexemp,***,0
17040.lname,Oestricher,Oestreicher
3343.city,xPLEASANTON,PLEASANTON
6777.salary,45000***,45000
4808.maritalstatus,,M
15845.maritalstatus,***,M
19182.marriedexemp,600,6600
18802.maritalstatus,tM,M
19144.phone,652-7690,652-7609
19377.areacode,5e05,505
19410.childexemp,***,0
8210.rate,00,0.0
11391.childexemp,***,0
4899.marriedexemp,,0
5320.city,GOFFaSTOWN,GOFFSTOWN
6219.maritalstatus,***,M
19252.childexemp,j159,159
10856.gender,yF,F
15334.zip,98n8,988
19583.marriedexemp,08,80
16156.state,C,DC
18065.gender,cM,M
8714.phone,6e61-5547,661-5547
18434.fname,Liagnchun,Liangchun
4912.zip,56246,56264
3501.haschild,uY,Y
10797.singleexemp,000,1000
4267.marriedexemp,66v00,6600
14177.zip,9730,19730
2270.gender,,F
14555.lname,aronLaurie,BaronLaurie
12565.maritalstatus,,M
3585.areacode,875,857
9261.rate,5.53,5.35
7066.salary,10000***,10000
6757.singleexemp,j0,0
18278.lname,ahleitner,Gahleitner
19250.rate,7.111101***,7.111101
19826.fname,ihyun,Kihyun
6624.childexemp,10,110
9084.gender,***,F
137.salary,7r5000,75000
19418.singleexemp,,0
11984.fname,Goos***,Goos
3421.gender,uM,M
19855.maritalstatus,,S
13258.gender,***,F
18740.marriedexemp,600,6600
7367.state,MfS,MS
12477.city,OGODYEAR,GOODYEAR
4212.childexemp,o0,0
18422.maritalstatus,***,S
2835.singleexemp,***,0
1227.gender,sF,F
5283.zip,2373,3273
4081.haschild,***,Y
11973.marriedexemp,k0,0
2247.gender,bF,F
16797.singleexemp,***,0
1133.singleexemp,***,0
336.maritalstatus,,M
17507.phone,716-964,716-8964
11852.city,GREENVILdLE,GREENVILLE
6695.city,ASNTA MONICA,SANTA MONICA
5488.marriedexemp,600,6600
4725.state,dNJ,NJ
17847.phone,639-8w599,639-8599
14520.marriedexemp,660,6600
18731.marriedexemp,660y0,6600
7413.phone,198-9k307,198-9307
6094.rate,.0,0.0
11796.gender,***,M
18216.gender,***,F
18949.areacode,630,603
16165.childexemp,***,0
3228.marriedexemp,2800,2080
17293.zip,7884,74884
8761.marriedexemp,a0,0
16846.singleexemp,100,1000
4324.state,OC,CO
11182.salary,15000***,15000
4719.childexemp,m0,0
3184.lname,oJckusch,Jockusch
8801.salary,950n00,95000
13826.salary,0000,50000
17934.singleexemp,u103,103
1579.marriedexemp,,0
4872.singleexemp,***,0
15652.lname,Lalanfne,Lalanne
9512.salary,950w00,95000
8844.maritalstatus,fS,S
12155.singleexemp,***,0
7675.singleexemp,***,0
9666.gender,,F
15218.state,C,DC
6967.city,HAGRSTOWN,HAGERSTOWN
6329.lname,Fanzti,Fanti
13828.rate,.35,3.5
492.gender,,F
12798.singleexemp,***,0
13021.haschild,,Y
16932.marriedexemp,6200***,6200
15713.areacode,02,802
13469.rate,475,4.75
14813.gender,***,F
13393.marriedexemp,d6600,6600
4710.gender,***,M
968.singleexemp,m0,0
13694.singleexemp,***,0
6155.fname,Ancdrei,Andrei
18243.state,TC,CT
13013.city,GENWOOD,GLENWOOD
4225.phone,860-921,860-7921
1764.gender,,F
3935.state,Y,NY
10511.maritalstatus,***,M
13096.city,GREYBLUL,GREYBULL
14198.gender,,F
9393.haschild,sN,N
12047.areacode,055,505
12542.marriedexemp,***,0
